◇ injected env (0) from .env
Started HTTP and WebSocket JSON-RPC server at http://127.0.0.1:8545/

Accounts
========

WARNING: Funds sent on live network to accounts with publicly known private keys WILL BE LOST.

Account #0:  0xf39fd6e51aad88f6f4ce6ab8827279cfffb92266 (10000 ETH)
Private Key: 0xac0974bec39a17e36ba4a6b4d238ff944bacb478cbed5efcae784d7bf4f2ff80

Account #1:  0x70997970c51812dc3a010c7d01b50e0d17dc79c8 (10000 ETH)
Private Key: 0x59c6995e998f97a5a0044966f0945389dc9e86dae88c7a8412f4603b6b78690d

Account #2:  0x3c44cdddb6a900fa2b585dd299e03d12fa4293bc (10000 ETH)
Private Key: 0x5de4111afa1a4b94908f83103eb1f1706367c2e68ca870fc3fb9a804cdab365a

Account #3:  0x90f79bf6eb2c4f870365e785982e1f101e93b906 (10000 ETH)
Private Key: 0x7c852118294e51e653712a81e05800f419141751be58f605c371e15141b007a6

Account #4:  0x15d34aaf54267db7d7c367839aaf71a00a2c6a65 (10000 ETH)
Private Key: 0x47e179ec197488593b187f80a00eb0da91f1b9d0b13f8733639f19c30a34926a

Account #5:  0x9965507d1a55bcc2695c58ba16fb37d819b0a4dc (10000 ETH)
Private Key: 0x8b3a350cf5c34c9194ca85829a2df0ec3153be0318b5e2d3348e872092edffba

Account #6:  0x976ea74026e726554db657fa54763abd0c3a0aa9 (10000 ETH)
Private Key: 0x92db14e403b83dfe3df233f83dfa3a0d7096f21ca9b0d6d6b8d88b2b4ec1564e

Account #7:  0x14dc79964da2c08b23698b3d3cc7ca32193d9955 (10000 ETH)
Private Key: 0x4bbbf85ce3377467afe5d46f804f221813b2bb87f24d81f60f1fcdbf7cbf4356

Account #8:  0x23618e81e3f5cdf7f54c3d65f7fbc0abf5b21e8f (10000 ETH)
Private Key: 0xdbda1821b80551c9d65939329250298aa3472ba22feea921c0cf5d620ea67b97

Account #9:  0xa0ee7a142d267c1f36714e4a8f75612f20a79720 (10000 ETH)
Private Key: 0x2a871d0798f97d79848a013d4936a73bf4cc922c825d33c1cf7073dff6d409c6

Account #10: 0xbcd4042de499d14e55001ccbb24a551f3b954096 (10000 ETH)
Private Key: 0xf214f2b2cd398c806f84e317254e0f0b801d0643303237d97a22a48e01628897

Account #11: 0x71be63f3384f5fb98995898a86b02fb2426c5788 (10000 ETH)
Private Key: 0x701b615bbdfb9de65240bc28bd21bbc0d996645a3dd57e7b12bc2bdf6f192c82

Account #12: 0xfabb0ac9d68b0b445fb7357272ff202c5651694a (10000 ETH)
Private Key: 0xa267530f49f8280200edf313ee7af6b827f2a8bce2897751d06a843f644967b1

Account #13: 0x1cbd3b2770909d4e10f157cabc84c7264073c9ec (10000 ETH)
Private Key: 0x47c99abed3324a2707c28affff1267e45918ec8c3f20b8aa892e8b065d2942dd

Account #14: 0xdf3e18d64bc6a983f673ab319ccae4f1a57c7097 (10000 ETH)
Private Key: 0xc526ee95bf44d8fc405a158bb884d9d1238d99f0612e9f33d006bb0789009aaa

Account #15: 0xcd3b766ccdd6ae721141f452c550ca635964ce71 (10000 ETH)
Private Key: 0x8166f546bab6da521a8369cab06c5d2b9e46670292d85c875ee9ec20e84ffb61

Account #16: 0x2546bcd3c84621e976d8185a91a922ae77ecec30 (10000 ETH)
Private Key: 0xea6c44ac03bff858b476bba40716402b03e41b8e97e276d1baec7c37d42484a0

Account #17: 0xbda5747bfd65f08deb54cb465eb87d40e51b197e (10000 ETH)
Private Key: 0x689af8efa8c651a91ad287602527f3af2fe9f6501a7ac4b061667b5a93e037fd

Account #18: 0xdd2fd4581271e230360230f9337d5c0430bf44c0 (10000 ETH)
Private Key: 0xde9be858da4a475276426320d5e9262ecfc3ba460bfac56360bfa6c4c28b4ee0

Account #19: 0x8626f6940e2eb28930efb4cef49b2d1f2c9c1199 (10000 ETH)
Private Key: 0xdf57089febbacf7ba0bc227dafbffa9fc08a93fdc68e1e42411a14efcf23656e

WARNING: Funds sent on live network to accounts with publicly known private keys WILL BE LOST.

[32meth_chainId[0m
[32meth_accounts[0m
[32meth_accounts (2)[0m
[32meth_blockNumber[0m
[32meth_getBlockByNumber[0m
[32meth_feeHistory[0m
[32meth_maxPriorityFeePerGas[0m
[32meth_estimateGas[0m
[32meth_sendTransaction[0m
  Contract deployment: ClaimAuditTrail
  Contract address:    0x5fbdb2315678afecb367f032d93f642f64180aa3
  Transaction:         0x9b06e731d459425a8ee18044dd880adda2da9f6774583246bd0d23d10cce1a53
  From:                0xf39fd6e51aad88f6f4ce6ab8827279cfffb92266
  Value:               0 ETH
  Gas used:            1155063 of 1155063
  Block #1:            0x7582c5d9475517fcc7eedee22f0046324d0e5dd72171780c423d206e8e5f1dd4

[32meth_getTransactionByHash[0m
[32meth_getTransactionReceipt[0m
[32meth_chainId[0m
[32meth_blockNumber[0m
[32meth_blockNumber (2)[0m
[32meth_chainId[0m
[32meth_blockNumber[0m
[32meth_chainId[0m
[32meth_call[0m
  Contract call:       ClaimAuditTrail#getTrailLength
  From:                0xf39fd6e51aad88f6f4ce6ab8827279cfffb92266
  To:                  0x5fbdb2315678afecb367f032d93f642f64180aa3

[32meth_getTransactionCount[0m
[32meth_chainId[0m
[32meth_estimateGas[0m
[32meth_chainId[0m
[32meth_chainId (2)[0m
[32meth_getBlockByNumber[0m
[32meth_gasPrice[0m
[32meth_maxPriorityFeePerGas[0m
[32meth_chainId[0m
[32meth_blockNumber[0m
[32meth_sendRawTransaction[0m
  Contract call:       ClaimAuditTrail#sealClaimState
  Transaction:         0xb6b45a14f3e9c01fad00fb52306c6e8e38cdf960e0542dc811f57349924d839c
  From:                0xf39fd6e51aad88f6f4ce6ab8827279cfffb92266
  To:                  0x5fbdb2315678afecb367f032d93f642f64180aa3
  Value:               0 ETH
  Gas used:            232827 of 232827
  Block #2:            0x9d50eae58ee11dd9cb87d2d2c6ff25428cebd6bdeef6e1a76bcd3c8ea1bba0d8

[32meth_chainId[0m
[32meth_chainId (2)[0m
[32meth_getTransactionReceipt[0m
[32meth_getTransactionCount[0m
[32meth_chainId[0m
[32meth_estimateGas[0m
[32meth_chainId[0m
[32meth_chainId (2)[0m
[32meth_getBlockByNumber[0m
[32meth_gasPrice[0m
[32meth_maxPriorityFeePerGas[0m
[32meth_chainId[0m
[32meth_blockNumber[0m
[32meth_sendRawTransaction[0m
  Contract call:       ClaimAuditTrail#sealClaimState
  Transaction:         0x8d4df5bdf167664fec6cf00b579f7c2d3d8616d36a741f74acd01e9b69219a1d
  From:                0xf39fd6e51aad88f6f4ce6ab8827279cfffb92266
  To:                  0x5fbdb2315678afecb367f032d93f642f64180aa3
  Value:               0 ETH
  Gas used:            201295 of 201295
  Block #3:            0xb40e5ec94c3c3c8fce16478a3749ab1fdec0cab0273203e6247c19f54930290a

[32meth_chainId[0m
[32meth_chainId (2)[0m
[32meth_getTransactionReceipt[0m
[32meth_chainId[0m
[32meth_estimateGas[0m
[32meth_chainId[0m
[32meth_chainId (2)[0m
[32meth_chainId (3)[0m
[32meth_sendRawTransaction[0m
  Contract call:       ClaimAuditTrail#sealClaimState
  Transaction:         0x2a63797c59eaa16371ba3ee7f0d191d22ea0f390b401373c8a1afc0be9fbb5e7
  From:                0xf39fd6e51aad88f6f4ce6ab8827279cfffb92266
  To:                  0x5fbdb2315678afecb367f032d93f642f64180aa3
  Value:               0 ETH
  Gas used:            201463 of 201463
  Block #4:            0x21ae797532d780c4b4a2b0efdb8ef17cbf49772b0a675d44dd6bbf26feac4932

[32meth_chainId[0m
[32meth_chainId (2)[0m
[32meth_getTransactionReceipt[0m
[32meth_chainId[0m
[32meth_call[0m
  Contract call:       ClaimAuditTrail#getTrailLength
  From:                0xf39fd6e51aad88f6f4ce6ab8827279cfffb92266
  To:                  0x5fbdb2315678afecb367f032d93f642f64180aa3

[32meth_getTransactionCount[0m
[32meth_chainId[0m
[32meth_estimateGas[0m
[32meth_chainId[0m
[32meth_chainId (2)[0m
[32meth_getBlockByNumber[0m
[32meth_gasPrice[0m
[32meth_maxPriorityFeePerGas[0m
[32meth_chainId[0m
[32meth_blockNumber[0m
[32meth_sendRawTransaction[0m
  Contract call:       ClaimAuditTrail#sealClaimState
  Transaction:         0x03ca9d24bcbb31446a4d88e9fa8de7668ee7ea149cedb2603aaa2ed4018e23c4
  From:                0xf39fd6e51aad88f6f4ce6ab8827279cfffb92266
  To:                  0x5fbdb2315678afecb367f032d93f642f64180aa3
  Value:               0 ETH
  Gas used:            215739 of 215739
  Block #5:            0x7589ef50d03d35bf04b81ab242bb51556904609ab767d38909398d939792bb53

[32meth_chainId[0m
[32meth_chainId (2)[0m
[32meth_getTransactionReceipt[0m
[32meth_getTransactionCount[0m
[32meth_chainId[0m
[32meth_estimateGas[0m
[32meth_chainId[0m
[32meth_chainId (2)[0m
[32meth_getBlockByNumber[0m
[32meth_gasPrice[0m
[32meth_maxPriorityFeePerGas[0m
[32meth_chainId[0m
[32meth_blockNumber[0m
[32meth_sendRawTransaction[0m
  Contract call:       ClaimAuditTrail#sealClaimState
  Transaction:         0x72f19d312cf60403396c60ac96fa7801ab77f05b59f783f3603c898b00cbd3ef
  From:                0xf39fd6e51aad88f6f4ce6ab8827279cfffb92266
  To:                  0x5fbdb2315678afecb367f032d93f642f64180aa3
  Value:               0 ETH
  Gas used:            201479 of 201479
  Block #6:            0x7dc417f559a7bff51ffc44ff0c75aab70e6ef6d3607783f8e550d2fe71f06340

[32meth_chainId[0m
[32meth_chainId (2)[0m
[32meth_getTransactionReceipt[0m
[32meth_chainId[0m
[32meth_call[0m
  Contract call:       ClaimAuditTrail#getTrailLength
  From:                0xf39fd6e51aad88f6f4ce6ab8827279cfffb92266
  To:                  0x5fbdb2315678afecb367f032d93f642f64180aa3

[32meth_getTransactionCount[0m
[32meth_chainId[0m
[32meth_estimateGas[0m
[32meth_chainId[0m
[32meth_chainId (2)[0m
[32meth_getBlockByNumber[0m
[32meth_gasPrice[0m
[32meth_maxPriorityFeePerGas[0m
[32meth_chainId[0m
[32meth_blockNumber[0m
[32meth_sendRawTransaction[0m
  Contract call:       ClaimAuditTrail#sealClaimState
  Transaction:         0xfb58f50c0988903cf9305ef9e8bccc10399b478e2f5026eaa1add41e75ece77c
  From:                0xf39fd6e51aad88f6f4ce6ab8827279cfffb92266
  To:                  0x5fbdb2315678afecb367f032d93f642f64180aa3
  Value:               0 ETH
  Gas used:            215739 of 215739
  Block #7:            0x64cff53be3a2ab8efbdc8f12521517643072835a0d80c2d8c6d6ba0c082abb7f

[32meth_chainId[0m
[32meth_chainId (2)[0m
[32meth_getTransactionReceipt[0m
[32meth_getTransactionCount[0m
[32meth_chainId[0m
[32meth_estimateGas[0m
[32meth_chainId[0m
[32meth_chainId (2)[0m
[32meth_getBlockByNumber[0m
[32meth_gasPrice[0m
[32meth_maxPriorityFeePerGas[0m
[32meth_chainId[0m
[32meth_blockNumber[0m
[32meth_sendRawTransaction[0m
  Contract call:       ClaimAuditTrail#sealClaimState
  Transaction:         0xb7506fa1074e1238d83ec4457739960b63961b6066ed8fda418702e479e7f5fb
  From:                0xf39fd6e51aad88f6f4ce6ab8827279cfffb92266
  To:                  0x5fbdb2315678afecb367f032d93f642f64180aa3
  Value:               0 ETH
  Gas used:            201355 of 201355
  Block #8:            0xe25121b098ca680487259659a2dfa1751a3bb37d5592e9d364e58aaebe708379

[32meth_chainId[0m
[32meth_chainId (2)[0m
[32meth_getTransactionReceipt[0m
[32meth_getTransactionCount[0m
[32meth_chainId[0m
[32meth_estimateGas[0m
[32meth_chainId[0m
[32meth_chainId (2)[0m
[32meth_getBlockByNumber[0m
[32meth_gasPrice[0m
[32meth_maxPriorityFeePerGas[0m
[32meth_chainId[0m
[32meth_blockNumber[0m
[32meth_sendRawTransaction[0m
  Contract call:       ClaimAuditTrail#sealClaimState
  Transaction:         0xa891c021091c96d29f37d98641c174557b4f937892d137f9694cc754f09bd206
  From:                0xf39fd6e51aad88f6f4ce6ab8827279cfffb92266
  To:                  0x5fbdb2315678afecb367f032d93f642f64180aa3
  Value:               0 ETH
  Gas used:            223968 of 223968
  Block #9:            0x880dccf607f7ac3b12374d1cf70790f9f25d6ca44e12742eaf6b33cfa90d54d3

[32meth_chainId[0m
[32meth_chainId (2)[0m
[32meth_getTransactionReceipt[0m
[32meth_chainId[0m
[32meth_call[0m
  Contract call:       ClaimAuditTrail#getTrailLength
  From:                0xf39fd6e51aad88f6f4ce6ab8827279cfffb92266
  To:                  0x5fbdb2315678afecb367f032d93f642f64180aa3

[32meth_getTransactionCount[0m
[32meth_chainId[0m
[32meth_estimateGas[0m
[32meth_chainId[0m
[32meth_chainId (2)[0m
[32meth_getBlockByNumber[0m
[32meth_gasPrice[0m
[32meth_maxPriorityFeePerGas[0m
[32meth_chainId[0m
[32meth_blockNumber[0m
[32meth_sendRawTransaction[0m
  Contract call:       ClaimAuditTrail#sealClaimState
  Transaction:         0x40befcc1040fda18bd3bd300e9d0a679e549123f81822e6f93684088971efd79
  From:                0xf39fd6e51aad88f6f4ce6ab8827279cfffb92266
  To:                  0x5fbdb2315678afecb367f032d93f642f64180aa3
  Value:               0 ETH
  Gas used:            215739 of 215739
  Block #10:           0xa452a7139bf14bfee6ffc9d641d5bcddb8d45426e2ade880900944d15bf6bc3b

[32meth_chainId[0m
[32meth_chainId (2)[0m
[32meth_getTransactionReceipt[0m
[32meth_chainId[0m
[32meth_call[0m
  Contract call:       ClaimAuditTrail#getAuditTrail
  From:                0xf39fd6e51aad88f6f4ce6ab8827279cfffb92266
  To:                  0x5fbdb2315678afecb367f032d93f642f64180aa3

[32meth_chainId[0m
[32meth_call[0m
  Contract call:       ClaimAuditTrail#verifyTrail
  From:                0xf39fd6e51aad88f6f4ce6ab8827279cfffb92266
  To:                  0x5fbdb2315678afecb367f032d93f642f64180aa3

[32meth_chainId[0m
[32meth_call[0m
  Contract call:       ClaimAuditTrail#totalRecords
  From:                0xf39fd6e51aad88f6f4ce6ab8827279cfffb92266
  To:                  0x5fbdb2315678afecb367f032d93f642f64180aa3

[32meth_call[0m
  Contract call:       ClaimAuditTrail#totalRecords
  From:                0xf39fd6e51aad88f6f4ce6ab8827279cfffb92266
  To:                  0x5fbdb2315678afecb367f032d93f642f64180aa3

[32meth_chainId[0m
[32meth_call[0m
  Contract call:       ClaimAuditTrail#getAuditTrail
  From:                0xf39fd6e51aad88f6f4ce6ab8827279cfffb92266
  To:                  0x5fbdb2315678afecb367f032d93f642f64180aa3

[32meth_chainId[0m
[32meth_call[0m
  Contract call:       ClaimAuditTrail#verifyTrail
  From:                0xf39fd6e51aad88f6f4ce6ab8827279cfffb92266
  To:                  0x5fbdb2315678afecb367f032d93f642f64180aa3

[32meth_chainId[0m
[32meth_call[0m
  Contract call:       ClaimAuditTrail#totalRecords
  From:                0xf39fd6e51aad88f6f4ce6ab8827279cfffb92266
  To:                  0x5fbdb2315678afecb367f032d93f642f64180aa3

[32meth_call[0m
  Contract call:       ClaimAuditTrail#totalRecords
  From:                0xf39fd6e51aad88f6f4ce6ab8827279cfffb92266
  To:                  0x5fbdb2315678afecb367f032d93f642f64180aa3

[32meth_chainId[0m
[32meth_blockNumber[0m
[32meth_accounts[0m
[32meth_chainId[0m
[32meth_accounts[0m
[32meth_call[0m
  Contract call:       ClaimAuditTrail#totalRecords
  From:                0xf39fd6e51aad88f6f4ce6ab8827279cfffb92266
  To:                  0x5fbdb2315678afecb367f032d93f642f64180aa3

[32meth_call[0m
  Contract call:       ClaimAuditTrail#totalRecords
  From:                0xf39fd6e51aad88f6f4ce6ab8827279cfffb92266
  To:                  0x5fbdb2315678afecb367f032d93f642f64180aa3

[32meth_chainId[0m
[32meth_call[0m
  Contract call:       ClaimAuditTrail#getAuditTrail
  From:                0xf39fd6e51aad88f6f4ce6ab8827279cfffb92266
  To:                  0x5fbdb2315678afecb367f032d93f642f64180aa3

[32meth_chainId[0m
[32meth_call[0m
  Contract call:       ClaimAuditTrail#verifyTrail
  From:                0xf39fd6e51aad88f6f4ce6ab8827279cfffb92266
  To:                  0x5fbdb2315678afecb367f032d93f642f64180aa3

[32meth_chainId[0m
[32meth_call[0m
  Contract call:       ClaimAuditTrail#totalRecords
  From:                0xf39fd6e51aad88f6f4ce6ab8827279cfffb92266
  To:                  0x5fbdb2315678afecb367f032d93f642f64180aa3

[32meth_call[0m
  Contract call:       ClaimAuditTrail#totalRecords
  From:                0xf39fd6e51aad88f6f4ce6ab8827279cfffb92266
  To:                  0x5fbdb2315678afecb367f032d93f642f64180aa3

[32meth_chainId[0m
[32meth_call[0m
  Contract call:       ClaimAuditTrail#getAuditTrail
  From:                0xf39fd6e51aad88f6f4ce6ab8827279cfffb92266
  To:                  0x5fbdb2315678afecb367f032d93f642f64180aa3

[32meth_chainId[0m
[32meth_call[0m
  Contract call:       ClaimAuditTrail#verifyTrail
  From:                0xf39fd6e51aad88f6f4ce6ab8827279cfffb92266
  To:                  0x5fbdb2315678afecb367f032d93f642f64180aa3

[32meth_chainId[0m
[32meth_call[0m
  Contract call:       ClaimAuditTrail#totalRecords
  From:                0xf39fd6e51aad88f6f4ce6ab8827279cfffb92266
  To:                  0x5fbdb2315678afecb367f032d93f642f64180aa3

[32meth_call[0m
  Contract call:       ClaimAuditTrail#totalRecords
  From:                0xf39fd6e51aad88f6f4ce6ab8827279cfffb92266
  To:                  0x5fbdb2315678afecb367f032d93f642f64180aa3

[32meth_chainId[0m
[32meth_call[0m
  Contract call:       ClaimAuditTrail#getAuditTrail
  From:                0xf39fd6e51aad88f6f4ce6ab8827279cfffb92266
  To:                  0x5fbdb2315678afecb367f032d93f642f64180aa3

[32meth_chainId[0m
[32meth_call[0m
  Contract call:       ClaimAuditTrail#verifyTrail
  From:                0xf39fd6e51aad88f6f4ce6ab8827279cfffb92266
  To:                  0x5fbdb2315678afecb367f032d93f642f64180aa3

[32meth_chainId[0m
[32meth_call[0m
  Contract call:       ClaimAuditTrail#totalRecords
  From:                0xf39fd6e51aad88f6f4ce6ab8827279cfffb92266
  To:                  0x5fbdb2315678afecb367f032d93f642f64180aa3

[32meth_call[0m
  Contract call:       ClaimAuditTrail#totalRecords
  From:                0xf39fd6e51aad88f6f4ce6ab8827279cfffb92266
  To:                  0x5fbdb2315678afecb367f032d93f642f64180aa3

[32meth_chainId[0m
[32meth_call[0m
  Contract call:       ClaimAuditTrail#getAuditTrail
  From:                0xf39fd6e51aad88f6f4ce6ab8827279cfffb92266
  To:                  0x5fbdb2315678afecb367f032d93f642f64180aa3

[32meth_chainId[0m
[32meth_call[0m
  Contract call:       ClaimAuditTrail#verifyTrail
  From:                0xf39fd6e51aad88f6f4ce6ab8827279cfffb92266
  To:                  0x5fbdb2315678afecb367f032d93f642f64180aa3

[32meth_chainId[0m
[32meth_call[0m
  Contract call:       ClaimAuditTrail#totalRecords
  From:                0xf39fd6e51aad88f6f4ce6ab8827279cfffb92266
  To:                  0x5fbdb2315678afecb367f032d93f642f64180aa3

[32meth_call[0m
  Contract call:       ClaimAuditTrail#totalRecords
  From:                0xf39fd6e51aad88f6f4ce6ab8827279cfffb92266
  To:                  0x5fbdb2315678afecb367f032d93f642f64180aa3

[32meth_chainId[0m
[32meth_call[0m
  Contract call:       ClaimAuditTrail#getAuditTrail
  From:                0xf39fd6e51aad88f6f4ce6ab8827279cfffb92266
  To:                  0x5fbdb2315678afecb367f032d93f642f64180aa3

[32meth_chainId[0m
[32meth_call[0m
  Contract call:       ClaimAuditTrail#verifyTrail
  From:                0xf39fd6e51aad88f6f4ce6ab8827279cfffb92266
  To:                  0x5fbdb2315678afecb367f032d93f642f64180aa3

[32meth_chainId[0m
[32meth_blockNumber[0m
[32meth_chainId[0m
[32meth_blockNumber[0m
[32meth_chainId[0m
[32meth_blockNumber[0m
[32meth_chainId[0m
[32meth_blockNumber[0m
[32meth_chainId[0m
[32meth_blockNumber[0m
[32meth_chainId[0m
[32meth_blockNumber[0m
[32meth_chainId[0m
[32meth_blockNumber[0m
[32meth_chainId[0m
[32meth_blockNumber[0m
[32meth_chainId[0m
[32meth_blockNumber[0m
[32meth_chainId[0m
[32meth_blockNumber[0m
[32meth_chainId[0m
[32meth_blockNumber[0m
[32meth_chainId[0m
[32meth_blockNumber[0m
[32meth_chainId[0m
[32meth_accounts[0m
[32meth_accounts (2)[0m
[32meth_blockNumber[0m
[32meth_getBlockByNumber[0m
[32meth_feeHistory[0m
[32meth_estimateGas[0m
[32meth_sendTransaction[0m
  Contract deployment: <UnrecognizedContract>
  Contract address:    0x610178da211fef7d417bc0e6fed39f05609ad788
  Transaction:         0xc4bee2a86c379f7645640728ce50df507adf0a64fe0dbc9c66522062505cd397
  From:                0xf39fd6e51aad88f6f4ce6ab8827279cfffb92266
  Value:               0 ETH
  Gas used:            1155063 of 1155063
  Block #11:           0x0355935ec583377002540b60e483fb24f53eba681ba44338fd1ca8069689c1b3

[32meth_getTransactionByHash[0m
[32meth_getTransactionReceipt[0m
[32meth_chainId[0m
[32meth_blockNumber[0m
[32meth_chainId[0m
[32meth_call[0m
  Contract call:       ClaimAuditTrail#totalRecords
  From:                0xf39fd6e51aad88f6f4ce6ab8827279cfffb92266
  To:                  0x5fbdb2315678afecb367f032d93f642f64180aa3

[32meth_chainId[0m
[32meth_blockNumber[0m
[32meth_chainId[0m
[32meth_call[0m
  Contract call:       <UnrecognizedContract>
  From:                0xf39fd6e51aad88f6f4ce6ab8827279cfffb92266
  To:                  0x610178da211fef7d417bc0e6fed39f05609ad788

[32meth_getTransactionCount[0m
[32meth_chainId[0m
[32meth_estimateGas[0m
[32meth_chainId[0m
[32meth_chainId (2)[0m
[32meth_getBlockByNumber[0m
[32meth_gasPrice[0m
[32meth_maxPriorityFeePerGas[0m
[32meth_chainId[0m
[32meth_blockNumber[0m
[32meth_sendRawTransaction[0m
  Contract call:       <UnrecognizedContract>
  Transaction:         0x0d46b938aebdf2a4527aba4f258d1214f44f3e5240e5a7dc37307d8fa237faa8
  From:                0xf39fd6e51aad88f6f4ce6ab8827279cfffb92266
  To:                  0x610178da211fef7d417bc0e6fed39f05609ad788
  Value:               0 ETH
  Gas used:            232827 of 232827
  Block #12:           0x365b11ea8d99fd9c86ee2426103633b773de5c66dbfc1264896eb6c850823ddf

[32meth_chainId[0m
[32meth_chainId (2)[0m
[32meth_getTransactionReceipt[0m
[32meth_getTransactionCount[0m
[32meth_chainId[0m
[32meth_estimateGas[0m
[32meth_chainId[0m
[32meth_chainId (2)[0m
[32meth_getBlockByNumber[0m
[32meth_gasPrice[0m
[32meth_maxPriorityFeePerGas[0m
[32meth_chainId[0m
[32meth_blockNumber[0m
[32meth_sendRawTransaction[0m
  Contract call:       <UnrecognizedContract>
  Transaction:         0xe7535fd5c489aaeb69055bacc71bd39e7ffec8e0dee7df11867fa81131fa98da
  From:                0xf39fd6e51aad88f6f4ce6ab8827279cfffb92266
  To:                  0x610178da211fef7d417bc0e6fed39f05609ad788
  Value:               0 ETH
  Gas used:            201295 of 201295
  Block #13:           0x8e3fd314fe42459ef6d4b033788690e8cf0bb53beea5f1244ed7133211535c57

[32meth_chainId[0m
[32meth_chainId (2)[0m
[32meth_getTransactionReceipt[0m
[32meth_getTransactionCount[0m
[32meth_chainId[0m
[32meth_estimateGas[0m
[32meth_chainId[0m
[32meth_chainId (2)[0m
[32meth_chainId (3)[0m
[32meth_sendRawTransaction[0m
  Contract call:       <UnrecognizedContract>
  Transaction:         0x65f0db484d5ee7264ea297249f671fed6d89e7c08518b46584b7e0a7b2fd912d
  From:                0xf39fd6e51aad88f6f4ce6ab8827279cfffb92266
  To:                  0x610178da211fef7d417bc0e6fed39f05609ad788
  Value:               0 ETH
  Gas used:            201463 of 201463
  Block #14:           0x86349845969d1959642b154566afe49e53fb63835d89699445f4d2a5e23bd2ba

[32meth_chainId[0m
[32meth_chainId (2)[0m
[32meth_getTransactionReceipt[0m
[32meth_chainId[0m
[32meth_call[0m
  Contract call:       <UnrecognizedContract>
  From:                0xf39fd6e51aad88f6f4ce6ab8827279cfffb92266
  To:                  0x610178da211fef7d417bc0e6fed39f05609ad788

[32meth_chainId[0m
[32meth_estimateGas[0m
[32meth_chainId[0m
[32meth_chainId (2)[0m
[32meth_getBlockByNumber[0m
[32meth_gasPrice[0m
[32meth_maxPriorityFeePerGas[0m
[32meth_chainId[0m
[32meth_blockNumber[0m
[32meth_sendRawTransaction[0m
  Contract call:       <UnrecognizedContract>
  Transaction:         0x26ee889d1a4c89b0c53f9282077cd67921dc29208d0ff5885b62976b7b029c4b
  From:                0xf39fd6e51aad88f6f4ce6ab8827279cfffb92266
  To:                  0x610178da211fef7d417bc0e6fed39f05609ad788
  Value:               0 ETH
  Gas used:            215739 of 215739
  Block #15:           0x4ea38185213ba85788b363908f58a37b843f24769357d581e7ef2bfcf7f8494d

[32meth_chainId[0m
[32meth_chainId (2)[0m
[32meth_getTransactionReceipt[0m
[32meth_getTransactionCount[0m
[32meth_chainId[0m
[32meth_estimateGas[0m
[32meth_chainId[0m
[32meth_chainId (2)[0m
[32meth_getBlockByNumber[0m
[32meth_gasPrice[0m
[32meth_maxPriorityFeePerGas[0m
[32meth_chainId[0m
[32meth_blockNumber[0m
[32meth_sendRawTransaction[0m
  Contract call:       <UnrecognizedContract>
  Transaction:         0xe28bfaeea95dd33b59903aeea96d3f0054222a929f9c5bf987af95b09b1242c8
  From:                0xf39fd6e51aad88f6f4ce6ab8827279cfffb92266
  To:                  0x610178da211fef7d417bc0e6fed39f05609ad788
  Value:               0 ETH
  Gas used:            201479 of 201479
  Block #16:           0x92580cb581e644fcb510cf16052a29889b8173ce603970f64cc3e3ed2e8aebe0

[32meth_chainId[0m
[32meth_chainId (2)[0m
[32meth_getTransactionReceipt[0m
[32meth_chainId[0m
[32meth_call[0m
  Contract call:       <UnrecognizedContract>
  From:                0xf39fd6e51aad88f6f4ce6ab8827279cfffb92266
  To:                  0x610178da211fef7d417bc0e6fed39f05609ad788

[32meth_getTransactionCount[0m
[32meth_chainId[0m
[32meth_estimateGas[0m
[32meth_chainId[0m
[32meth_chainId (2)[0m
[32meth_getBlockByNumber[0m
[32meth_gasPrice[0m
[32meth_maxPriorityFeePerGas[0m
[32meth_chainId[0m
[32meth_blockNumber[0m
[32meth_sendRawTransaction[0m
  Contract call:       <UnrecognizedContract>
  Transaction:         0x478da6e8c2d43bf0fb996668d651ab3f9f8c953833535f6e2e0942dd9cd9cc8e
  From:                0xf39fd6e51aad88f6f4ce6ab8827279cfffb92266
  To:                  0x610178da211fef7d417bc0e6fed39f05609ad788
  Value:               0 ETH
  Gas used:            215739 of 215739
  Block #17:           0xdd6af0e48d1c69d9e9c89a4e3de3521293d4fd0a1912feb32278b233346550e5

[32meth_chainId[0m
[32meth_chainId (2)[0m
[32meth_getTransactionReceipt[0m
[32meth_getTransactionCount[0m
[32meth_chainId[0m
[32meth_estimateGas[0m
[32meth_chainId[0m
[32meth_chainId (2)[0m
[32meth_getBlockByNumber[0m
[32meth_gasPrice[0m
[32meth_maxPriorityFeePerGas[0m
[32meth_chainId[0m
[32meth_blockNumber[0m
[32meth_sendRawTransaction[0m
  Contract call:       <UnrecognizedContract>
  Transaction:         0x730f73bd1b7838a5780b01ca197521383b0f207b1566d3bac936e7aedb185d07
  From:                0xf39fd6e51aad88f6f4ce6ab8827279cfffb92266
  To:                  0x610178da211fef7d417bc0e6fed39f05609ad788
  Value:               0 ETH
  Gas used:            201355 of 201355
  Block #18:           0x9c400679b7ef6f9a69043a896b38356ccb52dd280904607d11e60acc0ffddb3f

[32meth_chainId[0m
[32meth_chainId (2)[0m
[32meth_getTransactionReceipt[0m
[32meth_chainId[0m
[32meth_estimateGas[0m
[32meth_chainId[0m
[32meth_chainId (2)[0m
[32meth_chainId (3)[0m
[32meth_sendRawTransaction[0m
  Contract call:       <UnrecognizedContract>
  Transaction:         0x0fc1255d3c28750924821969f97d8b55867d685f6ab67b414e47a946f7044ea7
  From:                0xf39fd6e51aad88f6f4ce6ab8827279cfffb92266
  To:                  0x610178da211fef7d417bc0e6fed39f05609ad788
  Value:               0 ETH
  Gas used:            223968 of 223968
  Block #19:           0x69236b69688ed5c06874fc227888dda83ad638c429350c7e1bcdbf1848ca7d09

[32meth_chainId[0m
[32meth_chainId (2)[0m
[32meth_getTransactionReceipt[0m
[32meth_chainId[0m
[32meth_call[0m
  Contract call:       <UnrecognizedContract>
  From:                0xf39fd6e51aad88f6f4ce6ab8827279cfffb92266
  To:                  0x610178da211fef7d417bc0e6fed39f05609ad788

[32meth_getTransactionCount[0m
[32meth_chainId[0m
[32meth_estimateGas[0m
[32meth_chainId[0m
[32meth_chainId (2)[0m
[32meth_getBlockByNumber[0m
[32meth_gasPrice[0m
[32meth_maxPriorityFeePerGas[0m
[32meth_chainId[0m
[32meth_blockNumber[0m
[32meth_sendRawTransaction[0m
  Contract call:       <UnrecognizedContract>
  Transaction:         0x1fc8706dced2a50420e72c10db34767b4b697271391a08d54c2ee336ffa7f9f7
  From:                0xf39fd6e51aad88f6f4ce6ab8827279cfffb92266
  To:                  0x610178da211fef7d417bc0e6fed39f05609ad788
  Value:               0 ETH
  Gas used:            215739 of 215739
  Block #20:           0x8dc451ee55176b70f2ec14a8bc0ebb553252611dfc64a953ee0b72fde669beb0

[32meth_chainId[0m
[32meth_chainId (2)[0m
[32meth_getTransactionReceipt[0m
[32meth_chainId[0m
[32meth_call[0m
  Contract call:       ClaimAuditTrail#totalRecords
  From:                0xf39fd6e51aad88f6f4ce6ab8827279cfffb92266
  To:                  0x5fbdb2315678afecb367f032d93f642f64180aa3

[32meth_chainId[0m
[32meth_call[0m
  Contract call:       ClaimAuditTrail#totalRecords
  From:                0xf39fd6e51aad88f6f4ce6ab8827279cfffb92266
  To:                  0x5fbdb2315678afecb367f032d93f642f64180aa3

[32meth_chainId[0m
[32meth_blockNumber[0m
[32meth_chainId[0m
[32meth_call[0m
  Contract call:       <UnrecognizedContract>
  From:                0xf39fd6e51aad88f6f4ce6ab8827279cfffb92266
  To:                  0x610178da211fef7d417bc0e6fed39f05609ad788

[32meth_chainId[0m
[32meth_call[0m
  Contract call:       <UnrecognizedContract>
  From:                0xf39fd6e51aad88f6f4ce6ab8827279cfffb92266
  To:                  0x610178da211fef7d417bc0e6fed39f05609ad788

[32meth_chainId[0m
[32meth_call[0m
  Contract call:       <UnrecognizedContract>
  From:                0xf39fd6e51aad88f6f4ce6ab8827279cfffb92266
  To:                  0x610178da211fef7d417bc0e6fed39f05609ad788

[32meth_chainId[0m
[32meth_call[0m
  Contract call:       <UnrecognizedContract>
  From:                0xf39fd6e51aad88f6f4ce6ab8827279cfffb92266
  To:                  0x610178da211fef7d417bc0e6fed39f05609ad788

[32meth_chainId[0m
[32meth_call[0m
  Contract call:       <UnrecognizedContract>
  From:                0xf39fd6e51aad88f6f4ce6ab8827279cfffb92266
  To:                  0x610178da211fef7d417bc0e6fed39f05609ad788

[32meth_chainId[0m
[32meth_call[0m
  Contract call:       <UnrecognizedContract>
  From:                0xf39fd6e51aad88f6f4ce6ab8827279cfffb92266
  To:                  0x610178da211fef7d417bc0e6fed39f05609ad788

[32meth_chainId[0m
[32meth_call[0m
  Contract call:       <UnrecognizedContract>
  From:                0xf39fd6e51aad88f6f4ce6ab8827279cfffb92266
  To:                  0x610178da211fef7d417bc0e6fed39f05609ad788

[32meth_chainId[0m
[32meth_call[0m
  Contract call:       <UnrecognizedContract>
  From:                0xf39fd6e51aad88f6f4ce6ab8827279cfffb92266
  To:                  0x610178da211fef7d417bc0e6fed39f05609ad788

[32meth_chainId[0m
[32meth_call[0m
  Contract call:       <UnrecognizedContract>
  From:                0xf39fd6e51aad88f6f4ce6ab8827279cfffb92266
  To:                  0x610178da211fef7d417bc0e6fed39f05609ad788

[32meth_getTransactionCount[0m
[32meth_chainId[0m
[32meth_estimateGas[0m
[32meth_chainId[0m
[32meth_chainId (2)[0m
[32meth_getBlockByNumber[0m
[32meth_gasPrice[0m
[32meth_maxPriorityFeePerGas[0m
[32meth_chainId[0m
[32meth_blockNumber[0m
[32meth_sendRawTransaction[0m
  Contract call:       <UnrecognizedContract>
  Transaction:         0x50956c3f0bb9afe2b9327b5181ab53eb3ea0e15860ba47a5a606cf51a4fb4251
  From:                0xf39fd6e51aad88f6f4ce6ab8827279cfffb92266
  To:                  0x610178da211fef7d417bc0e6fed39f05609ad788
  Value:               0 ETH
  Gas used:            215811 of 215811
  Block #21:           0x8d400c468aa162f7adeb272d92698f3e6ae24f8d9ff440b864f08c8b714661d7

[32meth_chainId[0m
[32meth_chainId (2)[0m
[32meth_getTransactionReceipt[0m
[32meth_getTransactionCount[0m
[32meth_chainId[0m
[32meth_estimateGas[0m
[32meth_chainId[0m
[32meth_chainId (2)[0m
[32meth_getBlockByNumber[0m
[32meth_gasPrice[0m
[32meth_maxPriorityFeePerGas[0m
[32meth_chainId[0m
[32meth_blockNumber[0m
[32meth_sendRawTransaction[0m
  Contract call:       <UnrecognizedContract>
  Transaction:         0x5b1a524840799942bce0573b9cf89f280471c522d517fd9854e5b7b0f7a3c82d
  From:                0xf39fd6e51aad88f6f4ce6ab8827279cfffb92266
  To:                  0x610178da211fef7d417bc0e6fed39f05609ad788
  Value:               0 ETH
  Gas used:            201307 of 201307
  Block #22:           0x8ed3e9322c72c592905df01efc761bf9a32b5ba0bf734d5e26c45110bdca69ed

[32meth_chainId[0m
[32meth_chainId (2)[0m
[32meth_getTransactionReceipt[0m
[32meth_getTransactionCount[0m
[32meth_chainId[0m
[32meth_estimateGas[0m
[32meth_chainId[0m
[32meth_chainId (2)[0m
[32meth_getBlockByNumber[0m
[32meth_gasPrice[0m
[32meth_maxPriorityFeePerGas[0m
[32meth_chainId[0m
[32meth_blockNumber[0m
[32meth_sendRawTransaction[0m
  Contract call:       <UnrecognizedContract>
  Transaction:         0x8cf7787e3fd17f15bc7bb0addc72838f83c72c7a7e4ba8c21a1444b1f766a1e2
  From:                0xf39fd6e51aad88f6f4ce6ab8827279cfffb92266
  To:                  0x610178da211fef7d417bc0e6fed39f05609ad788
  Value:               0 ETH
  Gas used:            215799 of 215799
  Block #23:           0x5465707b7e4c169af6bb8d8c40f92876df4d4dfbaba6d218f4157b56730f9e18

[32meth_chainId[0m
[32meth_chainId (2)[0m
[32meth_getTransactionReceipt[0m
[32meth_getTransactionCount[0m
[32meth_chainId[0m
[32meth_estimateGas[0m
[32meth_chainId[0m
[32meth_chainId (2)[0m
[32meth_getBlockByNumber[0m
[32meth_gasPrice[0m
[32meth_maxPriorityFeePerGas[0m
[32meth_chainId[0m
[32meth_blockNumber[0m
[32meth_sendRawTransaction[0m
  Contract call:       <UnrecognizedContract>
  Transaction:         0x5442687b461fa5c1de2048fd6d12b1d3263383e1422c24c4b3bfe648898f2f8e
  From:                0xf39fd6e51aad88f6f4ce6ab8827279cfffb92266
  To:                  0x610178da211fef7d417bc0e6fed39f05609ad788
  Value:               0 ETH
  Gas used:            223980 of 223980
  Block #24:           0x26a5d606ce7a73ef54065a1cc5bde10aaee943893030baea0cd71ea789ac4b86

[32meth_chainId[0m
[32meth_chainId (2)[0m
[32meth_getTransactionReceipt[0m
[32meth_chainId[0m
[32meth_blockNumber[0m
[32meth_chainId[0m
[32meth_blockNumber[0m
[32meth_chainId[0m
[32meth_blockNumber[0m
[32meth_chainId[0m
[32meth_call[0m
  Contract call:       <UnrecognizedContract>
  From:                0xf39fd6e51aad88f6f4ce6ab8827279cfffb92266
  To:                  0x610178da211fef7d417bc0e6fed39f05609ad788

[32meth_chainId[0m
[32meth_call[0m
  Contract call:       <UnrecognizedContract>
  From:                0xf39fd6e51aad88f6f4ce6ab8827279cfffb92266
  To:                  0x610178da211fef7d417bc0e6fed39f05609ad788

[32meth_chainId[0m
[32meth_call[0m
  Contract call:       <UnrecognizedContract>
  From:                0xf39fd6e51aad88f6f4ce6ab8827279cfffb92266
  To:                  0x610178da211fef7d417bc0e6fed39f05609ad788

[32meth_chainId[0m
[32meth_call[0m
  Contract call:       <UnrecognizedContract>
  From:                0xf39fd6e51aad88f6f4ce6ab8827279cfffb92266
  To:                  0x610178da211fef7d417bc0e6fed39f05609ad788

[32meth_chainId[0m
[32meth_call[0m
  Contract call:       <UnrecognizedContract>
  From:                0xf39fd6e51aad88f6f4ce6ab8827279cfffb92266
  To:                  0x610178da211fef7d417bc0e6fed39f05609ad788

[32meth_getTransactionCount[0m
[32meth_chainId[0m
[32meth_estimateGas[0m
[32meth_chainId[0m
[32meth_chainId (2)[0m
[32meth_getBlockByNumber[0m
[32meth_gasPrice[0m
[32meth_maxPriorityFeePerGas[0m
[32meth_chainId[0m
[32meth_blockNumber[0m
[32meth_sendRawTransaction[0m
  Contract call:       <UnrecognizedContract>
  Transaction:         0xa0e4cc3dc9e609e5527bcb4ef1f0152a793308456f4463525e6cab7fe472a23a
  From:                0xf39fd6e51aad88f6f4ce6ab8827279cfffb92266
  To:                  0x610178da211fef7d417bc0e6fed39f05609ad788
  Value:               0 ETH
  Gas used:            314768 of 314768
  Block #25:           0x6dd5c8e94e4e54b2c80c9371a55f258b563e8ed2287a2194e12d551ca58b8ef9

[32meth_chainId[0m
[32meth_chainId (2)[0m
[32meth_getTransactionReceipt[0m
[32meth_chainId[0m
[32meth_call[0m
  Contract call:       <UnrecognizedContract>
  From:                0xf39fd6e51aad88f6f4ce6ab8827279cfffb92266
  To:                  0x610178da211fef7d417bc0e6fed39f05609ad788

[32meth_chainId[0m
[32meth_call[0m
  Contract call:       <UnrecognizedContract>
  From:                0xf39fd6e51aad88f6f4ce6ab8827279cfffb92266
  To:                  0x610178da211fef7d417bc0e6fed39f05609ad788

[32meth_chainId[0m
[32meth_call[0m
  Contract call:       <UnrecognizedContract>
  From:                0xf39fd6e51aad88f6f4ce6ab8827279cfffb92266
  To:                  0x610178da211fef7d417bc0e6fed39f05609ad788

[32meth_chainId[0m
[32meth_call[0m
  Contract call:       <UnrecognizedContract>
  From:                0xf39fd6e51aad88f6f4ce6ab8827279cfffb92266
  To:                  0x610178da211fef7d417bc0e6fed39f05609ad788

[32meth_getTransactionCount[0m
[32meth_chainId[0m
[32meth_estimateGas[0m
[32meth_chainId[0m
[32meth_chainId (2)[0m
[32meth_getBlockByNumber[0m
[32meth_gasPrice[0m
[32meth_maxPriorityFeePerGas[0m
[32meth_chainId[0m
[32meth_blockNumber[0m
[32meth_sendRawTransaction[0m
  Contract call:       <UnrecognizedContract>
  Transaction:         0x8cd14e427ace51d3b4b1629a656e5512af2c8d4b7f623a00d8640697feb11951
  From:                0xf39fd6e51aad88f6f4ce6ab8827279cfffb92266
  To:                  0x610178da211fef7d417bc0e6fed39f05609ad788
  Value:               0 ETH
  Gas used:            269374 of 269374
  Block #26:           0x87e88f17f2b889cbf2945560638eddbf1c8ecfe4ca6a1e83c78f3718f4b7bb7b

[32meth_chainId[0m
[32meth_chainId (2)[0m
[32meth_getTransactionReceipt[0m
[32meth_chainId[0m
[32meth_call[0m
  Contract call:       <UnrecognizedContract>
  From:                0xf39fd6e51aad88f6f4ce6ab8827279cfffb92266
  To:                  0x610178da211fef7d417bc0e6fed39f05609ad788

[32meth_chainId[0m
[32meth_call[0m
  Contract call:       <UnrecognizedContract>
  From:                0xf39fd6e51aad88f6f4ce6ab8827279cfffb92266
  To:                  0x610178da211fef7d417bc0e6fed39f05609ad788

[32meth_getTransactionCount[0m
[32meth_chainId[0m
[32meth_estimateGas[0m
[32meth_chainId[0m
[32meth_chainId (2)[0m
[32meth_getBlockByNumber[0m
[32meth_gasPrice[0m
[32meth_maxPriorityFeePerGas[0m
[32meth_chainId[0m
[32meth_blockNumber[0m
[32meth_sendRawTransaction[0m
  Contract call:       <UnrecognizedContract>
  Transaction:         0x1fef204f1ca895f6bb93268c8080796e424f575a65473016b96adc19c2a56f4d
  From:                0xf39fd6e51aad88f6f4ce6ab8827279cfffb92266
  To:                  0x610178da211fef7d417bc0e6fed39f05609ad788
  Value:               0 ETH
  Gas used:            215811 of 215811
  Block #27:           0xc597d4b030e489e0c1f934cc266d780d6955da9c7d2c8212cb7001564824f11c

[32meth_chainId[0m
[32meth_chainId (2)[0m
[32meth_getTransactionReceipt[0m
[32meth_getTransactionCount[0m
[32meth_chainId[0m
[32meth_estimateGas[0m
[32meth_chainId[0m
[32meth_chainId (2)[0m
[32meth_getBlockByNumber[0m
[32meth_gasPrice[0m
[32meth_maxPriorityFeePerGas[0m
[32meth_chainId[0m
[32meth_blockNumber[0m
[32meth_sendRawTransaction[0m
  Contract call:       <UnrecognizedContract>
  Transaction:         0xa08d095aada53d7110d527b8fc6030bddd046817b965a3615bd23f6f5a7a1398
  From:                0xf39fd6e51aad88f6f4ce6ab8827279cfffb92266
  To:                  0x610178da211fef7d417bc0e6fed39f05609ad788
  Value:               0 ETH
  Gas used:            224004 of 224004
  Block #28:           0xe74461a598b50f28c25f3011aa9e060a815eb695dede457fa4687cae5b31d89e

[32meth_chainId[0m
[32meth_chainId (2)[0m
[32meth_getTransactionReceipt[0m
[32meth_chainId[0m
[32meth_blockNumber[0m
[32meth_chainId[0m
[32meth_blockNumber[0m
[32meth_chainId[0m
[32meth_call[0m
  Contract call:       <UnrecognizedContract>
  From:                0xf39fd6e51aad88f6f4ce6ab8827279cfffb92266
  To:                  0x610178da211fef7d417bc0e6fed39f05609ad788

[32meth_chainId[0m
[32meth_call[0m
  Contract call:       <UnrecognizedContract>
  From:                0xf39fd6e51aad88f6f4ce6ab8827279cfffb92266
  To:                  0x610178da211fef7d417bc0e6fed39f05609ad788

[32meth_chainId[0m
[32meth_call[0m
  Contract call:       <UnrecognizedContract>
  From:                0xf39fd6e51aad88f6f4ce6ab8827279cfffb92266
  To:                  0x610178da211fef7d417bc0e6fed39f05609ad788

[32meth_chainId[0m
[32meth_call[0m
  Contract call:       <UnrecognizedContract>
  From:                0xf39fd6e51aad88f6f4ce6ab8827279cfffb92266
  To:                  0x610178da211fef7d417bc0e6fed39f05609ad788

[32meth_chainId[0m
[32meth_call[0m
  Contract call:       <UnrecognizedContract>
  From:                0xf39fd6e51aad88f6f4ce6ab8827279cfffb92266
  To:                  0x610178da211fef7d417bc0e6fed39f05609ad788

[32meth_chainId[0m
[32meth_call[0m
  Contract call:       <UnrecognizedContract>
  From:                0xf39fd6e51aad88f6f4ce6ab8827279cfffb92266
  To:                  0x610178da211fef7d417bc0e6fed39f05609ad788

[32meth_call[0m
  Contract call:       <UnrecognizedContract>
  From:                0xf39fd6e51aad88f6f4ce6ab8827279cfffb92266
  To:                  0x610178da211fef7d417bc0e6fed39f05609ad788

[32meth_chainId[0m
[32meth_call[0m
  Contract call:       <UnrecognizedContract>
  From:                0xf39fd6e51aad88f6f4ce6ab8827279cfffb92266
  To:                  0x610178da211fef7d417bc0e6fed39f05609ad788

[32meth_chainId[0m
[32meth_call[0m
  Contract call:       <UnrecognizedContract>
  From:                0xf39fd6e51aad88f6f4ce6ab8827279cfffb92266
  To:                  0x610178da211fef7d417bc0e6fed39f05609ad788

[32meth_chainId[0m
[32meth_call[0m
  Contract call:       <UnrecognizedContract>
  From:                0xf39fd6e51aad88f6f4ce6ab8827279cfffb92266
  To:                  0x610178da211fef7d417bc0e6fed39f05609ad788

[32meth_call[0m
  Contract call:       <UnrecognizedContract>
  From:                0xf39fd6e51aad88f6f4ce6ab8827279cfffb92266
  To:                  0x610178da211fef7d417bc0e6fed39f05609ad788

[32meth_chainId[0m
[32meth_call[0m
  Contract call:       <UnrecognizedContract>
  From:                0xf39fd6e51aad88f6f4ce6ab8827279cfffb92266
  To:                  0x610178da211fef7d417bc0e6fed39f05609ad788

[32meth_chainId[0m
[32meth_call[0m
  Contract call:       <UnrecognizedContract>
  From:                0xf39fd6e51aad88f6f4ce6ab8827279cfffb92266
  To:                  0x610178da211fef7d417bc0e6fed39f05609ad788

[32meth_chainId[0m
[32meth_call[0m
  Contract call:       <UnrecognizedContract>
  From:                0xf39fd6e51aad88f6f4ce6ab8827279cfffb92266
  To:                  0x610178da211fef7d417bc0e6fed39f05609ad788

[32meth_call[0m
  Contract call:       <UnrecognizedContract>
  From:                0xf39fd6e51aad88f6f4ce6ab8827279cfffb92266
  To:                  0x610178da211fef7d417bc0e6fed39f05609ad788

[32meth_chainId[0m
[32meth_call[0m
  Contract call:       <UnrecognizedContract>
  From:                0xf39fd6e51aad88f6f4ce6ab8827279cfffb92266
  To:                  0x610178da211fef7d417bc0e6fed39f05609ad788

[32meth_chainId[0m
[32meth_call[0m
  Contract call:       <UnrecognizedContract>
  From:                0xf39fd6e51aad88f6f4ce6ab8827279cfffb92266
  To:                  0x610178da211fef7d417bc0e6fed39f05609ad788

[32meth_chainId[0m
[32meth_blockNumber[0m
[32meth_chainId[0m
[32meth_blockNumber[0m
[32meth_chainId[0m
[32meth_blockNumber[0m
[32meth_chainId[0m
[32meth_blockNumber[0m
[32meth_chainId[0m
[32meth_call[0m
  Contract call:       <UnrecognizedContract>
  From:                0xf39fd6e51aad88f6f4ce6ab8827279cfffb92266
  To:                  0x610178da211fef7d417bc0e6fed39f05609ad788

[32meth_call[0m
  Contract call:       <UnrecognizedContract>
  From:                0xf39fd6e51aad88f6f4ce6ab8827279cfffb92266
  To:                  0x610178da211fef7d417bc0e6fed39f05609ad788

[32meth_chainId[0m
[32meth_call[0m
  Contract call:       <UnrecognizedContract>
  From:                0xf39fd6e51aad88f6f4ce6ab8827279cfffb92266
  To:                  0x610178da211fef7d417bc0e6fed39f05609ad788

[32meth_chainId[0m
[32meth_call[0m
  Contract call:       <UnrecognizedContract>
  From:                0xf39fd6e51aad88f6f4ce6ab8827279cfffb92266
  To:                  0x610178da211fef7d417bc0e6fed39f05609ad788

[32meth_chainId[0m
[32meth_call[0m
  Contract call:       <UnrecognizedContract>
  From:                0xf39fd6e51aad88f6f4ce6ab8827279cfffb92266
  To:                  0x610178da211fef7d417bc0e6fed39f05609ad788

[32meth_call[0m
  Contract call:       <UnrecognizedContract>
  From:                0xf39fd6e51aad88f6f4ce6ab8827279cfffb92266
  To:                  0x610178da211fef7d417bc0e6fed39f05609ad788

[32meth_chainId[0m
[32meth_call[0m
  Contract call:       <UnrecognizedContract>
  From:                0xf39fd6e51aad88f6f4ce6ab8827279cfffb92266
  To:                  0x610178da211fef7d417bc0e6fed39f05609ad788

[32meth_call[0m
  Contract call:       <UnrecognizedContract>
  From:                0xf39fd6e51aad88f6f4ce6ab8827279cfffb92266
  To:                  0x610178da211fef7d417bc0e6fed39f05609ad788

[32meth_chainId[0m
[32meth_call[0m
  Contract call:       <UnrecognizedContract>
  From:                0xf39fd6e51aad88f6f4ce6ab8827279cfffb92266
  To:                  0x610178da211fef7d417bc0e6fed39f05609ad788

[32meth_call[0m
  Contract call:       <UnrecognizedContract>
  From:                0xf39fd6e51aad88f6f4ce6ab8827279cfffb92266
  To:                  0x610178da211fef7d417bc0e6fed39f05609ad788

[32meth_chainId[0m
[32meth_call[0m
  Contract call:       <UnrecognizedContract>
  From:                0xf39fd6e51aad88f6f4ce6ab8827279cfffb92266
  To:                  0x610178da211fef7d417bc0e6fed39f05609ad788

[32meth_chainId[0m
[32meth_call[0m
  Contract call:       <UnrecognizedContract>
  From:                0xf39fd6e51aad88f6f4ce6ab8827279cfffb92266
  To:                  0x610178da211fef7d417bc0e6fed39f05609ad788

[32meth_chainId[0m
[32meth_accounts[0m
[32meth_accounts (2)[0m
[32meth_blockNumber[0m
[32meth_getBlockByNumber[0m
[32meth_feeHistory[0m
[32meth_estimateGas[0m
[32meth_sendTransaction[0m
  Contract deployment: <UnrecognizedContract>
  Contract address:    0xc5a5c42992decbae36851359345fe25997f5c42d
  Transaction:         0x873f50485675ba85c1958d89ffac2f12f2aa41b518fb55b7ed7ed898e47a0ea5
  From:                0xf39fd6e51aad88f6f4ce6ab8827279cfffb92266
  Value:               0 ETH
  Gas used:            1155063 of 1155063
  Block #29:           0xba2434161e1387d7ab017de182367753ba6c473ab50446441e518cc8b967cd8b

[32meth_getTransactionByHash[0m
[32meth_getTransactionReceipt[0m
[32meth_chainId[0m
[32meth_blockNumber[0m
[32meth_chainId[0m
[32meth_call[0m
  Contract call:       <UnrecognizedContract>
  From:                0xf39fd6e51aad88f6f4ce6ab8827279cfffb92266
  To:                  0xc5a5c42992decbae36851359345fe25997f5c42d

[32meth_getTransactionCount[0m
[32meth_chainId[0m
[32meth_estimateGas[0m
[32meth_chainId[0m
[32meth_chainId (2)[0m
[32meth_getBlockByNumber[0m
[32meth_gasPrice[0m
[32meth_maxPriorityFeePerGas[0m
[32meth_chainId[0m
[32meth_blockNumber[0m
[32meth_sendRawTransaction[0m
  Contract call:       <UnrecognizedContract>
  Transaction:         0x6c095703f569d575745418a24e9819382e3b8bee5c54ed6dc05f2379dd102c91
  From:                0xf39fd6e51aad88f6f4ce6ab8827279cfffb92266
  To:                  0xc5a5c42992decbae36851359345fe25997f5c42d
  Value:               0 ETH
  Gas used:            255404 of 255404
  Block #30:           0xb7339a5c8e6efb038d2d065e40053eee05d6fcb65efe4e2cbc85f03fce68e37b

[32meth_chainId[0m
[32meth_chainId (2)[0m
[32meth_getTransactionReceipt[0m
[32meth_getTransactionCount[0m
[32meth_chainId[0m
[32meth_estimateGas[0m
[32meth_chainId[0m
[32meth_chainId (2)[0m
[32meth_getBlockByNumber[0m
[32meth_gasPrice[0m
[32meth_maxPriorityFeePerGas[0m
[32meth_chainId[0m
[32meth_blockNumber[0m
[32meth_sendRawTransaction[0m
  Contract call:       <UnrecognizedContract>
  Transaction:         0x819012aa39b7873b544d84381a1aecb06596b6fffd290c9d5edcc1ac9de1cc8c
  From:                0xf39fd6e51aad88f6f4ce6ab8827279cfffb92266
  To:                  0xc5a5c42992decbae36851359345fe25997f5c42d
  Value:               0 ETH
  Gas used:            201331 of 201331
  Block #31:           0xca9450f70332b1b1d0ec55068326c723fd0b9b1fb471726f717645db41d0a551

[32meth_chainId[0m
[32meth_chainId (2)[0m
[32meth_getTransactionReceipt[0m
[32meth_getTransactionCount[0m
[32meth_chainId[0m
[32meth_estimateGas[0m
[32meth_chainId[0m
[32meth_chainId (2)[0m
[32meth_chainId (3)[0m
[32meth_sendRawTransaction[0m
  Contract call:       <UnrecognizedContract>
  Transaction:         0x314d898e6e46ab5e0c1a2882eb670f14b68b7669a45d4b70af4cc8bb2aa5f141
  From:                0xf39fd6e51aad88f6f4ce6ab8827279cfffb92266
  To:                  0xc5a5c42992decbae36851359345fe25997f5c42d
  Value:               0 ETH
  Gas used:            292155 of 292155
  Block #32:           0x01657b0b35c4c49d0ffaa51b5f35f706ad0ff311001dff9822e2af11f3bf499d

[32meth_chainId[0m
[32meth_chainId (2)[0m
[32meth_getTransactionReceipt[0m
[32meth_chainId[0m
[32meth_estimateGas[0m
[32meth_chainId[0m
[32meth_chainId (2)[0m
[32meth_getBlockByNumber[0m
[32meth_gasPrice[0m
[32meth_maxPriorityFeePerGas[0m
[32meth_chainId[0m
[32meth_blockNumber[0m
[32meth_sendRawTransaction[0m
  Contract call:       <UnrecognizedContract>
  Transaction:         0x1a8fb86b32ec0a0ef0e2c91175b2ea3f9886cab7e363a710a17eec0dc6c6ca59
  From:                0xf39fd6e51aad88f6f4ce6ab8827279cfffb92266
  To:                  0xc5a5c42992decbae36851359345fe25997f5c42d
  Value:               0 ETH
  Gas used:            269410 of 269410
  Block #33:           0xa226d1317648c28db33e67e6906b1f725488d3b173c81e8c8c8651188c29241b

[32meth_chainId[0m
[32meth_chainId (2)[0m
[32meth_getTransactionReceipt[0m
[32meth_chainId[0m
[32meth_call[0m
  Contract call:       <UnrecognizedContract>
  From:                0xf39fd6e51aad88f6f4ce6ab8827279cfffb92266
  To:                  0xc5a5c42992decbae36851359345fe25997f5c42d

[32meth_getTransactionCount[0m
[32meth_chainId[0m
[32meth_estimateGas[0m
[32meth_chainId[0m
[32meth_chainId (2)[0m
[32meth_chainId (3)[0m
[32meth_sendRawTransaction[0m
  Contract call:       <UnrecognizedContract>
  Transaction:         0xf5cf603bb5e496827e36c0491448ab979e7efdd98172fc0a8862af13f05a3a91
  From:                0xf39fd6e51aad88f6f4ce6ab8827279cfffb92266
  To:                  0xc5a5c42992decbae36851359345fe25997f5c42d
  Value:               0 ETH
  Gas used:            238280 of 238280
  Block #34:           0xf490a5743e299df422c06273ffe3ed34c16875fb1c7515102aa47c7d9d81a725

[32meth_chainId[0m
[32meth_chainId (2)[0m
[32meth_getTransactionReceipt[0m
[32meth_getTransactionCount[0m
[32meth_chainId[0m
[32meth_estimateGas[0m
[32meth_chainId[0m
[32meth_chainId (2)[0m
[32meth_getBlockByNumber[0m
[32meth_gasPrice[0m
[32meth_maxPriorityFeePerGas[0m
[32meth_chainId[0m
[32meth_blockNumber[0m
[32meth_sendRawTransaction[0m
  Contract call:       <UnrecognizedContract>
  Transaction:         0xc995765a2d0bbcd1829881e1857f926381ebcc1993bea6190ecc169dfc69e624
  From:                0xf39fd6e51aad88f6f4ce6ab8827279cfffb92266
  To:                  0xc5a5c42992decbae36851359345fe25997f5c42d
  Value:               0 ETH
  Gas used:            201307 of 201307
  Block #35:           0x1fe63b4a5402242804f315156843499c4c545ce28e970d06d78acb45d056484b

[32meth_chainId[0m
[32meth_chainId (2)[0m
[32meth_getTransactionReceipt[0m
[32meth_chainId[0m
[32meth_estimateGas[0m
[32meth_chainId[0m
[32meth_chainId (2)[0m
[32meth_chainId (3)[0m
[32meth_sendRawTransaction[0m
  Contract call:       <UnrecognizedContract>
  Transaction:         0x61e70861f4b511b499102ca67fa26e1828e17fa42ca2298e7cc3f10f10fc1d62
  From:                0xf39fd6e51aad88f6f4ce6ab8827279cfffb92266
  To:                  0xc5a5c42992decbae36851359345fe25997f5c42d
  Value:               0 ETH
  Gas used:            292155 of 292155
  Block #36:           0xce188542b66c6498bfdd4e95aa846eaa9a61a8dda9a496e4691a1fbdd6e497c4

[32meth_chainId[0m
[32meth_chainId (2)[0m
[32meth_getTransactionReceipt[0m
[32meth_getTransactionCount[0m
[32meth_chainId[0m
[32meth_estimateGas[0m
[32meth_chainId[0m
[32meth_chainId (2)[0m
[32meth_getBlockByNumber[0m
[32meth_gasPrice[0m
[32meth_maxPriorityFeePerGas[0m
[32meth_chainId[0m
[32meth_blockNumber[0m
[32meth_sendRawTransaction[0m
  Contract call:       <UnrecognizedContract>
  Transaction:         0xe2c0f38fed48c21223f4aa6ca4314912fa5340a61747437c71930efff9c47ed2
  From:                0xf39fd6e51aad88f6f4ce6ab8827279cfffb92266
  To:                  0xc5a5c42992decbae36851359345fe25997f5c42d
  Value:               0 ETH
  Gas used:            269410 of 269410
  Block #37:           0x2c27eb9807b86f4ebbb8910f935a152bb929a8bcd91e7ae6572a658312a0660a

[32meth_chainId[0m
[32meth_chainId (2)[0m
[32meth_getTransactionReceipt[0m
[32meth_chainId[0m
[32meth_call[0m
  Contract call:       <UnrecognizedContract>
  From:                0xf39fd6e51aad88f6f4ce6ab8827279cfffb92266
  To:                  0xc5a5c42992decbae36851359345fe25997f5c42d

[32meth_getTransactionCount[0m
[32meth_chainId[0m
[32meth_estimateGas[0m
[32meth_chainId[0m
[32meth_chainId (2)[0m
[32meth_getBlockByNumber[0m
[32meth_gasPrice[0m
[32meth_maxPriorityFeePerGas[0m
[32meth_chainId[0m
[32meth_blockNumber[0m
[32meth_sendRawTransaction[0m
  Contract call:       <UnrecognizedContract>
  Transaction:         0x0d3284bac5d6e7bcb5b909d8b83d92f3d0db98023197d6161f424498afd9c1f0
  From:                0xf39fd6e51aad88f6f4ce6ab8827279cfffb92266
  To:                  0xc5a5c42992decbae36851359345fe25997f5c42d
  Value:               0 ETH
  Gas used:            238328 of 238328
  Block #38:           0x30e69d6aab4f8c2a0aee39404c014b1b4ab4e6a3ad1e0a80575e74dabd81d940

[32meth_chainId[0m
[32meth_chainId (2)[0m
[32meth_getTransactionReceipt[0m
[32meth_getTransactionCount[0m
[32meth_chainId[0m
[32meth_estimateGas[0m
[32meth_chainId[0m
[32meth_chainId (2)[0m
[32meth_getBlockByNumber[0m
[32meth_gasPrice[0m
[32meth_maxPriorityFeePerGas[0m
[32meth_chainId[0m
[32meth_blockNumber[0m
[32meth_sendRawTransaction[0m
  Contract call:       <UnrecognizedContract>
  Transaction:         0xc72714b6a34f899d57c9b02b042b0de89bbcb5a52a395b5f3ee2876d3db5f740
  From:                0xf39fd6e51aad88f6f4ce6ab8827279cfffb92266
  To:                  0xc5a5c42992decbae36851359345fe25997f5c42d
  Value:               0 ETH
  Gas used:            201319 of 201319
  Block #39:           0x249f7edf5d44d428eb86f1514a92db4a07a96e3734609ef6a825020886298168

[32meth_chainId[0m
[32meth_chainId (2)[0m
[32meth_getTransactionReceipt[0m
[32meth_chainId[0m
[32meth_call[0m
  Contract call:       <UnrecognizedContract>
  From:                0xf39fd6e51aad88f6f4ce6ab8827279cfffb92266
  To:                  0xc5a5c42992decbae36851359345fe25997f5c42d

[32meth_getTransactionCount[0m
[32meth_chainId[0m
[32meth_estimateGas[0m
[32meth_chainId[0m
[32meth_chainId (2)[0m
[32meth_getBlockByNumber[0m
[32meth_gasPrice[0m
[32meth_maxPriorityFeePerGas[0m
[32meth_chainId[0m
[32meth_blockNumber[0m
[32meth_sendRawTransaction[0m
  Contract call:       <UnrecognizedContract>
  Transaction:         0x506a808cc0f0a98727284f2c65bc156060e92b1eb1bdb8b673e24e8ba090102c
  From:                0xf39fd6e51aad88f6f4ce6ab8827279cfffb92266
  To:                  0xc5a5c42992decbae36851359345fe25997f5c42d
  Value:               0 ETH
  Gas used:            238292 of 238292
  Block #40:           0xe5d297d20921e21962202cca24686c04826ed7ade396d612b1832545d53294a8

[32meth_chainId[0m
[32meth_chainId (2)[0m
[32meth_getTransactionReceipt[0m
[32meth_getTransactionCount[0m
[32meth_chainId[0m
[32meth_estimateGas[0m
[32meth_chainId[0m
[32meth_chainId (2)[0m
[32meth_getBlockByNumber[0m
[32meth_gasPrice[0m
[32meth_maxPriorityFeePerGas[0m
[32meth_chainId[0m
[32meth_blockNumber[0m
[32meth_sendRawTransaction[0m
  Contract call:       <UnrecognizedContract>
  Transaction:         0x9c770ca73dc6fc496973fcf9eadeeca1de41c8c740e7fae925af49c19fd1cf53
  From:                0xf39fd6e51aad88f6f4ce6ab8827279cfffb92266
  To:                  0xc5a5c42992decbae36851359345fe25997f5c42d
  Value:               0 ETH
  Gas used:            201307 of 201307
  Block #41:           0xdf91ff2bfe989d4a4f5a648ef9039b7112b275d783874e9f9500199f330162a3

[32meth_chainId[0m
[32meth_chainId (2)[0m
[32meth_getTransactionReceipt[0m
[32meth_chainId[0m
[32meth_estimateGas[0m
[32meth_chainId[0m
[32meth_chainId (2)[0m
[32meth_chainId (3)[0m
[32meth_sendRawTransaction[0m
  Contract call:       <UnrecognizedContract>
  Transaction:         0x227921024050a17e4a6a65f652da7a6e545a4fe650fcbf842e96e4fb1f7adae3
  From:                0xf39fd6e51aad88f6f4ce6ab8827279cfffb92266
  To:                  0xc5a5c42992decbae36851359345fe25997f5c42d
  Value:               0 ETH
  Gas used:            292155 of 292155
  Block #42:           0xd58ae16a202f796c696a8a30565cf9dda41cde4530f092e1254879037c5bd74b

[32meth_chainId[0m
[32meth_chainId (2)[0m
[32meth_getTransactionReceipt[0m
[32meth_getTransactionCount[0m
[32meth_chainId[0m
[32meth_estimateGas[0m
[32meth_chainId[0m
[32meth_chainId (2)[0m
[32meth_getBlockByNumber[0m
[32meth_gasPrice[0m
[32meth_maxPriorityFeePerGas[0m
[32meth_chainId[0m
[32meth_blockNumber[0m
[32meth_sendRawTransaction[0m
  Contract call:       <UnrecognizedContract>
  Transaction:         0x44a02e5cb222fa4705f7dec08b77eab29d9fe66c437273119a1383081c911577
  From:                0xf39fd6e51aad88f6f4ce6ab8827279cfffb92266
  To:                  0xc5a5c42992decbae36851359345fe25997f5c42d
  Value:               0 ETH
  Gas used:            269410 of 269410
  Block #43:           0x8949c3513ce76355387343e7bf939331f62d4a0a365fe1563c90475246959d9e

[32meth_chainId[0m
[32meth_chainId (2)[0m
[32meth_getTransactionReceipt[0m
[32meth_chainId[0m
[32meth_call[0m
  Contract call:       <UnrecognizedContract>
  From:                0xf39fd6e51aad88f6f4ce6ab8827279cfffb92266
  To:                  0xc5a5c42992decbae36851359345fe25997f5c42d

[32meth_chainId[0m
[32meth_estimateGas[0m
[32meth_chainId[0m
[32meth_chainId (2)[0m
[32meth_chainId (3)[0m
[32meth_sendRawTransaction[0m
  Contract call:       <UnrecognizedContract>
  Transaction:         0x2458992c43ed107c61b85bc2d1f01f504493960ff298cb717c740bf3767ba974
  From:                0xf39fd6e51aad88f6f4ce6ab8827279cfffb92266
  To:                  0xc5a5c42992decbae36851359345fe25997f5c42d
  Value:               0 ETH
  Gas used:            238292 of 238292
  Block #44:           0x209ce3daaa58a115436e605e195e7f66264bdac7e63608276232636bb3841b93

[32meth_chainId[0m
[32meth_chainId (2)[0m
[32meth_getTransactionReceipt[0m
[32meth_getTransactionCount[0m
[32meth_chainId[0m
[32meth_estimateGas[0m
[32meth_chainId[0m
[32meth_chainId (2)[0m
[32meth_getBlockByNumber[0m
[32meth_gasPrice[0m
[32meth_maxPriorityFeePerGas[0m
[32meth_chainId[0m
[32meth_blockNumber[0m
[32meth_sendRawTransaction[0m
  Contract call:       <UnrecognizedContract>
  Transaction:         0x6d043562f9977f95388325ef1443bedf50d5cb19412c39aa66067988d796de8f
  From:                0xf39fd6e51aad88f6f4ce6ab8827279cfffb92266
  To:                  0xc5a5c42992decbae36851359345fe25997f5c42d
  Value:               0 ETH
  Gas used:            201307 of 201307
  Block #45:           0x411ba0e6254d7e89fbdf47cf67cbeded1add0d2f3f571edbbd04c4f261fbf13f

[32meth_chainId[0m
[32meth_chainId (2)[0m
[32meth_getTransactionReceipt[0m
[32meth_chainId[0m
[32meth_estimateGas[0m
[32meth_chainId[0m
[32meth_chainId (2)[0m
[32meth_chainId (3)[0m
[32meth_sendRawTransaction[0m
  Contract call:       <UnrecognizedContract>
  Transaction:         0x43f4e3e587ef769626978114cca263cca9ca588dd198fadbb18b7f7677322f27
  From:                0xf39fd6e51aad88f6f4ce6ab8827279cfffb92266
  To:                  0xc5a5c42992decbae36851359345fe25997f5c42d
  Value:               0 ETH
  Gas used:            292155 of 292155
  Block #46:           0x64f13fdb716f2962c015381d6ab47d86c6b5361b9d660ed4aea267ac54e2cddb

[32meth_chainId[0m
[32meth_chainId (2)[0m
[32meth_getTransactionReceipt[0m
[32meth_getTransactionCount[0m
[32meth_chainId[0m
[32meth_estimateGas[0m
[32meth_chainId[0m
[32meth_chainId (2)[0m
[32meth_getBlockByNumber[0m
[32meth_gasPrice[0m
[32meth_maxPriorityFeePerGas[0m
[32meth_chainId[0m
[32meth_blockNumber[0m
[32meth_sendRawTransaction[0m
  Contract call:       <UnrecognizedContract>
  Transaction:         0x7666645105aaa85b077df186e416d16d471f58275228c381a1e38e1188031138
  From:                0xf39fd6e51aad88f6f4ce6ab8827279cfffb92266
  To:                  0xc5a5c42992decbae36851359345fe25997f5c42d
  Value:               0 ETH
  Gas used:            269410 of 269410
  Block #47:           0x59f85b0145307561f4c2bfb538e9b259bb7478deceb721729fb34d1ae31f0a12

[32meth_chainId[0m
[32meth_chainId (2)[0m
[32meth_getTransactionReceipt[0m
[32meth_chainId[0m
[32meth_call[0m
  Contract call:       <UnrecognizedContract>
  From:                0xf39fd6e51aad88f6f4ce6ab8827279cfffb92266
  To:                  0xc5a5c42992decbae36851359345fe25997f5c42d

[32meth_chainId[0m
[32meth_estimateGas[0m
[32meth_chainId[0m
[32meth_chainId (2)[0m
[32meth_chainId (3)[0m
[32meth_sendRawTransaction[0m
  Contract call:       <UnrecognizedContract>
  Transaction:         0xcaf7c0426bf4e8195d91b7f20c14ed4c21eb3b6a1e9ef008bda2e880b2261b07
  From:                0xf39fd6e51aad88f6f4ce6ab8827279cfffb92266
  To:                  0xc5a5c42992decbae36851359345fe25997f5c42d
  Value:               0 ETH
  Gas used:            238304 of 238304
  Block #48:           0xb9a7bfc19408646798e64b921b7550531edab4dac219c4d6d1c278df725f4eea

[32meth_chainId[0m
[32meth_chainId (2)[0m
[32meth_getTransactionReceipt[0m
[32meth_getTransactionCount[0m
[32meth_chainId[0m
[32meth_estimateGas[0m
[32meth_chainId[0m
[32meth_chainId (2)[0m
[32meth_getBlockByNumber[0m
[32meth_gasPrice[0m
[32meth_maxPriorityFeePerGas[0m
[32meth_chainId[0m
[32meth_blockNumber[0m
[32meth_sendRawTransaction[0m
  Contract call:       <UnrecognizedContract>
  Transaction:         0xf1064ea6145252d748fd6fecccbdbd7044865586cfa3d841df3e212d7925ea1d
  From:                0xf39fd6e51aad88f6f4ce6ab8827279cfffb92266
  To:                  0xc5a5c42992decbae36851359345fe25997f5c42d
  Value:               0 ETH
  Gas used:            201307 of 201307
  Block #49:           0xf1e29a680ec1d6a2ed3b0f88b8ffb13a16276930dcc4d2f98cee9c9b59b66d14

[32meth_chainId[0m
[32meth_chainId (2)[0m
[32meth_getTransactionReceipt[0m
[32meth_chainId[0m
[32meth_estimateGas[0m
[32meth_chainId[0m
[32meth_chainId (2)[0m
[32meth_chainId (3)[0m
[32meth_sendRawTransaction[0m
  Contract call:       <UnrecognizedContract>
  Transaction:         0x60a579604b787cf737915b7f05240b181117d34009aa42ab067efe7cbf66a96f
  From:                0xf39fd6e51aad88f6f4ce6ab8827279cfffb92266
  To:                  0xc5a5c42992decbae36851359345fe25997f5c42d
  Value:               0 ETH
  Gas used:            292143 of 292143
  Block #50:           0x8687f0b5ee4e657cf6f5b667e377c3f683ff08703153a34cfa569285ff9ee72e

[32meth_chainId[0m
[32meth_chainId (2)[0m
[32meth_getTransactionReceipt[0m
[32meth_getTransactionCount[0m
[32meth_chainId[0m
[32meth_estimateGas[0m
[32meth_chainId[0m
[32meth_chainId (2)[0m
[32meth_getBlockByNumber[0m
[32meth_gasPrice[0m
[32meth_maxPriorityFeePerGas[0m
[32meth_chainId[0m
[32meth_blockNumber[0m
[32meth_sendRawTransaction[0m
  Contract call:       <UnrecognizedContract>
  Transaction:         0xca363f9c8f1ac6a374772f2854e70015ad86ce680f7140dbe9a8287ec235db0e
  From:                0xf39fd6e51aad88f6f4ce6ab8827279cfffb92266
  To:                  0xc5a5c42992decbae36851359345fe25997f5c42d
  Value:               0 ETH
  Gas used:            269410 of 269410
  Block #51:           0x44b0ff81ac6e72451a1b133233c12be1c96ce575c3647766c7f6056a967dd362

[32meth_chainId[0m
[32meth_chainId (2)[0m
[32meth_getTransactionReceipt[0m
[32meth_chainId[0m
[32meth_call[0m
  Contract call:       <UnrecognizedContract>
  From:                0xf39fd6e51aad88f6f4ce6ab8827279cfffb92266
  To:                  0xc5a5c42992decbae36851359345fe25997f5c42d

[32meth_chainId[0m
[32meth_estimateGas[0m
[32meth_chainId[0m
[32meth_chainId (2)[0m
[32meth_chainId (3)[0m
[32meth_sendRawTransaction[0m
  Contract call:       <UnrecognizedContract>
  Transaction:         0xa2d32a9361c334b84f73afeee3b8ca99f83999ecca2652c309c65b922386b011
  From:                0xf39fd6e51aad88f6f4ce6ab8827279cfffb92266
  To:                  0xc5a5c42992decbae36851359345fe25997f5c42d
  Value:               0 ETH
  Gas used:            238280 of 238280
  Block #52:           0x93301b62441af46f346e4b93f411d41dec95987e5b8325c914737dc3eebf4914

[32meth_chainId[0m
[32meth_chainId (2)[0m
[32meth_getTransactionReceipt[0m
[32meth_getTransactionCount[0m
[32meth_chainId[0m
[32meth_estimateGas[0m
[32meth_chainId[0m
[32meth_chainId (2)[0m
[32meth_getBlockByNumber[0m
[32meth_gasPrice[0m
[32meth_maxPriorityFeePerGas[0m
[32meth_chainId[0m
[32meth_blockNumber[0m
[32meth_sendRawTransaction[0m
  Contract call:       <UnrecognizedContract>
  Transaction:         0x01f6aa3e3d318249249c901967587f158716e059e0dae874bc3c133ab2ee80a2
  From:                0xf39fd6e51aad88f6f4ce6ab8827279cfffb92266
  To:                  0xc5a5c42992decbae36851359345fe25997f5c42d
  Value:               0 ETH
  Gas used:            201307 of 201307
  Block #53:           0x7eac532a874b47c26096bd9423d6659499a524d9cddfd2b6c5276f5464150daf

[32meth_chainId[0m
[32meth_chainId (2)[0m
[32meth_getTransactionReceipt[0m
[32meth_chainId[0m
[32meth_estimateGas[0m
[32meth_chainId[0m
[32meth_chainId (2)[0m
[32meth_chainId (3)[0m
[32meth_sendRawTransaction[0m
  Contract call:       <UnrecognizedContract>
  Transaction:         0x7d2c230df4675e6469632efe97f14889b1370401a25380fe942a1a54b97e1a37
  From:                0xf39fd6e51aad88f6f4ce6ab8827279cfffb92266
  To:                  0xc5a5c42992decbae36851359345fe25997f5c42d
  Value:               0 ETH
  Gas used:            292155 of 292155
  Block #54:           0x8ccdf1443aef3a911c2a06865216a733548df5b3ef4e94bf9ae8b2732cfc0f68

[32meth_chainId[0m
[32meth_chainId (2)[0m
[32meth_getTransactionReceipt[0m
[32meth_getTransactionCount[0m
[32meth_chainId[0m
[32meth_estimateGas[0m
[32meth_chainId[0m
[32meth_chainId (2)[0m
[32meth_getBlockByNumber[0m
[32meth_gasPrice[0m
[32meth_maxPriorityFeePerGas[0m
[32meth_chainId[0m
[32meth_blockNumber[0m
[32meth_sendRawTransaction[0m
  Contract call:       <UnrecognizedContract>
  Transaction:         0x08c179a74b7137f7915addb5309a30f39459f2c7dae8cdc300cc737065b84f28
  From:                0xf39fd6e51aad88f6f4ce6ab8827279cfffb92266
  To:                  0xc5a5c42992decbae36851359345fe25997f5c42d
  Value:               0 ETH
  Gas used:            269410 of 269410
  Block #55:           0xfd354f2e1f82a74af3e0f629bfbcf20518ead9b54ea577f88c84b5c209785830

[32meth_chainId[0m
[32meth_chainId (2)[0m
[32meth_getTransactionReceipt[0m
[32meth_chainId[0m
[32meth_call[0m
  Contract call:       <UnrecognizedContract>
  From:                0xf39fd6e51aad88f6f4ce6ab8827279cfffb92266
  To:                  0xc5a5c42992decbae36851359345fe25997f5c42d

[32meth_chainId[0m
[32meth_estimateGas[0m
[32meth_chainId[0m
[32meth_chainId (2)[0m
[32meth_chainId (3)[0m
[32meth_sendRawTransaction[0m
  Contract call:       <UnrecognizedContract>
  Transaction:         0xd3dfafabc290782ef15bf352a30fd37627c7d6181b24d44b9f4565b84316a79d
  From:                0xf39fd6e51aad88f6f4ce6ab8827279cfffb92266
  To:                  0xc5a5c42992decbae36851359345fe25997f5c42d
  Value:               0 ETH
  Gas used:            238280 of 238280
  Block #56:           0xd7b601d6bc479e72706c3eac1032eabfa0684a118848f61ea610b37b56b47433

[32meth_chainId[0m
[32meth_chainId (2)[0m
[32meth_getTransactionReceipt[0m
[32meth_getTransactionCount[0m
[32meth_chainId[0m
[32meth_estimateGas[0m
[32meth_chainId[0m
[32meth_chainId (2)[0m
[32meth_getBlockByNumber[0m
[32meth_gasPrice[0m
[32meth_maxPriorityFeePerGas[0m
[32meth_chainId[0m
[32meth_blockNumber[0m
[32meth_sendRawTransaction[0m
  Contract call:       <UnrecognizedContract>
  Transaction:         0x5d8e948b012aec4beb3d266e998f0a130e1d0fde472af5c51d44931be5e9aa05
  From:                0xf39fd6e51aad88f6f4ce6ab8827279cfffb92266
  To:                  0xc5a5c42992decbae36851359345fe25997f5c42d
  Value:               0 ETH
  Gas used:            201307 of 201307
  Block #57:           0x1344616a3da20a7c648a8f357ece69c43ac823d6efe7768d9afa0db5a20aaa65

[32meth_chainId[0m
[32meth_chainId (2)[0m
[32meth_getTransactionReceipt[0m
[32meth_getTransactionCount[0m
[32meth_chainId[0m
[32meth_estimateGas[0m
[32meth_chainId[0m
[32meth_chainId (2)[0m
[32meth_getBlockByNumber[0m
[32meth_gasPrice[0m
[32meth_maxPriorityFeePerGas[0m
[32meth_chainId[0m
[32meth_sendRawTransaction[0m
  Contract call:       <UnrecognizedContract>
  Transaction:         0x46b4aea228d86b8b89e78ac9d1a67604c18db1a4aeddfad8a043377bbba0eaac
  From:                0xf39fd6e51aad88f6f4ce6ab8827279cfffb92266
  To:                  0xc5a5c42992decbae36851359345fe25997f5c42d
  Value:               0 ETH
  Gas used:            292155 of 292155
  Block #58:           0xf3d1379f5f7922f245a6a0adc7865aaae00d94a3bb618d904314b6b10f52e9a1

[32meth_chainId[0m
[32meth_chainId (2)[0m
[32meth_getTransactionReceipt[0m
[32meth_chainId[0m
[32meth_estimateGas[0m
[32meth_chainId[0m
[32meth_chainId (2)[0m
[32meth_chainId (3)[0m
[32meth_blockNumber[0m
[32meth_sendRawTransaction[0m
  Contract call:       <UnrecognizedContract>
  Transaction:         0xf004510efe6acc94b93e127fa209cc2f2a8688cbf613e2bcac98091666883497
  From:                0xf39fd6e51aad88f6f4ce6ab8827279cfffb92266
  To:                  0xc5a5c42992decbae36851359345fe25997f5c42d
  Value:               0 ETH
  Gas used:            269410 of 269410
  Block #59:           0x6bed95e1703cbc4f32c745f9a63be9e998af6e5d13421af5bc5c00882540d468

[32meth_chainId[0m
[32meth_chainId (2)[0m
[32meth_getTransactionReceipt[0m
[32meth_chainId[0m
[32meth_call[0m
  Contract call:       <UnrecognizedContract>
  From:                0xf39fd6e51aad88f6f4ce6ab8827279cfffb92266
  To:                  0xc5a5c42992decbae36851359345fe25997f5c42d

[32meth_getTransactionCount[0m
[32meth_chainId[0m
[32meth_estimateGas[0m
[32meth_chainId[0m
[32meth_chainId (2)[0m
[32meth_getBlockByNumber[0m
[32meth_gasPrice[0m
[32meth_maxPriorityFeePerGas[0m
[32meth_chainId[0m
[32meth_blockNumber[0m
[32meth_sendRawTransaction[0m
  Contract call:       <UnrecognizedContract>
  Transaction:         0xc30524fc4dc6dd2417a209b744e03670316e747d7fd1604c5a24580fb2045e64
  From:                0xf39fd6e51aad88f6f4ce6ab8827279cfffb92266
  To:                  0xc5a5c42992decbae36851359345fe25997f5c42d
  Value:               0 ETH
  Gas used:            238280 of 238280
  Block #60:           0x2f8df0a67b4e27526253932bc8db4177ed074c85476c309caf0ae475877e3d98

[32meth_chainId[0m
[32meth_chainId (2)[0m
[32meth_getTransactionReceipt[0m
[32meth_getTransactionCount[0m
[32meth_chainId[0m
[32meth_estimateGas[0m
[32meth_chainId[0m
[32meth_chainId (2)[0m
[32meth_getBlockByNumber[0m
[32meth_gasPrice[0m
[32meth_maxPriorityFeePerGas[0m
[32meth_chainId[0m
[32meth_blockNumber[0m
[32meth_sendRawTransaction[0m
  Contract call:       <UnrecognizedContract>
  Transaction:         0x3c28f2ecf6b9637dbdddc702423050a7c9734b5ae9f48943b5364996714db23d
  From:                0xf39fd6e51aad88f6f4ce6ab8827279cfffb92266
  To:                  0xc5a5c42992decbae36851359345fe25997f5c42d
  Value:               0 ETH
  Gas used:            201307 of 201307
  Block #61:           0xd4308ef98e2a3027f88a8ff6f7b038650b583a4a228fc05818427baeb7193689

[32meth_chainId[0m
[32meth_chainId (2)[0m
[32meth_getTransactionReceipt[0m
[32meth_chainId[0m
[32meth_estimateGas[0m
[32meth_chainId[0m
[32meth_chainId (2)[0m
[32meth_chainId (3)[0m
[32meth_sendRawTransaction[0m
  Contract call:       <UnrecognizedContract>
  Transaction:         0x3a5193046285408591aa1f5531b9bc2c9350fca083795d28477a71743c517a7e
  From:                0xf39fd6e51aad88f6f4ce6ab8827279cfffb92266
  To:                  0xc5a5c42992decbae36851359345fe25997f5c42d
  Value:               0 ETH
  Gas used:            292155 of 292155
  Block #62:           0xec48c42eb9a5139457fef0ae644f4c0ad4afa4d33450d2f56e129eb96c2cffa7

[32meth_chainId[0m
[32meth_chainId (2)[0m
[32meth_getTransactionReceipt[0m
[32meth_getTransactionCount[0m
[32meth_chainId[0m
[32meth_estimateGas[0m
[32meth_chainId[0m
[32meth_chainId (2)[0m
[32meth_getBlockByNumber[0m
[32meth_gasPrice[0m
[32meth_maxPriorityFeePerGas[0m
[32meth_chainId[0m
[32meth_blockNumber[0m
[32meth_sendRawTransaction[0m
  Contract call:       <UnrecognizedContract>
  Transaction:         0x40f2c10d25cc5da6ae22596133d1ec3661ce847c118af8ec0599498fe59a6742
  From:                0xf39fd6e51aad88f6f4ce6ab8827279cfffb92266
  To:                  0xc5a5c42992decbae36851359345fe25997f5c42d
  Value:               0 ETH
  Gas used:            269410 of 269410
  Block #63:           0xfc2aad646bb7778f7f4d54288b68c824d0201346fd6456ec20a494dbca3bc13b

[32meth_chainId[0m
[32meth_chainId (2)[0m
[32meth_getTransactionReceipt[0m
[32meth_chainId[0m
[32meth_call[0m
  Contract call:       <UnrecognizedContract>
  From:                0xf39fd6e51aad88f6f4ce6ab8827279cfffb92266
  To:                  0xc5a5c42992decbae36851359345fe25997f5c42d

[32meth_chainId[0m
[32meth_estimateGas[0m
[32meth_chainId[0m
[32meth_chainId (2)[0m
[32meth_chainId (3)[0m
[32meth_sendRawTransaction[0m
  Contract call:       <UnrecognizedContract>
  Transaction:         0x70c12c9e68c91309fa90d1f504b018f247e561351db774c2563ecca01dc89cfc
  From:                0xf39fd6e51aad88f6f4ce6ab8827279cfffb92266
  To:                  0xc5a5c42992decbae36851359345fe25997f5c42d
  Value:               0 ETH
  Gas used:            238256 of 238256
  Block #64:           0x2df6236df57bd714ea3ba5e61d70a5e142a6339b549a9a9c25ef9389cd19d659

[32meth_chainId[0m
[32meth_chainId (2)[0m
[32meth_getTransactionReceipt[0m
[32meth_getTransactionCount[0m
[32meth_chainId[0m
[32meth_estimateGas[0m
[32meth_chainId[0m
[32meth_chainId (2)[0m
[32meth_getBlockByNumber[0m
[32meth_gasPrice[0m
[32meth_maxPriorityFeePerGas[0m
[32meth_chainId[0m
[32meth_blockNumber[0m
[32meth_sendRawTransaction[0m
  Contract call:       <UnrecognizedContract>
  Transaction:         0x3563a440a32364f4bbfbeb71f77c99ed1d687a03a26f77daa676566c37424a56
  From:                0xf39fd6e51aad88f6f4ce6ab8827279cfffb92266
  To:                  0xc5a5c42992decbae36851359345fe25997f5c42d
  Value:               0 ETH
  Gas used:            201307 of 201307
  Block #65:           0x1160ad21bde05fab57ae8ef02f33a6187b03ab06fa46f77ef4ceeb05c933c3e5

[32meth_chainId[0m
[32meth_chainId (2)[0m
[32meth_getTransactionReceipt[0m
[32meth_chainId[0m
[32meth_estimateGas[0m
[32meth_chainId[0m
[32meth_chainId (2)[0m
[32meth_chainId (3)[0m
[32meth_sendRawTransaction[0m
  Contract call:       <UnrecognizedContract>
  Transaction:         0x4b9456e7c60c3c6dade1b87c46b5319979113fb375b4bcfab4f8ed288b7969c5
  From:                0xf39fd6e51aad88f6f4ce6ab8827279cfffb92266
  To:                  0xc5a5c42992decbae36851359345fe25997f5c42d
  Value:               0 ETH
  Gas used:            292155 of 292155
  Block #66:           0xf92f0a28d0148413fbbad88dac1b69f91f93beef76ed4bf83820db7344754ea6

[32meth_chainId[0m
[32meth_chainId (2)[0m
[32meth_getTransactionReceipt[0m
[32meth_getTransactionCount[0m
[32meth_chainId[0m
[32meth_estimateGas[0m
[32meth_chainId[0m
[32meth_chainId (2)[0m
[32meth_getBlockByNumber[0m
[32meth_gasPrice[0m
[32meth_maxPriorityFeePerGas[0m
[32meth_chainId[0m
[32meth_blockNumber[0m
[32meth_sendRawTransaction[0m
  Contract call:       <UnrecognizedContract>
  Transaction:         0x9f1e43309d0fb75d768b2bf368fc94adc4c0a96d8ca88eb1c20eb9c09ea32cf7
  From:                0xf39fd6e51aad88f6f4ce6ab8827279cfffb92266
  To:                  0xc5a5c42992decbae36851359345fe25997f5c42d
  Value:               0 ETH
  Gas used:            269398 of 269398
  Block #67:           0x8d0e57c9e75de83288b2ce700bbcbd0c7d6b718f181f2b29cc156ad26ce633f8

[32meth_chainId[0m
[32meth_chainId (2)[0m
[32meth_getTransactionReceipt[0m
[32meth_chainId[0m
[32meth_call[0m
  Contract call:       <UnrecognizedContract>
  From:                0xf39fd6e51aad88f6f4ce6ab8827279cfffb92266
  To:                  0xc5a5c42992decbae36851359345fe25997f5c42d

[32meth_chainId[0m
[32meth_estimateGas[0m
[32meth_chainId[0m
[32meth_chainId (2)[0m
[32meth_getBlockByNumber[0m
[32meth_gasPrice[0m
[32meth_maxPriorityFeePerGas[0m
[32meth_chainId[0m
[32meth_blockNumber[0m
[32meth_sendRawTransaction[0m
  Contract call:       <UnrecognizedContract>
  Transaction:         0x54c0c4f02487100876431aefcaa3b691d855c6668a2ab8b8cae6677a760822d7
  From:                0xf39fd6e51aad88f6f4ce6ab8827279cfffb92266
  To:                  0xc5a5c42992decbae36851359345fe25997f5c42d
  Value:               0 ETH
  Gas used:            238280 of 238280
  Block #68:           0x304685e87fb7d55fc7a2c34434eb30a86fbed4aced1564aa5cf2413247d41742

[32meth_chainId[0m
[32meth_chainId (2)[0m
[32meth_getTransactionReceipt[0m
[32meth_getTransactionCount[0m
[32meth_chainId[0m
[32meth_estimateGas[0m
[32meth_chainId[0m
[32meth_chainId (2)[0m
[32meth_getBlockByNumber[0m
[32meth_gasPrice[0m
[32meth_maxPriorityFeePerGas[0m
[32meth_chainId[0m
[32meth_blockNumber[0m
[32meth_sendRawTransaction[0m
  Contract call:       <UnrecognizedContract>
  Transaction:         0x3784a05d3f5f304f1484064fc5b3f6b98f00d3ec08c18853a2b2e6c965e90690
  From:                0xf39fd6e51aad88f6f4ce6ab8827279cfffb92266
  To:                  0xc5a5c42992decbae36851359345fe25997f5c42d
  Value:               0 ETH
  Gas used:            201307 of 201307
  Block #69:           0x4a8bd7e50025f0d2c86c2d8bb7c6025a1146b8a8d2185d97ac2ecb7412e1120f

[32meth_chainId[0m
[32meth_chainId (2)[0m
[32meth_getTransactionReceipt[0m
[32meth_chainId[0m
[32meth_estimateGas[0m
[32meth_chainId[0m
[32meth_chainId (2)[0m
[32meth_chainId (3)[0m
[32meth_sendRawTransaction[0m
  Contract call:       <UnrecognizedContract>
  Transaction:         0x65d44adc138250089a42ad69b274edc7e955e38c66e871f95904cd1e9ab5704e
  From:                0xf39fd6e51aad88f6f4ce6ab8827279cfffb92266
  To:                  0xc5a5c42992decbae36851359345fe25997f5c42d
  Value:               0 ETH
  Gas used:            292155 of 292155
  Block #70:           0xe779ae97b038022df102c9c18f4ab9c640c38f71213df2d56e21357095aeae34

[32meth_chainId[0m
[32meth_chainId (2)[0m
[32meth_getTransactionReceipt[0m
[32meth_getTransactionCount[0m
[32meth_chainId[0m
[32meth_estimateGas[0m
[32meth_chainId[0m
[32meth_chainId (2)[0m
[32meth_getBlockByNumber[0m
[32meth_gasPrice[0m
[32meth_maxPriorityFeePerGas[0m
[32meth_chainId[0m
[32meth_blockNumber[0m
[32meth_sendRawTransaction[0m
  Contract call:       <UnrecognizedContract>
  Transaction:         0xf1ec4fe5313ea9eb5397c94f2cea0000813257de5569feeb4ea90fb683f4f0dc
  From:                0xf39fd6e51aad88f6f4ce6ab8827279cfffb92266
  To:                  0xc5a5c42992decbae36851359345fe25997f5c42d
  Value:               0 ETH
  Gas used:            269410 of 269410
  Block #71:           0xfb7a4984d1d3ab0de05da594c69996ee2d6540db9f33b702e83c83bf872790a6

[32meth_chainId[0m
[32meth_chainId (2)[0m
[32meth_getTransactionReceipt[0m
[32meth_chainId[0m
[32meth_call[0m
  Contract call:       <UnrecognizedContract>
  From:                0xf39fd6e51aad88f6f4ce6ab8827279cfffb92266
  To:                  0xc5a5c42992decbae36851359345fe25997f5c42d

[32meth_chainId[0m
[32meth_estimateGas[0m
[32meth_chainId[0m
[32meth_chainId (2)[0m
[32meth_chainId (3)[0m
[32meth_sendRawTransaction[0m
  Contract call:       <UnrecognizedContract>
  Transaction:         0xb117b6ccdca27438c9352b54c3da1a387ec68a16c534da4cae41d697bc7f493f
  From:                0xf39fd6e51aad88f6f4ce6ab8827279cfffb92266
  To:                  0xc5a5c42992decbae36851359345fe25997f5c42d
  Value:               0 ETH
  Gas used:            238256 of 238256
  Block #72:           0x7b23408ca2062467731c58ff05e1beabb6c4bed9c93cc7e4cfb21b01876c775d

[32meth_chainId[0m
[32meth_chainId (2)[0m
[32meth_getTransactionReceipt[0m
[32meth_getTransactionCount[0m
[32meth_chainId[0m
[32meth_estimateGas[0m
[32meth_chainId[0m
[32meth_chainId (2)[0m
[32meth_getBlockByNumber[0m
[32meth_gasPrice[0m
[32meth_maxPriorityFeePerGas[0m
[32meth_chainId[0m
[32meth_blockNumber[0m
[32meth_sendRawTransaction[0m
  Contract call:       <UnrecognizedContract>
  Transaction:         0x2ed29cc68d354cb27c6824f56dcd6ae791029fb234e06609bb6d44389232ae60
  From:                0xf39fd6e51aad88f6f4ce6ab8827279cfffb92266
  To:                  0xc5a5c42992decbae36851359345fe25997f5c42d
  Value:               0 ETH
  Gas used:            201295 of 201295
  Block #73:           0x8190ba818d78ed33a3e2fa22d01cc22e7ff223f8c2a5a8bca39e81b31235a60a

[32meth_chainId[0m
[32meth_chainId (2)[0m
[32meth_getTransactionReceipt[0m
[32meth_chainId[0m
[32meth_estimateGas[0m
[32meth_chainId[0m
[32meth_chainId (2)[0m
[32meth_chainId (3)[0m
[32meth_sendRawTransaction[0m
  Contract call:       <UnrecognizedContract>
  Transaction:         0xf94a6bb7a4c746982071f1dd0b1bca14a57497ba6e1326a2f7b4b8606774bdf4
  From:                0xf39fd6e51aad88f6f4ce6ab8827279cfffb92266
  To:                  0xc5a5c42992decbae36851359345fe25997f5c42d
  Value:               0 ETH
  Gas used:            292155 of 292155
  Block #74:           0x94267c69fbdaf0006b04686b815fb82ad7a69a79ba0499f131da0d5f259208a3

[32meth_chainId[0m
[32meth_chainId (2)[0m
[32meth_getTransactionReceipt[0m
[32meth_getTransactionCount[0m
[32meth_chainId[0m
[32meth_estimateGas[0m
[32meth_chainId[0m
[32meth_chainId (2)[0m
[32meth_getBlockByNumber[0m
[32meth_gasPrice[0m
[32meth_maxPriorityFeePerGas[0m
[32meth_chainId[0m
[32meth_blockNumber[0m
[32meth_sendRawTransaction[0m
  Contract call:       <UnrecognizedContract>
  Transaction:         0x011bb8258c99731f92284ce9f0928a1f4118c99654f49f0923c175976414a887
  From:                0xf39fd6e51aad88f6f4ce6ab8827279cfffb92266
  To:                  0xc5a5c42992decbae36851359345fe25997f5c42d
  Value:               0 ETH
  Gas used:            269410 of 269410
  Block #75:           0xbf2ccde35fa99f6406b49c79c6f75b2e407bc4f93d00d5a6f8c52dcdae2c1093

[32meth_chainId[0m
[32meth_chainId (2)[0m
[32meth_getTransactionReceipt[0m
[32meth_chainId[0m
[32meth_call[0m
  Contract call:       <UnrecognizedContract>
  From:                0xf39fd6e51aad88f6f4ce6ab8827279cfffb92266
  To:                  0xc5a5c42992decbae36851359345fe25997f5c42d

[32meth_chainId[0m
[32meth_estimateGas[0m
[32meth_chainId[0m
[32meth_chainId (2)[0m
[32meth_chainId (3)[0m
[32meth_sendRawTransaction[0m
  Contract call:       <UnrecognizedContract>
  Transaction:         0x453187b1cb1531f8b18d4a257b4415e825f7d0eae8e92af5399fd901ed7034e5
  From:                0xf39fd6e51aad88f6f4ce6ab8827279cfffb92266
  To:                  0xc5a5c42992decbae36851359345fe25997f5c42d
  Value:               0 ETH
  Gas used:            238256 of 238256
  Block #76:           0x93d6634e51710aac31647577a8cc78cdb97f2157dc560eb58533cd72c4341f66

[32meth_chainId[0m
[32meth_chainId (2)[0m
[32meth_getTransactionReceipt[0m
[32meth_getTransactionCount[0m
[32meth_chainId[0m
[32meth_estimateGas[0m
[32meth_chainId[0m
[32meth_chainId (2)[0m
[32meth_getBlockByNumber[0m
[32meth_gasPrice[0m
[32meth_maxPriorityFeePerGas[0m
[32meth_chainId[0m
[32meth_blockNumber[0m
[32meth_sendRawTransaction[0m
  Contract call:       <UnrecognizedContract>
  Transaction:         0x2f4d1c6e6a061a945c47688a415451763077ea7439ee8c923ec273ad0817cb5a
  From:                0xf39fd6e51aad88f6f4ce6ab8827279cfffb92266
  To:                  0xc5a5c42992decbae36851359345fe25997f5c42d
  Value:               0 ETH
  Gas used:            201307 of 201307
  Block #77:           0xe0451f93d4209fca250d64816013692dcb28a1612933e9509982ba77e0c45909

[32meth_chainId[0m
[32meth_chainId (2)[0m
[32meth_getTransactionReceipt[0m
[32meth_chainId[0m
[32meth_estimateGas[0m
[32meth_chainId[0m
[32meth_chainId (2)[0m
[32meth_chainId (3)[0m
[32meth_sendRawTransaction[0m
  Contract call:       <UnrecognizedContract>
  Transaction:         0x3438b5374a6e94a0de44919062440f604b3a69afd4d81cdcd0068861d4173db8
  From:                0xf39fd6e51aad88f6f4ce6ab8827279cfffb92266
  To:                  0xc5a5c42992decbae36851359345fe25997f5c42d
  Value:               0 ETH
  Gas used:            292155 of 292155
  Block #78:           0xccb6446ba811cd682b27b0d69f5fbc708519cc9c6e9188df29eee1bee7b138f3

[32meth_chainId[0m
[32meth_chainId (2)[0m
[32meth_getTransactionReceipt[0m
[32meth_getTransactionCount[0m
[32meth_chainId[0m
[32meth_estimateGas[0m
[32meth_chainId[0m
[32meth_chainId (2)[0m
[32meth_getBlockByNumber[0m
[32meth_gasPrice[0m
[32meth_maxPriorityFeePerGas[0m
[32meth_chainId[0m
[32meth_blockNumber[0m
[32meth_sendRawTransaction[0m
  Contract call:       <UnrecognizedContract>
  Transaction:         0x72e879d558a175e570f5f58056517c800a97c3dc1cbd2d3fe246e659626d28c5
  From:                0xf39fd6e51aad88f6f4ce6ab8827279cfffb92266
  To:                  0xc5a5c42992decbae36851359345fe25997f5c42d
  Value:               0 ETH
  Gas used:            269410 of 269410
  Block #79:           0xb72321806222af3b233c82af3ae1acfd6c3f34574cf42eca98b910e836d9d4ac

[32meth_chainId[0m
[32meth_chainId (2)[0m
[32meth_getTransactionReceipt[0m
[32meth_chainId[0m
[32meth_call[0m
  Contract call:       <UnrecognizedContract>
  From:                0xf39fd6e51aad88f6f4ce6ab8827279cfffb92266
  To:                  0xc5a5c42992decbae36851359345fe25997f5c42d

[32meth_getTransactionCount[0m
[32meth_chainId[0m
[32meth_estimateGas[0m
[32meth_chainId[0m
[32meth_chainId (2)[0m
[32meth_getBlockByNumber[0m
[32meth_gasPrice[0m
[32meth_maxPriorityFeePerGas[0m
[32meth_chainId[0m
[32meth_blockNumber[0m
[32meth_sendRawTransaction[0m
  Contract call:       <UnrecognizedContract>
  Transaction:         0xbac34eea8554f36d8956d4f8f8cac6d3dff18601384126854c63a28fae9176b1
  From:                0xf39fd6e51aad88f6f4ce6ab8827279cfffb92266
  To:                  0xc5a5c42992decbae36851359345fe25997f5c42d
  Value:               0 ETH
  Gas used:            238256 of 238256
  Block #80:           0x5fe04a58732f366ee36a87c8538cbc7652b67ff94b4960e81c4af76d0e83b16c

[32meth_chainId[0m
[32meth_chainId (2)[0m
[32meth_getTransactionReceipt[0m
[32meth_getTransactionCount[0m
[32meth_chainId[0m
[32meth_estimateGas[0m
[32meth_chainId[0m
[32meth_chainId (2)[0m
[32meth_getBlockByNumber[0m
[32meth_gasPrice[0m
[32meth_maxPriorityFeePerGas[0m
[32meth_chainId[0m
[32meth_blockNumber[0m
[32meth_sendRawTransaction[0m
  Contract call:       <UnrecognizedContract>
  Transaction:         0xc3dd5520c0b4a3499d330d87f308ee4a7ca42d68e2e98c21ae53941a4413d48b
  From:                0xf39fd6e51aad88f6f4ce6ab8827279cfffb92266
  To:                  0xc5a5c42992decbae36851359345fe25997f5c42d
  Value:               0 ETH
  Gas used:            201295 of 201295
  Block #81:           0xd88736134d338e0507a63702408efe74cc0928d74ba8ab57e9966dbfffe814ce

[32meth_chainId[0m
[32meth_chainId (2)[0m
[32meth_getTransactionReceipt[0m
[32meth_chainId[0m
[32meth_estimateGas[0m
[32meth_chainId[0m
[32meth_chainId (2)[0m
[32meth_chainId (3)[0m
[32meth_sendRawTransaction[0m
  Contract call:       <UnrecognizedContract>
  Transaction:         0x88f5373ac5f3c98cfad94c1474caa820a60686be2fa2e53da22b45fb8b61f27c
  From:                0xf39fd6e51aad88f6f4ce6ab8827279cfffb92266
  To:                  0xc5a5c42992decbae36851359345fe25997f5c42d
  Value:               0 ETH
  Gas used:            292155 of 292155
  Block #82:           0xaac2c904a1c99074707ef0c2f51281af1a33814eeb4b920ff7c949e09067e8fe

[32meth_chainId[0m
[32meth_chainId (2)[0m
[32meth_getTransactionReceipt[0m
[32meth_getTransactionCount[0m
[32meth_chainId[0m
[32meth_estimateGas[0m
[32meth_chainId[0m
[32meth_chainId (2)[0m
[32meth_getBlockByNumber[0m
[32meth_gasPrice[0m
[32meth_maxPriorityFeePerGas[0m
[32meth_chainId[0m
[32meth_blockNumber[0m
[32meth_sendRawTransaction[0m
  Contract call:       <UnrecognizedContract>
  Transaction:         0x6db86502175a9f9b868eb2e8bb8a0bb0b3474f06f5ebf6f5d879f03982df48fb
  From:                0xf39fd6e51aad88f6f4ce6ab8827279cfffb92266
  To:                  0xc5a5c42992decbae36851359345fe25997f5c42d
  Value:               0 ETH
  Gas used:            269410 of 269410
  Block #83:           0x1f1bac68de816d68804273e86d997106b26c342c5ea528972a6c19b3496beb4c

[32meth_chainId[0m
[32meth_chainId (2)[0m
[32meth_getTransactionReceipt[0m
[32meth_chainId[0m
[32meth_call[0m
  Contract call:       <UnrecognizedContract>
  From:                0xf39fd6e51aad88f6f4ce6ab8827279cfffb92266
  To:                  0xc5a5c42992decbae36851359345fe25997f5c42d

[32meth_getTransactionCount[0m
[32meth_chainId[0m
[32meth_estimateGas[0m
[32meth_chainId[0m
[32meth_chainId (2)[0m
[32meth_getBlockByNumber[0m
[32meth_gasPrice[0m
[32meth_maxPriorityFeePerGas[0m
[32meth_chainId[0m
[32meth_blockNumber[0m
[32meth_sendRawTransaction[0m
  Contract call:       <UnrecognizedContract>
  Transaction:         0x2580e7be107ce877aa5a87f4e49b6a82bd9ea6a189b54d8bbd4d34f9c0701734
  From:                0xf39fd6e51aad88f6f4ce6ab8827279cfffb92266
  To:                  0xc5a5c42992decbae36851359345fe25997f5c42d
  Value:               0 ETH
  Gas used:            238280 of 238280
  Block #84:           0xe6892a17cf379f600445f5c0e99b0c6b271ceceacc0200633eac70f2eb5d7990

[32meth_chainId[0m
[32meth_chainId (2)[0m
[32meth_getTransactionReceipt[0m
[32meth_getTransactionCount[0m
[32meth_chainId[0m
[32meth_estimateGas[0m
[32meth_chainId[0m
[32meth_chainId (2)[0m
[32meth_getBlockByNumber[0m
[32meth_gasPrice[0m
[32meth_maxPriorityFeePerGas[0m
[32meth_chainId[0m
[32meth_blockNumber[0m
[32meth_sendRawTransaction[0m
  Contract call:       <UnrecognizedContract>
  Transaction:         0x62ce85177f7a0fc5ceeec2b4fd4b81595d0a32444e8de33bb43899bc9fa7c180
  From:                0xf39fd6e51aad88f6f4ce6ab8827279cfffb92266
  To:                  0xc5a5c42992decbae36851359345fe25997f5c42d
  Value:               0 ETH
  Gas used:            201307 of 201307
  Block #85:           0x518e230b73f842a84db446d68184fc6a803530a14c761039b80972eaeff5ef32

[32meth_chainId[0m
[32meth_chainId (2)[0m
[32meth_getTransactionReceipt[0m
[32meth_chainId[0m
[32meth_estimateGas[0m
[32meth_chainId[0m
[32meth_chainId (2)[0m
[32meth_chainId (3)[0m
[32meth_sendRawTransaction[0m
  Contract call:       <UnrecognizedContract>
  Transaction:         0xa7b3e7a8a0826efe2026199345297196d207b66b9191aaa99e0f159519e4d750
  From:                0xf39fd6e51aad88f6f4ce6ab8827279cfffb92266
  To:                  0xc5a5c42992decbae36851359345fe25997f5c42d
  Value:               0 ETH
  Gas used:            292155 of 292155
  Block #86:           0x6b1749c40e4fea0fcf1c6a61f4bb7ce2ebbf2f0cdf1c258ff6c454b1d0ffb56b

[32meth_chainId[0m
[32meth_chainId (2)[0m
[32meth_getTransactionReceipt[0m
[32meth_getTransactionCount[0m
[32meth_chainId[0m
[32meth_estimateGas[0m
[32meth_chainId[0m
[32meth_chainId (2)[0m
[32meth_getBlockByNumber[0m
[32meth_gasPrice[0m
[32meth_maxPriorityFeePerGas[0m
[32meth_chainId[0m
[32meth_blockNumber[0m
[32meth_sendRawTransaction[0m
  Contract call:       <UnrecognizedContract>
  Transaction:         0xcc469c3bbb8fe9d541848b507fec88df9f790f8664f23ff49984134ce6b9bfd4
  From:                0xf39fd6e51aad88f6f4ce6ab8827279cfffb92266
  To:                  0xc5a5c42992decbae36851359345fe25997f5c42d
  Value:               0 ETH
  Gas used:            269410 of 269410
  Block #87:           0xc7b8a621ab304935c61daa3777a3ce4e29e0a543eba982bc8356f0b71deb7914

[32meth_chainId[0m
[32meth_chainId (2)[0m
[32meth_getTransactionReceipt[0m
[32meth_chainId[0m
[32meth_call[0m
  Contract call:       <UnrecognizedContract>
  From:                0xf39fd6e51aad88f6f4ce6ab8827279cfffb92266
  To:                  0xc5a5c42992decbae36851359345fe25997f5c42d

[32meth_getTransactionCount[0m
[32meth_chainId[0m
[32meth_estimateGas[0m
[32meth_chainId[0m
[32meth_chainId (2)[0m
[32meth_chainId (3)[0m
[32meth_sendRawTransaction[0m
  Contract call:       <UnrecognizedContract>
  Transaction:         0x7dfca3ca73ea04229a08ddf13d12357f3f34f64259f450cb625b958f5aeb5c82
  From:                0xf39fd6e51aad88f6f4ce6ab8827279cfffb92266
  To:                  0xc5a5c42992decbae36851359345fe25997f5c42d
  Value:               0 ETH
  Gas used:            238304 of 238304
  Block #88:           0x6ea73a4fe6619e2dc8e9b37e200e77e32baa186b10b36c9c1e26ae651e1bb97b

[32meth_chainId[0m
[32meth_chainId (2)[0m
[32meth_getTransactionReceipt[0m
[32meth_getTransactionCount[0m
[32meth_chainId[0m
[32meth_estimateGas[0m
[32meth_chainId[0m
[32meth_chainId (2)[0m
[32meth_getBlockByNumber[0m
[32meth_gasPrice[0m
[32meth_maxPriorityFeePerGas[0m
[32meth_chainId[0m
[32meth_blockNumber[0m
[32meth_sendRawTransaction[0m
  Contract call:       <UnrecognizedContract>
  Transaction:         0x5c2ca87f9a129f28f066b36f818e8cbe9ad658f3231166bef12934444eabbb04
  From:                0xf39fd6e51aad88f6f4ce6ab8827279cfffb92266
  To:                  0xc5a5c42992decbae36851359345fe25997f5c42d
  Value:               0 ETH
  Gas used:            201307 of 201307
  Block #89:           0xfe6261765f6ec7ab7c00b580eee4cb89df196dab4f7f6d7ea3a785de4f0d7a48

[32meth_chainId[0m
[32meth_chainId (2)[0m
[32meth_getTransactionReceipt[0m
[32meth_chainId[0m
[32meth_estimateGas[0m
[32meth_chainId[0m
[32meth_chainId (2)[0m
[32meth_chainId (3)[0m
[32meth_sendRawTransaction[0m
  Contract call:       <UnrecognizedContract>
  Transaction:         0x8b3e7d990ef64f31173d54b6f58660c0d3bda927fd141cef4a7f1f2b2cf5db33
  From:                0xf39fd6e51aad88f6f4ce6ab8827279cfffb92266
  To:                  0xc5a5c42992decbae36851359345fe25997f5c42d
  Value:               0 ETH
  Gas used:            292155 of 292155
  Block #90:           0x647a9043d52bf296a919d4ba5897f3707f444df538809f4c7284643aeac2830b

[32meth_chainId[0m
[32meth_chainId (2)[0m
[32meth_getTransactionReceipt[0m
[32meth_getTransactionCount[0m
[32meth_chainId[0m
[32meth_estimateGas[0m
[32meth_chainId[0m
[32meth_chainId (2)[0m
[32meth_getBlockByNumber[0m
[32meth_gasPrice[0m
[32meth_maxPriorityFeePerGas[0m
[32meth_chainId[0m
[32meth_blockNumber[0m
[32meth_sendRawTransaction[0m
  Contract call:       <UnrecognizedContract>
  Transaction:         0x23166903349ccf1359f2eafe1026a97098101d5211ee6d55bd37f3ac5e83fc91
  From:                0xf39fd6e51aad88f6f4ce6ab8827279cfffb92266
  To:                  0xc5a5c42992decbae36851359345fe25997f5c42d
  Value:               0 ETH
  Gas used:            269410 of 269410
  Block #91:           0x2c61519069a069f47954e3650d90fdc9ef7ccf5b74028275dfa19b4ecc254b4f

[32meth_chainId[0m
[32meth_chainId (2)[0m
[32meth_getTransactionReceipt[0m
[32meth_chainId[0m
[32meth_call[0m
  Contract call:       <UnrecognizedContract>
  From:                0xf39fd6e51aad88f6f4ce6ab8827279cfffb92266
  To:                  0xc5a5c42992decbae36851359345fe25997f5c42d

[32meth_getTransactionCount[0m
[32meth_chainId[0m
[32meth_estimateGas[0m
[32meth_chainId[0m
[32meth_chainId (2)[0m
[32meth_chainId (3)[0m
[32meth_sendRawTransaction[0m
  Contract call:       <UnrecognizedContract>
  Transaction:         0xa996738a9e046b59589f4896f4bd5974769df0eccadee05a9c373e29d436d980
  From:                0xf39fd6e51aad88f6f4ce6ab8827279cfffb92266
  To:                  0xc5a5c42992decbae36851359345fe25997f5c42d
  Value:               0 ETH
  Gas used:            238328 of 238328
  Block #92:           0x8b60ff4b90f290c67ef9dda503adbb5887b9ce4cfb5c142754e7b3b1ac063f66

[32meth_chainId[0m
[32meth_chainId (2)[0m
[32meth_getTransactionReceipt[0m
[32meth_getTransactionCount[0m
[32meth_chainId[0m
[32meth_estimateGas[0m
[32meth_chainId[0m
[32meth_chainId (2)[0m
[32meth_getBlockByNumber[0m
[32meth_gasPrice[0m
[32meth_maxPriorityFeePerGas[0m
[32meth_chainId[0m
[32meth_blockNumber[0m
[32meth_sendRawTransaction[0m
  Contract call:       <UnrecognizedContract>
  Transaction:         0x0c2f19b27f8cf7b76ca6d83b9c773f7b22079295ad51672a70e60439949ae1f5
  From:                0xf39fd6e51aad88f6f4ce6ab8827279cfffb92266
  To:                  0xc5a5c42992decbae36851359345fe25997f5c42d
  Value:               0 ETH
  Gas used:            201307 of 201307
  Block #93:           0xc0f83e6e66cb2ec69444a4fdeb77ac6a596b806f50a429488bfd769b3a88118b

[32meth_chainId[0m
[32meth_chainId (2)[0m
[32meth_getTransactionReceipt[0m
[32meth_chainId[0m
[32meth_estimateGas[0m
[32meth_chainId[0m
[32meth_chainId (2)[0m
[32meth_chainId (3)[0m
[32meth_sendRawTransaction[0m
  Contract call:       <UnrecognizedContract>
  Transaction:         0xebf027bb3b2d5bfe80f73ff99872df7471dbfe5629fb1bced2936cf15b4f5fa1
  From:                0xf39fd6e51aad88f6f4ce6ab8827279cfffb92266
  To:                  0xc5a5c42992decbae36851359345fe25997f5c42d
  Value:               0 ETH
  Gas used:            292155 of 292155
  Block #94:           0x078415b4e7a4321a6dafd2a011ad32b99133b032cf801708778ef85368114a53

[32meth_chainId[0m
[32meth_chainId (2)[0m
[32meth_getTransactionReceipt[0m
[32meth_getTransactionCount[0m
[32meth_chainId[0m
[32meth_estimateGas[0m
[32meth_chainId[0m
[32meth_chainId (2)[0m
[32meth_getBlockByNumber[0m
[32meth_gasPrice[0m
[32meth_maxPriorityFeePerGas[0m
[32meth_chainId[0m
[32meth_blockNumber[0m
[32meth_sendRawTransaction[0m
  Contract call:       <UnrecognizedContract>
  Transaction:         0xf0566e5162dae49c1afb75f786e87045de36140b2ce2a67d3134d1da4672b679
  From:                0xf39fd6e51aad88f6f4ce6ab8827279cfffb92266
  To:                  0xc5a5c42992decbae36851359345fe25997f5c42d
  Value:               0 ETH
  Gas used:            269410 of 269410
  Block #95:           0x1fdd60c1a3b91af89ea2fd9a3e72ff76f441223fbe584d43f5e859cfcb758a56

[32meth_chainId[0m
[32meth_chainId (2)[0m
[32meth_getTransactionReceipt[0m
[32meth_chainId[0m
[32meth_call[0m
  Contract call:       <UnrecognizedContract>
  From:                0xf39fd6e51aad88f6f4ce6ab8827279cfffb92266
  To:                  0xc5a5c42992decbae36851359345fe25997f5c42d

[32meth_chainId[0m
[32meth_estimateGas[0m
[32meth_chainId[0m
[32meth_chainId (2)[0m
[32meth_chainId (3)[0m
[32meth_sendRawTransaction[0m
  Contract call:       <UnrecognizedContract>
  Transaction:         0xe7aa34082842326a33af0b48570809447de33ba8453207260450842e3cef91c1
  From:                0xf39fd6e51aad88f6f4ce6ab8827279cfffb92266
  To:                  0xc5a5c42992decbae36851359345fe25997f5c42d
  Value:               0 ETH
  Gas used:            238340 of 238340
  Block #96:           0x84797daac651f6f6745195b4d4a621b503f3c16dcf767fd11ba17a1035da6188

[32meth_chainId[0m
[32meth_chainId (2)[0m
[32meth_getTransactionReceipt[0m
[32meth_getTransactionCount[0m
[32meth_chainId[0m
[32meth_estimateGas[0m
[32meth_chainId[0m
[32meth_chainId (2)[0m
[32meth_getBlockByNumber[0m
[32meth_gasPrice[0m
[32meth_maxPriorityFeePerGas[0m
[32meth_chainId[0m
[32meth_blockNumber[0m
[32meth_sendRawTransaction[0m
  Contract call:       <UnrecognizedContract>
  Transaction:         0xc616279c61b53fad54b6910ee95ac54d657bcd57b0052152ee2e0079e7689972
  From:                0xf39fd6e51aad88f6f4ce6ab8827279cfffb92266
  To:                  0xc5a5c42992decbae36851359345fe25997f5c42d
  Value:               0 ETH
  Gas used:            201307 of 201307
  Block #97:           0x39b7b78177da0b3e597e288e6fea50085aacf4568570e108c997f3036cc41bdd

[32meth_chainId[0m
[32meth_chainId (2)[0m
[32meth_getTransactionReceipt[0m
[32meth_chainId[0m
[32meth_estimateGas[0m
[32meth_chainId[0m
[32meth_chainId (2)[0m
[32meth_chainId (3)[0m
[32meth_sendRawTransaction[0m
  Contract call:       <UnrecognizedContract>
  Transaction:         0xfe1b5553aa48288a6132311f6d7d54531238c00c71fe41c19261ff80edee5ead
  From:                0xf39fd6e51aad88f6f4ce6ab8827279cfffb92266
  To:                  0xc5a5c42992decbae36851359345fe25997f5c42d
  Value:               0 ETH
  Gas used:            292155 of 292155
  Block #98:           0xf15d80ab4eb57d970ca58638d29a2cba17195ee77344dbe1524757ec158d191e

[32meth_chainId[0m
[32meth_chainId (2)[0m
[32meth_getTransactionReceipt[0m
[32meth_getTransactionCount[0m
[32meth_chainId[0m
[32meth_estimateGas[0m
[32meth_chainId[0m
[32meth_chainId (2)[0m
[32meth_getBlockByNumber[0m
[32meth_gasPrice[0m
[32meth_maxPriorityFeePerGas[0m
[32meth_chainId[0m
[32meth_blockNumber[0m
[32meth_sendRawTransaction[0m
  Contract call:       <UnrecognizedContract>
  Transaction:         0x244734137febe4953354f34cac3ed2f509ca803be653644b3c392e079f405289
  From:                0xf39fd6e51aad88f6f4ce6ab8827279cfffb92266
  To:                  0xc5a5c42992decbae36851359345fe25997f5c42d
  Value:               0 ETH
  Gas used:            269410 of 269410
  Block #99:           0xbe019107e9cf3fea6915b62f20a01988796abe4dde897420fe2b0c6447955ffd

[32meth_chainId[0m
[32meth_chainId (2)[0m
[32meth_getTransactionReceipt[0m
[32meth_chainId[0m
[32meth_call[0m
  Contract call:       <UnrecognizedContract>
  From:                0xf39fd6e51aad88f6f4ce6ab8827279cfffb92266
  To:                  0xc5a5c42992decbae36851359345fe25997f5c42d

[32meth_chainId[0m
[32meth_estimateGas[0m
[32meth_chainId[0m
[32meth_chainId (2)[0m
[32meth_chainId (3)[0m
[32meth_sendRawTransaction[0m
  Contract call:       <UnrecognizedContract>
  Transaction:         0x958e81b7905803b4b658361abe4f3aaec8acb9866b66d93cd005913bc5c3f8d1
  From:                0xf39fd6e51aad88f6f4ce6ab8827279cfffb92266
  To:                  0xc5a5c42992decbae36851359345fe25997f5c42d
  Value:               0 ETH
  Gas used:            238268 of 238268
  Block #100:          0xe337eb0e4a004eb8f959f8a27de14dbc7628f0f774d54653db107290336ebf7b

[32meth_chainId[0m
[32meth_chainId (2)[0m
[32meth_getTransactionReceipt[0m
[32meth_getTransactionCount[0m
[32meth_chainId[0m
[32meth_estimateGas[0m
[32meth_chainId[0m
[32meth_chainId (2)[0m
[32meth_getBlockByNumber[0m
[32meth_gasPrice[0m
[32meth_maxPriorityFeePerGas[0m
[32meth_chainId[0m
[32meth_blockNumber[0m
[32meth_sendRawTransaction[0m
  Contract call:       <UnrecognizedContract>
  Transaction:         0x0f046c5662626faa97e5a4182ea12f2a4408853dde5680bbcb382f2c153d0f0b
  From:                0xf39fd6e51aad88f6f4ce6ab8827279cfffb92266
  To:                  0xc5a5c42992decbae36851359345fe25997f5c42d
  Value:               0 ETH
  Gas used:            201307 of 201307
  Block #101:          0xfa3b55dfde8f3f04750967ac42ebc82bc3e54e7ae5d2868c4a6bfb7adb8426bb

[32meth_chainId[0m
[32meth_chainId (2)[0m
[32meth_getTransactionReceipt[0m
[32meth_chainId[0m
[32meth_estimateGas[0m
[32meth_chainId[0m
[32meth_chainId (2)[0m
[32meth_chainId (3)[0m
[32meth_sendRawTransaction[0m
  Contract call:       <UnrecognizedContract>
  Transaction:         0x84aa070fd855eecea578a7939a927c24be56dbe72d2c74de30c4efc2238f7f38
  From:                0xf39fd6e51aad88f6f4ce6ab8827279cfffb92266
  To:                  0xc5a5c42992decbae36851359345fe25997f5c42d
  Value:               0 ETH
  Gas used:            292155 of 292155
  Block #102:          0x0b626291909a2c699e723beef1765d0e8cc75c986821bac531053177fa7df191

[32meth_chainId[0m
[32meth_chainId (2)[0m
[32meth_getTransactionReceipt[0m
[32meth_getTransactionCount[0m
[32meth_chainId[0m
[32meth_estimateGas[0m
[32meth_chainId[0m
[32meth_chainId (2)[0m
[32meth_getBlockByNumber[0m
[32meth_gasPrice[0m
[32meth_maxPriorityFeePerGas[0m
[32meth_chainId[0m
[32meth_blockNumber[0m
[32meth_sendRawTransaction[0m
  Contract call:       <UnrecognizedContract>
  Transaction:         0x337fc0c9cb8ccb39e542698832f9e64707a38ae7815e7e10dbc79836fcba83a3
  From:                0xf39fd6e51aad88f6f4ce6ab8827279cfffb92266
  To:                  0xc5a5c42992decbae36851359345fe25997f5c42d
  Value:               0 ETH
  Gas used:            269410 of 269410
  Block #103:          0xdd85bbe4ac282bbee7cb9bb658e0146b374ee4bbf2a586afec1467a9bfcf4c32

[32meth_chainId[0m
[32meth_chainId (2)[0m
[32meth_getTransactionReceipt[0m
[32meth_chainId[0m
[32meth_call[0m
  Contract call:       <UnrecognizedContract>
  From:                0xf39fd6e51aad88f6f4ce6ab8827279cfffb92266
  To:                  0xc5a5c42992decbae36851359345fe25997f5c42d

[32meth_chainId[0m
[32meth_estimateGas[0m
[32meth_chainId[0m
[32meth_chainId (2)[0m
[32meth_chainId (3)[0m
[32meth_sendRawTransaction[0m
  Contract call:       <UnrecognizedContract>
  Transaction:         0x3641baddf56c25a6252503b723e3ebf4782ea610b0bff677bb34683e7a62ebd7
  From:                0xf39fd6e51aad88f6f4ce6ab8827279cfffb92266
  To:                  0xc5a5c42992decbae36851359345fe25997f5c42d
  Value:               0 ETH
  Gas used:            238244 of 238244
  Block #104:          0xbb258793dfda0a4af2f94b67afe05e75c58a46cfd405ff088957d6d4e4fc6d62

[32meth_chainId[0m
[32meth_chainId (2)[0m
[32meth_getTransactionReceipt[0m
[32meth_getTransactionCount[0m
[32meth_chainId[0m
[32meth_estimateGas[0m
[32meth_chainId[0m
[32meth_chainId (2)[0m
[32meth_getBlockByNumber[0m
[32meth_gasPrice[0m
[32meth_maxPriorityFeePerGas[0m
[32meth_chainId[0m
[32meth_blockNumber[0m
[32meth_sendRawTransaction[0m
  Contract call:       <UnrecognizedContract>
  Transaction:         0xc4fb0415c4abba83b3909a5f08af1ff4c368769dc48e91a089095bfadd9fd1f1
  From:                0xf39fd6e51aad88f6f4ce6ab8827279cfffb92266
  To:                  0xc5a5c42992decbae36851359345fe25997f5c42d
  Value:               0 ETH
  Gas used:            201307 of 201307
  Block #105:          0xfc850aaba8777cb9d66999e78380821d4e8d257b166c058d1843d467ad405cd0

[32meth_chainId[0m
[32meth_chainId (2)[0m
[32meth_getTransactionReceipt[0m
[32meth_chainId[0m
[32meth_estimateGas[0m
[32meth_chainId[0m
[32meth_chainId (2)[0m
[32meth_chainId (3)[0m
[32meth_sendRawTransaction[0m
  Contract call:       <UnrecognizedContract>
  Transaction:         0x256d1fc10a3256de2e0a0523e10a266ab1cec41e648c68e82416a78921c3b1cf
  From:                0xf39fd6e51aad88f6f4ce6ab8827279cfffb92266
  To:                  0xc5a5c42992decbae36851359345fe25997f5c42d
  Value:               0 ETH
  Gas used:            292143 of 292143
  Block #106:          0x2c40a803c99f852a29caf8de34e20f7857817dbf89c5f5f9bbe021e104a46308

[32meth_chainId[0m
[32meth_chainId (2)[0m
[32meth_getTransactionReceipt[0m
[32meth_getTransactionCount[0m
[32meth_chainId[0m
[32meth_estimateGas[0m
[32meth_chainId[0m
[32meth_chainId (2)[0m
[32meth_getBlockByNumber[0m
[32meth_gasPrice[0m
[32meth_maxPriorityFeePerGas[0m
[32meth_chainId[0m
[32meth_blockNumber[0m
[32meth_sendRawTransaction[0m
  Contract call:       <UnrecognizedContract>
  Transaction:         0x1a37e163c8d512301077131fc7d48040bed778b3a854c081531df14d5fb8d0dc
  From:                0xf39fd6e51aad88f6f4ce6ab8827279cfffb92266
  To:                  0xc5a5c42992decbae36851359345fe25997f5c42d
  Value:               0 ETH
  Gas used:            269410 of 269410
  Block #107:          0x55ab024aeae91768ac481fd11ba1dab184e2a9d1dabcff6652ca3ee0d92629b9

[32meth_chainId[0m
[32meth_chainId (2)[0m
[32meth_getTransactionReceipt[0m
[32meth_chainId[0m
[32meth_call[0m
  Contract call:       <UnrecognizedContract>
  From:                0xf39fd6e51aad88f6f4ce6ab8827279cfffb92266
  To:                  0xc5a5c42992decbae36851359345fe25997f5c42d

[32meth_chainId[0m
[32meth_estimateGas[0m
[32meth_chainId[0m
[32meth_chainId (2)[0m
[32meth_getBlockByNumber[0m
[32meth_gasPrice[0m
[32meth_maxPriorityFeePerGas[0m
[32meth_chainId[0m
[32meth_blockNumber[0m
[32meth_sendRawTransaction[0m
  Contract call:       <UnrecognizedContract>
  Transaction:         0xbd60f74d8eeabca7b8371a910142bd3d04acf2324aeb7d1756895166699ce2be
  From:                0xf39fd6e51aad88f6f4ce6ab8827279cfffb92266
  To:                  0xc5a5c42992decbae36851359345fe25997f5c42d
  Value:               0 ETH
  Gas used:            215727 of 215727
  Block #108:          0xed602c506b9c21f41ec90b60a157b60cb1925ec0a68d69035b093ae5d973b884

[32meth_chainId[0m
[32meth_chainId (2)[0m
[32meth_getTransactionReceipt[0m
[32meth_getTransactionCount[0m
[32meth_chainId[0m
[32meth_estimateGas[0m
[32meth_chainId[0m
[32meth_chainId (2)[0m
[32meth_getBlockByNumber[0m
[32meth_gasPrice[0m
[32meth_maxPriorityFeePerGas[0m
[32meth_chainId[0m
[32meth_blockNumber[0m
[32meth_sendRawTransaction[0m
  Contract call:       <UnrecognizedContract>
  Transaction:         0x91c07f145066ba288e478c0bbe631924811d60df75db7aa792b192c368b4984b
  From:                0xf39fd6e51aad88f6f4ce6ab8827279cfffb92266
  To:                  0xc5a5c42992decbae36851359345fe25997f5c42d
  Value:               0 ETH
  Gas used:            201283 of 201283
  Block #109:          0x66e80beb9a8ac9dc809f23655544cd546cd3a9bfba748a2b07e19697169f58da

[32meth_chainId[0m
[32meth_chainId (2)[0m
[32meth_getTransactionReceipt[0m
[32meth_chainId[0m
[32meth_estimateGas[0m
[32meth_chainId[0m
[32meth_chainId (2)[0m
[32meth_chainId (3)[0m
[32meth_sendRawTransaction[0m
  Contract call:       <UnrecognizedContract>
  Transaction:         0x7bd1841c193ae3156a3a8438142199d5fd32e09d1306f6e1011386decce3ad82
  From:                0xf39fd6e51aad88f6f4ce6ab8827279cfffb92266
  To:                  0xc5a5c42992decbae36851359345fe25997f5c42d
  Value:               0 ETH
  Gas used:            201463 of 201463
  Block #110:          0xfac826698b71cab440375d50391ba6722d0c6450c91d904473fc63481fa17388

[32meth_chainId[0m
[32meth_chainId (2)[0m
[32meth_getTransactionReceipt[0m
[32meth_chainId[0m
[32meth_call[0m
  Contract call:       <UnrecognizedContract>
  From:                0xf39fd6e51aad88f6f4ce6ab8827279cfffb92266
  To:                  0xc5a5c42992decbae36851359345fe25997f5c42d

[32meth_getTransactionCount[0m
[32meth_chainId[0m
[32meth_estimateGas[0m
[32meth_chainId[0m
[32meth_chainId (2)[0m
[32meth_getBlockByNumber[0m
[32meth_gasPrice[0m
[32meth_maxPriorityFeePerGas[0m
[32meth_chainId[0m
[32meth_blockNumber[0m
[32meth_sendRawTransaction[0m
  Contract call:       <UnrecognizedContract>
  Transaction:         0x91243693fb38f12b182ab2502fc98f04b92c781a1b5e2f4c42d56ad9fa9d392e
  From:                0xf39fd6e51aad88f6f4ce6ab8827279cfffb92266
  To:                  0xc5a5c42992decbae36851359345fe25997f5c42d
  Value:               0 ETH
  Gas used:            215739 of 215739
  Block #111:          0x0c32516dfea5f8a46e3f3a43d35ead46cbd1ec5b4126f9a7e6a39fec6b9f6a06

[32meth_chainId[0m
[32meth_chainId (2)[0m
[32meth_getTransactionReceipt[0m
[32meth_getTransactionCount[0m
[32meth_chainId[0m
[32meth_estimateGas[0m
[32meth_chainId[0m
[32meth_chainId (2)[0m
[32meth_getBlockByNumber[0m
[32meth_gasPrice[0m
[32meth_maxPriorityFeePerGas[0m
[32meth_chainId[0m
[32meth_blockNumber[0m
[32meth_sendRawTransaction[0m
  Contract call:       <UnrecognizedContract>
  Transaction:         0x46b0a8a9e6b3df64b06c667d1727c8e93faee2045f77e3cdf0d1ed508c48522c
  From:                0xf39fd6e51aad88f6f4ce6ab8827279cfffb92266
  To:                  0xc5a5c42992decbae36851359345fe25997f5c42d
  Value:               0 ETH
  Gas used:            201479 of 201479
  Block #112:          0x5427c31d9cee03c981e63643fd6c8930d84c98492bf772f48f38d23e27d07028

[32meth_chainId[0m
[32meth_chainId (2)[0m
[32meth_getTransactionReceipt[0m
[32meth_chainId[0m
[32meth_call[0m
  Contract call:       <UnrecognizedContract>
  From:                0xf39fd6e51aad88f6f4ce6ab8827279cfffb92266
  To:                  0xc5a5c42992decbae36851359345fe25997f5c42d

[32meth_getTransactionCount[0m
[32meth_chainId[0m
[32meth_estimateGas[0m
[32meth_chainId[0m
[32meth_chainId (2)[0m
[32meth_getBlockByNumber[0m
[32meth_gasPrice[0m
[32meth_maxPriorityFeePerGas[0m
[32meth_chainId[0m
[32meth_blockNumber[0m
[32meth_sendRawTransaction[0m
  Contract call:       <UnrecognizedContract>
  Transaction:         0xe1240af845060072acf7f16ce51f546441caaa6dd76e5ea7e68c5b2330c238db
  From:                0xf39fd6e51aad88f6f4ce6ab8827279cfffb92266
  To:                  0xc5a5c42992decbae36851359345fe25997f5c42d
  Value:               0 ETH
  Gas used:            215739 of 215739
  Block #113:          0x2226eea1c0c9cd35080996f294b7a6dbb18a208e579fa8d24f41becf451f3f16

[32meth_chainId[0m
[32meth_chainId (2)[0m
[32meth_getTransactionReceipt[0m
[32meth_getTransactionCount[0m
[32meth_chainId[0m
[32meth_estimateGas[0m
[32meth_chainId[0m
[32meth_chainId (2)[0m
[32meth_getBlockByNumber[0m
[32meth_gasPrice[0m
[32meth_maxPriorityFeePerGas[0m
[32meth_chainId[0m
[32meth_blockNumber[0m
[32meth_sendRawTransaction[0m
  Contract call:       <UnrecognizedContract>
  Transaction:         0x9708a9ff1163e323798a225f1e2537c059a76865293158822687f4a6d5a4d2d7
  From:                0xf39fd6e51aad88f6f4ce6ab8827279cfffb92266
  To:                  0xc5a5c42992decbae36851359345fe25997f5c42d
  Value:               0 ETH
  Gas used:            201355 of 201355
  Block #114:          0x94876e71d1798940f72880fb6cf801b9ba8b6e511e03f45d122928b42120c2f5

[32meth_chainId[0m
[32meth_chainId (2)[0m
[32meth_getTransactionReceipt[0m
[32meth_chainId[0m
[32meth_estimateGas[0m
[32meth_chainId[0m
[32meth_chainId (2)[0m
[32meth_chainId (3)[0m
[32meth_sendRawTransaction[0m
  Contract call:       <UnrecognizedContract>
  Transaction:         0x03c2a7c5221dcf1a0fd4295e839404b0d3a66200af91c769f962e06ecfec26a6
  From:                0xf39fd6e51aad88f6f4ce6ab8827279cfffb92266
  To:                  0xc5a5c42992decbae36851359345fe25997f5c42d
  Value:               0 ETH
  Gas used:            223968 of 223968
  Block #115:          0x95c278aee0a21f5e5062dba5a8c520a3429604824f1a314cda97b11ad765bc97

[32meth_chainId[0m
[32meth_chainId (2)[0m
[32meth_getTransactionReceipt[0m
[32meth_chainId[0m
[32meth_call[0m
  Contract call:       <UnrecognizedContract>
  From:                0xf39fd6e51aad88f6f4ce6ab8827279cfffb92266
  To:                  0xc5a5c42992decbae36851359345fe25997f5c42d

[32meth_getTransactionCount[0m
[32meth_chainId[0m
[32meth_estimateGas[0m
[32meth_chainId[0m
[32meth_chainId (2)[0m
[32meth_getBlockByNumber[0m
[32meth_gasPrice[0m
[32meth_maxPriorityFeePerGas[0m
[32meth_chainId[0m
[32meth_blockNumber[0m
[32meth_sendRawTransaction[0m
  Contract call:       <UnrecognizedContract>
  Transaction:         0x519fc6b18939eb19d3abc5d5c8bba301b33f197f532b5c58ba17d52902c12330
  From:                0xf39fd6e51aad88f6f4ce6ab8827279cfffb92266
  To:                  0xc5a5c42992decbae36851359345fe25997f5c42d
  Value:               0 ETH
  Gas used:            215739 of 215739
  Block #116:          0x7aa2a079c20aa6694b14e231cb64e58977bcbb1605fa2acdf3446148a3e73a70

[32meth_chainId[0m
[32meth_chainId (2)[0m
[32meth_getTransactionReceipt[0m
[32meth_chainId[0m
[32meth_call[0m
  Contract call:       <UnrecognizedContract>
  From:                0xf39fd6e51aad88f6f4ce6ab8827279cfffb92266
  To:                  0xc5a5c42992decbae36851359345fe25997f5c42d

[32meth_chainId[0m
[32meth_blockNumber[0m
[32meth_chainId[0m
[32meth_blockNumber[0m
[32meth_chainId[0m
[32meth_blockNumber[0m
[32meth_chainId[0m
[32meth_accounts[0m
[32meth_accounts (2)[0m
[32meth_blockNumber[0m
[32meth_getBlockByNumber[0m
[32meth_feeHistory[0m
[32meth_estimateGas[0m
[32meth_sendTransaction[0m
  Contract deployment: <UnrecognizedContract>
  Contract address:    0x3347b4d90ebe72befb30444c9966b2b990ae9fcb
  Transaction:         0xfe2c6445748a6a86e4c1624e8cd5ac3cf95edc9bcf232200a80ee362185205df
  From:                0xf39fd6e51aad88f6f4ce6ab8827279cfffb92266
  Value:               0 ETH
  Gas used:            1155063 of 1155063
  Block #117:          0x87641e8adc72a351122200182595164be80219aa3a5d2bccbf7a0eb0cf291099

[32meth_getTransactionByHash[0m
[32meth_getTransactionReceipt[0m
[32meth_chainId[0m
[32meth_blockNumber[0m
[32meth_chainId[0m
[32meth_call[0m
  Contract call:       <UnrecognizedContract>
  From:                0xf39fd6e51aad88f6f4ce6ab8827279cfffb92266
  To:                  0x3347b4d90ebe72befb30444c9966b2b990ae9fcb

[32meth_getTransactionCount[0m
[32meth_chainId[0m
[32meth_estimateGas[0m
[32meth_chainId[0m
[32meth_chainId (2)[0m
[32meth_getBlockByNumber[0m
[32meth_gasPrice[0m
[32meth_maxPriorityFeePerGas[0m
[32meth_chainId[0m
[32meth_blockNumber[0m
[32meth_sendRawTransaction[0m
  Contract call:       <UnrecognizedContract>
  Transaction:         0xe70ddd4cbae88b037ce614f3e81b325d075490680f6d75efea65f749aca1f7fe
  From:                0xf39fd6e51aad88f6f4ce6ab8827279cfffb92266
  To:                  0x3347b4d90ebe72befb30444c9966b2b990ae9fcb
  Value:               0 ETH
  Gas used:            255404 of 255404
  Block #118:          0xf52079c617b8b4c0e42cff14727988237c0ca88c04c6582db8b55bc70e310742

[32meth_chainId[0m
[32meth_chainId (2)[0m
[32meth_getTransactionReceipt[0m
[32meth_getTransactionCount[0m
[32meth_chainId[0m
[32meth_estimateGas[0m
[32meth_chainId[0m
[32meth_chainId (2)[0m
[32meth_getBlockByNumber[0m
[32meth_gasPrice[0m
[32meth_maxPriorityFeePerGas[0m
[32meth_chainId[0m
[32meth_blockNumber[0m
[32meth_sendRawTransaction[0m
  Contract call:       <UnrecognizedContract>
  Transaction:         0xc5559c079eba694e9727ea306d523019273a0ee6605797c80e96f7842f1498c5
  From:                0xf39fd6e51aad88f6f4ce6ab8827279cfffb92266
  To:                  0x3347b4d90ebe72befb30444c9966b2b990ae9fcb
  Value:               0 ETH
  Gas used:            201307 of 201307
  Block #119:          0x408b73e5357c188e43a0f71643219271cf8a5af54615a888e2fbba31e03a7be4

[32meth_chainId[0m
[32meth_chainId (2)[0m
[32meth_getTransactionReceipt[0m
[32meth_getTransactionCount[0m
[32meth_chainId[0m
[32meth_estimateGas[0m
[32meth_chainId[0m
[32meth_chainId (2)[0m
[32meth_chainId (3)[0m
[32meth_sendRawTransaction[0m
  Contract call:       <UnrecognizedContract>
  Transaction:         0x109bbbe0cd73375383a3b638efb87103abcb203f0b182576280564abde64e2a4
  From:                0xf39fd6e51aad88f6f4ce6ab8827279cfffb92266
  To:                  0x3347b4d90ebe72befb30444c9966b2b990ae9fcb
  Value:               0 ETH
  Gas used:            269410 of 269410
  Block #120:          0x13c2e136026f0a2cc040672c83a6929c82f3742e78c0fd6040f48737a1452137

[32meth_chainId[0m
[32meth_chainId (2)[0m
[32meth_getTransactionReceipt[0m
[32meth_chainId[0m
[32meth_call[0m
  Contract call:       <UnrecognizedContract>
  From:                0xf39fd6e51aad88f6f4ce6ab8827279cfffb92266
  To:                  0x3347b4d90ebe72befb30444c9966b2b990ae9fcb

[32meth_chainId[0m
[32meth_estimateGas[0m
[32meth_chainId[0m
[32meth_chainId (2)[0m
[32meth_getBlockByNumber[0m
[32meth_gasPrice[0m
[32meth_maxPriorityFeePerGas[0m
[32meth_chainId[0m
[32meth_blockNumber[0m
[32meth_sendRawTransaction[0m
  Contract call:       <UnrecognizedContract>
  Transaction:         0xdad197603a7f661dd8e1a34f297199d97428beb20dea0a0c87bd105c9cc1e437
  From:                0xf39fd6e51aad88f6f4ce6ab8827279cfffb92266
  To:                  0x3347b4d90ebe72befb30444c9966b2b990ae9fcb
  Value:               0 ETH
  Gas used:            238280 of 238280
  Block #121:          0xb6af8bd59b4ebf4fcfd93a60fd2274b669f131229823497b51b82a73ad1f485c

[32meth_chainId[0m
[32meth_chainId (2)[0m
[32meth_getTransactionReceipt[0m
[32meth_getTransactionCount[0m
[32meth_chainId[0m
[32meth_estimateGas[0m
[32meth_chainId[0m
[32meth_chainId (2)[0m
[32meth_getBlockByNumber[0m
[32meth_gasPrice[0m
[32meth_maxPriorityFeePerGas[0m
[32meth_chainId[0m
[32meth_blockNumber[0m
[32meth_sendRawTransaction[0m
  Contract call:       <UnrecognizedContract>
  Transaction:         0x23f8d53a112f24515744efaa354988c116f4dec70ccc848be4d4e489c8e8c26a
  From:                0xf39fd6e51aad88f6f4ce6ab8827279cfffb92266
  To:                  0x3347b4d90ebe72befb30444c9966b2b990ae9fcb
  Value:               0 ETH
  Gas used:            201307 of 201307
  Block #122:          0x40f2e23992f5452d49215d7bfc7626f1b455b9c0805f956da53c6e0bf8cb5bfd

[32meth_chainId[0m
[32meth_chainId (2)[0m
[32meth_getTransactionReceipt[0m
[32meth_chainId[0m
[32meth_estimateGas[0m
[32meth_chainId[0m
[32meth_chainId (2)[0m
[32meth_chainId (3)[0m
[32meth_sendRawTransaction[0m
  Contract call:       <UnrecognizedContract>
  Transaction:         0x7e11a8d11599d2e5e5ee51a8ddbd22b3d8632b3db95e629f531cbe61d5772d72
  From:                0xf39fd6e51aad88f6f4ce6ab8827279cfffb92266
  To:                  0x3347b4d90ebe72befb30444c9966b2b990ae9fcb
  Value:               0 ETH
  Gas used:            292155 of 292155
  Block #123:          0xa21ea4733fac1091fa2c1869bf8334840baf6bb02a325c909b98e36edd5568ed

[32meth_chainId[0m
[32meth_chainId (2)[0m
[32meth_getTransactionReceipt[0m
[32meth_getTransactionCount[0m
[32meth_chainId[0m
[32meth_estimateGas[0m
[32meth_chainId[0m
[32meth_chainId (2)[0m
[32meth_getBlockByNumber[0m
[32meth_gasPrice[0m
[32meth_maxPriorityFeePerGas[0m
[32meth_chainId[0m
[32meth_blockNumber[0m
[32meth_sendRawTransaction[0m
  Contract call:       <UnrecognizedContract>
  Transaction:         0x22aa2aac04b0aad4e89818a7f5c18f77fa9e32bedde071ebc2ca19056a6fd796
  From:                0xf39fd6e51aad88f6f4ce6ab8827279cfffb92266
  To:                  0x3347b4d90ebe72befb30444c9966b2b990ae9fcb
  Value:               0 ETH
  Gas used:            269386 of 269386
  Block #124:          0xf03708e864d32c3ff952f65b862e7301d76c552ddd7df2173f149439ebc2ac0e

[32meth_chainId[0m
[32meth_chainId (2)[0m
[32meth_getTransactionReceipt[0m
[32meth_chainId[0m
[32meth_call[0m
  Contract call:       <UnrecognizedContract>
  From:                0xf39fd6e51aad88f6f4ce6ab8827279cfffb92266
  To:                  0x3347b4d90ebe72befb30444c9966b2b990ae9fcb

[32meth_chainId[0m
[32meth_estimateGas[0m
[32meth_chainId[0m
[32meth_chainId (2)[0m
[32meth_getBlockByNumber[0m
[32meth_gasPrice[0m
[32meth_maxPriorityFeePerGas[0m
[32meth_chainId[0m
[32meth_blockNumber[0m
[32meth_sendRawTransaction[0m
  Contract call:       <UnrecognizedContract>
  Transaction:         0xe735ccf0877b0c0daf443fc370483c4194dc1b61ddbfc72c9147eb2cbeb8f1ea
  From:                0xf39fd6e51aad88f6f4ce6ab8827279cfffb92266
  To:                  0x3347b4d90ebe72befb30444c9966b2b990ae9fcb
  Value:               0 ETH
  Gas used:            238328 of 238328
  Block #125:          0x95069829d288988eb2c3ab35a363a1315d2db3057dc498802d8fb54890b2fc30

[32meth_chainId[0m
[32meth_chainId (2)[0m
[32meth_getTransactionReceipt[0m
[32meth_getTransactionCount[0m
[32meth_chainId[0m
[32meth_estimateGas[0m
[32meth_chainId[0m
[32meth_chainId (2)[0m
[32meth_getBlockByNumber[0m
[32meth_gasPrice[0m
[32meth_maxPriorityFeePerGas[0m
[32meth_chainId[0m
[32meth_blockNumber[0m
[32meth_sendRawTransaction[0m
  Contract call:       <UnrecognizedContract>
  Transaction:         0xf0fa155ab4dc24e656750f73abc9788d51db9809db4f34dda8ae92cb29f2834c
  From:                0xf39fd6e51aad88f6f4ce6ab8827279cfffb92266
  To:                  0x3347b4d90ebe72befb30444c9966b2b990ae9fcb
  Value:               0 ETH
  Gas used:            201451 of 201451
  Block #126:          0x972c1b500b6c6a8e0e523def52bf6a60bf1601db7081a8369dbe213257210033

[32meth_chainId[0m
[32meth_chainId (2)[0m
[32meth_getTransactionReceipt[0m
[32meth_chainId[0m
[32meth_call[0m
  Contract call:       <UnrecognizedContract>
  From:                0xf39fd6e51aad88f6f4ce6ab8827279cfffb92266
  To:                  0x3347b4d90ebe72befb30444c9966b2b990ae9fcb

[32meth_getTransactionCount[0m
[32meth_chainId[0m
[32meth_estimateGas[0m
[32meth_chainId[0m
[32meth_chainId (2)[0m
[32meth_getBlockByNumber[0m
[32meth_gasPrice[0m
[32meth_maxPriorityFeePerGas[0m
[32meth_chainId[0m
[32meth_blockNumber[0m
[32meth_sendRawTransaction[0m
  Contract call:       <UnrecognizedContract>
  Transaction:         0xbc7b5ff36116474681b114c65fc4db74b1fe79fd40cf4f0b7c38635efd13b8e4
  From:                0xf39fd6e51aad88f6f4ce6ab8827279cfffb92266
  To:                  0x3347b4d90ebe72befb30444c9966b2b990ae9fcb
  Value:               0 ETH
  Gas used:            238292 of 238292
  Block #127:          0xaf4178e34fd26ff54435cd8662953627acf01024b8ba33750620cc9af79057ca

[32meth_chainId[0m
[32meth_chainId (2)[0m
[32meth_getTransactionReceipt[0m
[32meth_getTransactionCount[0m
[32meth_chainId[0m
[32meth_estimateGas[0m
[32meth_chainId[0m
[32meth_chainId (2)[0m
[32meth_getBlockByNumber[0m
[32meth_gasPrice[0m
[32meth_maxPriorityFeePerGas[0m
[32meth_chainId[0m
[32meth_blockNumber[0m
[32meth_sendRawTransaction[0m
  Contract call:       <UnrecognizedContract>
  Transaction:         0xd6d8c396890cfa3491b3433e7531574b73d4b4e531100bbd2cca9d518e4c6079
  From:                0xf39fd6e51aad88f6f4ce6ab8827279cfffb92266
  To:                  0x3347b4d90ebe72befb30444c9966b2b990ae9fcb
  Value:               0 ETH
  Gas used:            201307 of 201307
  Block #128:          0x5ded9d0df8ae7a2c799acd9de2e04febf992ee4ade1f692a9bb4d6676295a962

[32meth_chainId[0m
[32meth_chainId (2)[0m
[32meth_getTransactionReceipt[0m
[32meth_chainId[0m
[32meth_estimateGas[0m
[32meth_chainId[0m
[32meth_chainId (2)[0m
[32meth_chainId (3)[0m
[32meth_sendRawTransaction[0m
  Contract call:       <UnrecognizedContract>
  Transaction:         0x8841bbd2fad94b986ab1824918ef545c835686506052ec3ed23a1ea02f8e9754
  From:                0xf39fd6e51aad88f6f4ce6ab8827279cfffb92266
  To:                  0x3347b4d90ebe72befb30444c9966b2b990ae9fcb
  Value:               0 ETH
  Gas used:            269410 of 269410
  Block #129:          0x81f2eb9f18aea1a685386906040f04ea01a6ca36a1cbebbffe4c27db2a1a59cc

[32meth_chainId[0m
[32meth_chainId (2)[0m
[32meth_getTransactionReceipt[0m
[32meth_chainId[0m
[32meth_call[0m
  Contract call:       <UnrecognizedContract>
  From:                0xf39fd6e51aad88f6f4ce6ab8827279cfffb92266
  To:                  0x3347b4d90ebe72befb30444c9966b2b990ae9fcb

[32meth_getTransactionCount[0m
[32meth_chainId[0m
[32meth_estimateGas[0m
[32meth_chainId[0m
[32meth_chainId (2)[0m
[32meth_getBlockByNumber[0m
[32meth_gasPrice[0m
[32meth_maxPriorityFeePerGas[0m
[32meth_chainId[0m
[32meth_blockNumber[0m
[32meth_sendRawTransaction[0m
  Contract call:       <UnrecognizedContract>
  Transaction:         0x4ebc3b88124d368e2a3c65960a27bdafb6dcdcbea8873182188ab18b6ddd465d
  From:                0xf39fd6e51aad88f6f4ce6ab8827279cfffb92266
  To:                  0x3347b4d90ebe72befb30444c9966b2b990ae9fcb
  Value:               0 ETH
  Gas used:            238280 of 238280
  Block #130:          0x0e289c16e2e91d3f59537daf63ddb546667904b9d22aa6f5ebe89054862d06af

[32meth_chainId[0m
[32meth_chainId (2)[0m
[32meth_getTransactionReceipt[0m
[32meth_getTransactionCount[0m
[32meth_chainId[0m
[32meth_estimateGas[0m
[32meth_chainId[0m
[32meth_chainId (2)[0m
[32meth_getBlockByNumber[0m
[32meth_gasPrice[0m
[32meth_maxPriorityFeePerGas[0m
[32meth_chainId[0m
[32meth_blockNumber[0m
[32meth_sendRawTransaction[0m
  Contract call:       <UnrecognizedContract>
  Transaction:         0xbcdebb1a0934c221f850a85c850fa4c1b2a81f35ce1a852fef88a63e0d63d607
  From:                0xf39fd6e51aad88f6f4ce6ab8827279cfffb92266
  To:                  0x3347b4d90ebe72befb30444c9966b2b990ae9fcb
  Value:               0 ETH
  Gas used:            201307 of 201307
  Block #131:          0xca64c33517ff1de7e9e8afee8580f3118822b50c57a6443da7280f0205531109

[32meth_chainId[0m
[32meth_chainId (2)[0m
[32meth_getTransactionReceipt[0m
[32meth_getTransactionCount[0m
[32meth_chainId[0m
[32meth_estimateGas[0m
[32meth_chainId[0m
[32meth_chainId (2)[0m
[32meth_chainId (3)[0m
[32meth_sendRawTransaction[0m
  Contract call:       <UnrecognizedContract>
  Transaction:         0x1b08b16a8edfe6dea258f9f49f9a6f36911fe38a1228c12c57e51cfe1e254a9b
  From:                0xf39fd6e51aad88f6f4ce6ab8827279cfffb92266
  To:                  0x3347b4d90ebe72befb30444c9966b2b990ae9fcb
  Value:               0 ETH
  Gas used:            292155 of 292155
  Block #132:          0x0fcfc55ff94fed18d52d739b143fd0b4e48b15f1e806a4c4a13a82bbcf209e0b

[32meth_chainId[0m
[32meth_chainId (2)[0m
[32meth_getTransactionReceipt[0m
[32meth_chainId[0m
[32meth_estimateGas[0m
[32meth_chainId[0m
[32meth_chainId (2)[0m
[32meth_getBlockByNumber[0m
[32meth_gasPrice[0m
[32meth_maxPriorityFeePerGas[0m
[32meth_chainId[0m
[32meth_blockNumber[0m
[32meth_sendRawTransaction[0m
  Contract call:       <UnrecognizedContract>
  Transaction:         0x085d542c266ee44ff5101a46935f08db56c109b935e311e1fcc38d4760921c2d
  From:                0xf39fd6e51aad88f6f4ce6ab8827279cfffb92266
  To:                  0x3347b4d90ebe72befb30444c9966b2b990ae9fcb
  Value:               0 ETH
  Gas used:            269410 of 269410
  Block #133:          0xcc16ebfb64484309b2f4f4fa5d4716142a4db3eab63d9257107e6c2a5a033d5d

[32meth_chainId[0m
[32meth_chainId (2)[0m
[32meth_getTransactionReceipt[0m
[32meth_chainId[0m
[32meth_call[0m
  Contract call:       <UnrecognizedContract>
  From:                0xf39fd6e51aad88f6f4ce6ab8827279cfffb92266
  To:                  0x3347b4d90ebe72befb30444c9966b2b990ae9fcb

[32meth_getTransactionCount[0m
[32meth_chainId[0m
[32meth_estimateGas[0m
[32meth_chainId[0m
[32meth_chainId (2)[0m
[32meth_getBlockByNumber[0m
[32meth_gasPrice[0m
[32meth_maxPriorityFeePerGas[0m
[32meth_chainId[0m
[32meth_blockNumber[0m
[32meth_sendRawTransaction[0m
  Contract call:       <UnrecognizedContract>
  Transaction:         0x6e3ac8af4269a3bd0329109c137eedfa3e35e6e86142899acd52d32fb7eb309f
  From:                0xf39fd6e51aad88f6f4ce6ab8827279cfffb92266
  To:                  0x3347b4d90ebe72befb30444c9966b2b990ae9fcb
  Value:               0 ETH
  Gas used:            238316 of 238316
  Block #134:          0x59acbb5a1f95d8707d6399608b19017e8c1f42497c25c8edb57d9982d0e6da45

[32meth_chainId[0m
[32meth_chainId (2)[0m
[32meth_getTransactionReceipt[0m
[32meth_getTransactionCount[0m
[32meth_chainId[0m
[32meth_estimateGas[0m
[32meth_chainId[0m
[32meth_chainId (2)[0m
[32meth_getBlockByNumber[0m
[32meth_gasPrice[0m
[32meth_maxPriorityFeePerGas[0m
[32meth_chainId[0m
[32meth_blockNumber[0m
[32meth_sendRawTransaction[0m
  Contract call:       <UnrecognizedContract>
  Transaction:         0xa80d77d829e6edcb03f8e718b5ec2f60f23ad3549377f89c8ce88c2222fd2ff2
  From:                0xf39fd6e51aad88f6f4ce6ab8827279cfffb92266
  To:                  0x3347b4d90ebe72befb30444c9966b2b990ae9fcb
  Value:               0 ETH
  Gas used:            201295 of 201295
  Block #135:          0xf073bb83c7b87bac31b2bd77f1ab8ce24c3f4fbd8d25116307e3e38c4cce79d9

[32meth_chainId[0m
[32meth_chainId (2)[0m
[32meth_getTransactionReceipt[0m
[32meth_chainId[0m
[32meth_estimateGas[0m
[32meth_chainId[0m
[32meth_chainId (2)[0m
[32meth_chainId (3)[0m
[32meth_sendRawTransaction[0m
  Contract call:       <UnrecognizedContract>
  Transaction:         0xef9ee3e930bbac0762b5d90851ae70dd9230843dcdbf8a6a2244c82e60001363
  From:                0xf39fd6e51aad88f6f4ce6ab8827279cfffb92266
  To:                  0x3347b4d90ebe72befb30444c9966b2b990ae9fcb
  Value:               0 ETH
  Gas used:            292155 of 292155
  Block #136:          0x5b23a6e0cbbdc603df7dad850a9c5dd4d448a7eab0c5a3d0c1844c8961d3be30

[32meth_chainId[0m
[32meth_chainId (2)[0m
[32meth_getTransactionReceipt[0m
[32meth_getTransactionCount[0m
[32meth_chainId[0m
[32meth_estimateGas[0m
[32meth_chainId[0m
[32meth_chainId (2)[0m
[32meth_getBlockByNumber[0m
[32meth_gasPrice[0m
[32meth_maxPriorityFeePerGas[0m
[32meth_chainId[0m
[32meth_blockNumber[0m
[32meth_sendRawTransaction[0m
  Contract call:       <UnrecognizedContract>
  Transaction:         0x0caee2029f856bd6a9a41c63526467a2a00052f5d9116c638ee01fd74be36fe8
  From:                0xf39fd6e51aad88f6f4ce6ab8827279cfffb92266
  To:                  0x3347b4d90ebe72befb30444c9966b2b990ae9fcb
  Value:               0 ETH
  Gas used:            269410 of 269410
  Block #137:          0x4735e1006fbdee2c0b45348cb5025054cc03d19ecf45dbbf0efda94fd2603042

[32meth_chainId[0m
[32meth_chainId (2)[0m
[32meth_getTransactionReceipt[0m
[32meth_chainId[0m
[32meth_call[0m
  Contract call:       <UnrecognizedContract>
  From:                0xf39fd6e51aad88f6f4ce6ab8827279cfffb92266
  To:                  0x3347b4d90ebe72befb30444c9966b2b990ae9fcb

[32meth_chainId[0m
[32meth_estimateGas[0m
[32meth_chainId[0m
[32meth_chainId (2)[0m
[32meth_chainId (3)[0m
[32meth_sendRawTransaction[0m
  Contract call:       <UnrecognizedContract>
  Transaction:         0xba06dbb086da69a7228a14e3a86667358bea4b92ea8ed221687509bc5586cdf6
  From:                0xf39fd6e51aad88f6f4ce6ab8827279cfffb92266
  To:                  0x3347b4d90ebe72befb30444c9966b2b990ae9fcb
  Value:               0 ETH
  Gas used:            238280 of 238280
  Block #138:          0x3194586598dab58e819d3391af441a9a818dd9a440d139e1a5d5b617450a58cf

[32meth_chainId[0m
[32meth_chainId (2)[0m
[32meth_getTransactionReceipt[0m
[32meth_getTransactionCount[0m
[32meth_chainId[0m
[32meth_estimateGas[0m
[32meth_chainId[0m
[32meth_chainId (2)[0m
[32meth_getBlockByNumber[0m
[32meth_gasPrice[0m
[32meth_maxPriorityFeePerGas[0m
[32meth_chainId[0m
[32meth_blockNumber[0m
[32meth_sendRawTransaction[0m
  Contract call:       <UnrecognizedContract>
  Transaction:         0xac6a86372c88002254859f36ff18fd1cabb4e5889e31679920b0c99fc2465d3c
  From:                0xf39fd6e51aad88f6f4ce6ab8827279cfffb92266
  To:                  0x3347b4d90ebe72befb30444c9966b2b990ae9fcb
  Value:               0 ETH
  Gas used:            201307 of 201307
  Block #139:          0xc63d3e894be94f0c202faa0cd2091d0242d0906071382d144ac2d919ab0af0a6

[32meth_chainId[0m
[32meth_chainId (2)[0m
[32meth_getTransactionReceipt[0m
[32meth_chainId[0m
[32meth_estimateGas[0m
[32meth_chainId[0m
[32meth_chainId (2)[0m
[32meth_chainId (3)[0m
[32meth_sendRawTransaction[0m
  Contract call:       <UnrecognizedContract>
  Transaction:         0xebcff92528ef2886a2b013079014ca2b4f09576a8e86456923ab974150a0e18d
  From:                0xf39fd6e51aad88f6f4ce6ab8827279cfffb92266
  To:                  0x3347b4d90ebe72befb30444c9966b2b990ae9fcb
  Value:               0 ETH
  Gas used:            292155 of 292155
  Block #140:          0x68943cbfffc82d79dd783b4d3b656805ac4d340eac086d9848e39a96e1476ba5

[32meth_chainId[0m
[32meth_chainId (2)[0m
[32meth_getTransactionReceipt[0m
[32meth_getTransactionCount[0m
[32meth_chainId[0m
[32meth_estimateGas[0m
[32meth_chainId[0m
[32meth_chainId (2)[0m
[32meth_getBlockByNumber[0m
[32meth_gasPrice[0m
[32meth_maxPriorityFeePerGas[0m
[32meth_chainId[0m
[32meth_blockNumber[0m
[32meth_sendRawTransaction[0m
  Contract call:       <UnrecognizedContract>
  Transaction:         0x15851ac1a7836513bb77375e8dccd83a108c785f62e1224eb79018a854304822
  From:                0xf39fd6e51aad88f6f4ce6ab8827279cfffb92266
  To:                  0x3347b4d90ebe72befb30444c9966b2b990ae9fcb
  Value:               0 ETH
  Gas used:            269410 of 269410
  Block #141:          0xda5a78493a6f7be3972800941e67d6eafed23cb94828fd8097b38697eeef0d3d

[32meth_chainId[0m
[32meth_chainId (2)[0m
[32meth_getTransactionReceipt[0m
[32meth_chainId[0m
[32meth_call[0m
  Contract call:       <UnrecognizedContract>
  From:                0xf39fd6e51aad88f6f4ce6ab8827279cfffb92266
  To:                  0x3347b4d90ebe72befb30444c9966b2b990ae9fcb

[32meth_chainId[0m
[32meth_estimateGas[0m
[32meth_chainId[0m
[32meth_chainId (2)[0m
[32meth_chainId (3)[0m
[32meth_sendRawTransaction[0m
  Contract call:       <UnrecognizedContract>
  Transaction:         0xbc6ba7d6f332f5a2683c2310dc1f2c945162f331a712f161bfbf05a84276e227
  From:                0xf39fd6e51aad88f6f4ce6ab8827279cfffb92266
  To:                  0x3347b4d90ebe72befb30444c9966b2b990ae9fcb
  Value:               0 ETH
  Gas used:            238280 of 238280
  Block #142:          0xacdf4b684ff656264b33a6f99e4413a431dd3659e82e1eb5b12f411f4077d2a6

[32meth_chainId[0m
[32meth_chainId (2)[0m
[32meth_getTransactionReceipt[0m
[32meth_getTransactionCount[0m
[32meth_chainId[0m
[32meth_estimateGas[0m
[32meth_chainId[0m
[32meth_chainId (2)[0m
[32meth_getBlockByNumber[0m
[32meth_gasPrice[0m
[32meth_maxPriorityFeePerGas[0m
[32meth_chainId[0m
[32meth_blockNumber[0m
[32meth_sendRawTransaction[0m
  Contract call:       <UnrecognizedContract>
  Transaction:         0x821e592e228def793af45e3bf1e62449a9a20d368076a02601857222a8f22bc1
  From:                0xf39fd6e51aad88f6f4ce6ab8827279cfffb92266
  To:                  0x3347b4d90ebe72befb30444c9966b2b990ae9fcb
  Value:               0 ETH
  Gas used:            201307 of 201307
  Block #143:          0xfbf65e2c52491b93e4886fb3552e9b9deb6df01d612b784e76922f24640480f9

[32meth_chainId[0m
[32meth_chainId (2)[0m
[32meth_getTransactionReceipt[0m
[32meth_chainId[0m
[32meth_estimateGas[0m
[32meth_chainId[0m
[32meth_chainId (2)[0m
[32meth_chainId (3)[0m
[32meth_sendRawTransaction[0m
  Contract call:       <UnrecognizedContract>
  Transaction:         0x953f01ad1ff97ac8b0de3d02b83ef4e82270ff25dbcb7ba960c479a73a10d01b
  From:                0xf39fd6e51aad88f6f4ce6ab8827279cfffb92266
  To:                  0x3347b4d90ebe72befb30444c9966b2b990ae9fcb
  Value:               0 ETH
  Gas used:            269410 of 269410
  Block #144:          0x9ad8d9c9c32e20c9f14da7aaa43caaa38a2c5da6b1ecd5c69dac0ae32d755747

[32meth_chainId[0m
[32meth_chainId (2)[0m
[32meth_getTransactionReceipt[0m
[32meth_chainId[0m
[32meth_call[0m
  Contract call:       <UnrecognizedContract>
  From:                0xf39fd6e51aad88f6f4ce6ab8827279cfffb92266
  To:                  0x3347b4d90ebe72befb30444c9966b2b990ae9fcb

[32meth_getTransactionCount[0m
[32meth_chainId[0m
[32meth_estimateGas[0m
[32meth_chainId[0m
[32meth_chainId (2)[0m
[32meth_getBlockByNumber[0m
[32meth_gasPrice[0m
[32meth_maxPriorityFeePerGas[0m
[32meth_chainId[0m
[32meth_blockNumber[0m
[32meth_sendRawTransaction[0m
  Contract call:       <UnrecognizedContract>
  Transaction:         0x862017edcc16552f0df8861ea263c700fb334d498102f70607371bcddd06dc5e
  From:                0xf39fd6e51aad88f6f4ce6ab8827279cfffb92266
  To:                  0x3347b4d90ebe72befb30444c9966b2b990ae9fcb
  Value:               0 ETH
  Gas used:            238268 of 238268
  Block #145:          0x1f44bbdc4c75efb63eeb9a2c1d4d3c923b77496b769caf60162e9e6d305e249f

[32meth_chainId[0m
[32meth_chainId (2)[0m
[32meth_getTransactionReceipt[0m
[32meth_getTransactionCount[0m
[32meth_chainId[0m
[32meth_estimateGas[0m
[32meth_chainId[0m
[32meth_chainId (2)[0m
[32meth_getBlockByNumber[0m
[32meth_gasPrice[0m
[32meth_maxPriorityFeePerGas[0m
[32meth_chainId[0m
[32meth_blockNumber[0m
[32meth_sendRawTransaction[0m
  Contract call:       <UnrecognizedContract>
  Transaction:         0xd6120747778406ec394422252310bbbc50badc5d04695690c944cdfb2338d899
  From:                0xf39fd6e51aad88f6f4ce6ab8827279cfffb92266
  To:                  0x3347b4d90ebe72befb30444c9966b2b990ae9fcb
  Value:               0 ETH
  Gas used:            201307 of 201307
  Block #146:          0xbe9d63eb05b337261c5b1aa5c179610d571588410e2773c19d8a9dc8ea2f5267

[32meth_chainId[0m
[32meth_chainId (2)[0m
[32meth_getTransactionReceipt[0m
[32meth_chainId[0m
[32meth_estimateGas[0m
[32meth_chainId[0m
[32meth_chainId (2)[0m
[32meth_chainId (3)[0m
[32meth_sendRawTransaction[0m
  Contract call:       <UnrecognizedContract>
  Transaction:         0x8bde0d2799792cae2ff560d86a3cc98889d92ad3e1dc9a99ceb33423dcafb2a1
  From:                0xf39fd6e51aad88f6f4ce6ab8827279cfffb92266
  To:                  0x3347b4d90ebe72befb30444c9966b2b990ae9fcb
  Value:               0 ETH
  Gas used:            292155 of 292155
  Block #147:          0x0e66159b05f5763a3ec916ca0241205080834b43759012a47928d1db203accd1

[32meth_chainId[0m
[32meth_chainId (2)[0m
[32meth_getTransactionReceipt[0m
[32meth_getTransactionCount[0m
[32meth_chainId[0m
[32meth_estimateGas[0m
[32meth_chainId[0m
[32meth_chainId (2)[0m
[32meth_getBlockByNumber[0m
[32meth_gasPrice[0m
[32meth_maxPriorityFeePerGas[0m
[32meth_chainId[0m
[32meth_blockNumber[0m
[32meth_sendRawTransaction[0m
  Contract call:       <UnrecognizedContract>
  Transaction:         0x50380e33a9225a861af6ab3229f521282a97b66dda99b3938b65ee2acc7b8111
  From:                0xf39fd6e51aad88f6f4ce6ab8827279cfffb92266
  To:                  0x3347b4d90ebe72befb30444c9966b2b990ae9fcb
  Value:               0 ETH
  Gas used:            269410 of 269410
  Block #148:          0x1236ee1df8bc549a88f274599a606765eb15abe27c1e8f4e6bbe5eacedf1e1fd

[32meth_chainId[0m
[32meth_chainId (2)[0m
[32meth_getTransactionReceipt[0m
[32meth_chainId[0m
[32meth_call[0m
  Contract call:       <UnrecognizedContract>
  From:                0xf39fd6e51aad88f6f4ce6ab8827279cfffb92266
  To:                  0x3347b4d90ebe72befb30444c9966b2b990ae9fcb

[32meth_chainId[0m
[32meth_estimateGas[0m
[32meth_chainId[0m
[32meth_chainId (2)[0m
[32meth_chainId (3)[0m
[32meth_sendRawTransaction[0m
  Contract call:       <UnrecognizedContract>
  Transaction:         0xe7291b53947dc69793ae6f94e32c079978d7323eeccdd5ba9cd985bc91a59207
  From:                0xf39fd6e51aad88f6f4ce6ab8827279cfffb92266
  To:                  0x3347b4d90ebe72befb30444c9966b2b990ae9fcb
  Value:               0 ETH
  Gas used:            238244 of 238244
  Block #149:          0xd3903b638d4363cd159f4f8c8f7b6da0ee17933467fe9aaa1ea0a9242ddc9aa7

[32meth_chainId[0m
[32meth_chainId (2)[0m
[32meth_getTransactionReceipt[0m
[32meth_getTransactionCount[0m
[32meth_chainId[0m
[32meth_estimateGas[0m
[32meth_chainId[0m
[32meth_chainId (2)[0m
[32meth_getBlockByNumber[0m
[32meth_gasPrice[0m
[32meth_maxPriorityFeePerGas[0m
[32meth_chainId[0m
[32meth_blockNumber[0m
[32meth_sendRawTransaction[0m
  Contract call:       <UnrecognizedContract>
  Transaction:         0x171a33c1da8256f5b09c04ae6f4c9f3955e07e71cefeccbfd82752ab2ac70677
  From:                0xf39fd6e51aad88f6f4ce6ab8827279cfffb92266
  To:                  0x3347b4d90ebe72befb30444c9966b2b990ae9fcb
  Value:               0 ETH
  Gas used:            201307 of 201307
  Block #150:          0xe174db3dd7532a94d8a899c250a8702bb32aef9c507a825b19e681f6d4d922e2

[32meth_chainId[0m
[32meth_chainId (2)[0m
[32meth_getTransactionReceipt[0m
[32meth_getTransactionCount[0m
[32meth_chainId[0m
[32meth_estimateGas[0m
[32meth_chainId[0m
[32meth_chainId (2)[0m
[32meth_getBlockByNumber[0m
[32meth_gasPrice[0m
[32meth_maxPriorityFeePerGas[0m
[32meth_chainId[0m
[32meth_sendRawTransaction[0m
  Contract call:       <UnrecognizedContract>
  Transaction:         0xc654b288eab991d2426dfe33c5f49c0778bb51fd816eefcc0b74547e97b2d7f9
  From:                0xf39fd6e51aad88f6f4ce6ab8827279cfffb92266
  To:                  0x3347b4d90ebe72befb30444c9966b2b990ae9fcb
  Value:               0 ETH
  Gas used:            292155 of 292155
  Block #151:          0x1013dead6a0bf94869718127bba0e0b903fba44dbc63971fc09a5fe9cd71305d

[32meth_chainId[0m
[32meth_chainId (2)[0m
[32meth_getTransactionReceipt[0m
[32meth_chainId[0m
[32meth_estimateGas[0m
[32meth_chainId[0m
[32meth_chainId (2)[0m
[32meth_chainId (3)[0m
[32meth_blockNumber[0m
[32meth_sendRawTransaction[0m
  Contract call:       <UnrecognizedContract>
  Transaction:         0x72f11b09545180451b41a68ef57f09d35ed6177699ec1db90805d204d0b3d3e7
  From:                0xf39fd6e51aad88f6f4ce6ab8827279cfffb92266
  To:                  0x3347b4d90ebe72befb30444c9966b2b990ae9fcb
  Value:               0 ETH
  Gas used:            269410 of 269410
  Block #152:          0xfc709294a3d89ce2f243bbc3838e1159259d6910289c43bce21650870978d400

[32meth_chainId[0m
[32meth_chainId (2)[0m
[32meth_getTransactionReceipt[0m
[32meth_chainId[0m
[32meth_call[0m
  Contract call:       <UnrecognizedContract>
  From:                0xf39fd6e51aad88f6f4ce6ab8827279cfffb92266
  To:                  0x3347b4d90ebe72befb30444c9966b2b990ae9fcb

[32meth_getTransactionCount[0m
[32meth_chainId[0m
[32meth_estimateGas[0m
[32meth_chainId[0m
[32meth_chainId (2)[0m
[32meth_getBlockByNumber[0m
[32meth_gasPrice[0m
[32meth_maxPriorityFeePerGas[0m
[32meth_chainId[0m
[32meth_blockNumber[0m
[32meth_sendRawTransaction[0m
  Contract call:       <UnrecognizedContract>
  Transaction:         0x5d05080de57c4ecb4f788725bfe602527eade80606efbbbb4ff6bc2d65b1c1aa
  From:                0xf39fd6e51aad88f6f4ce6ab8827279cfffb92266
  To:                  0x3347b4d90ebe72befb30444c9966b2b990ae9fcb
  Value:               0 ETH
  Gas used:            238280 of 238280
  Block #153:          0x362eed21e871a50a016dfbafa03d281045cf6aa0eb428724717e8afa95283bb7

[32meth_chainId[0m
[32meth_chainId (2)[0m
[32meth_getTransactionReceipt[0m
[32meth_getTransactionCount[0m
[32meth_chainId[0m
[32meth_estimateGas[0m
[32meth_chainId[0m
[32meth_chainId (2)[0m
[32meth_getBlockByNumber[0m
[32meth_gasPrice[0m
[32meth_maxPriorityFeePerGas[0m
[32meth_chainId[0m
[32meth_blockNumber[0m
[32meth_sendRawTransaction[0m
  Contract call:       <UnrecognizedContract>
  Transaction:         0xbefbdc34a631b8c5947ab8f2d8d696ba998e7d3eb9307d531af4e81b9b59f32d
  From:                0xf39fd6e51aad88f6f4ce6ab8827279cfffb92266
  To:                  0x3347b4d90ebe72befb30444c9966b2b990ae9fcb
  Value:               0 ETH
  Gas used:            201307 of 201307
  Block #154:          0x765e566fc9b37781b6b15ec2cc45f60b1a7e6693920db81d1a7eaf15aa79c2e7

[32meth_chainId[0m
[32meth_chainId (2)[0m
[32meth_getTransactionReceipt[0m
[32meth_chainId[0m
[32meth_estimateGas[0m
[32meth_chainId[0m
[32meth_chainId (2)[0m
[32meth_chainId (3)[0m
[32meth_sendRawTransaction[0m
  Contract call:       <UnrecognizedContract>
  Transaction:         0x960b027c3b987cebb54230b4ea7c7a032e849cbc9ab86f601897f6129e2eee89
  From:                0xf39fd6e51aad88f6f4ce6ab8827279cfffb92266
  To:                  0x3347b4d90ebe72befb30444c9966b2b990ae9fcb
  Value:               0 ETH
  Gas used:            269410 of 269410
  Block #155:          0x3e68095c6d6f9046ad338e803fa4b16373d9925d565966e00fa2a30eed0d58be

[32meth_chainId[0m
[32meth_chainId (2)[0m
[32meth_getTransactionReceipt[0m
[32meth_chainId[0m
[32meth_call[0m
  Contract call:       <UnrecognizedContract>
  From:                0xf39fd6e51aad88f6f4ce6ab8827279cfffb92266
  To:                  0x3347b4d90ebe72befb30444c9966b2b990ae9fcb

[32meth_getTransactionCount[0m
[32meth_chainId[0m
[32meth_estimateGas[0m
[32meth_chainId[0m
[32meth_chainId (2)[0m
[32meth_getBlockByNumber[0m
[32meth_gasPrice[0m
[32meth_maxPriorityFeePerGas[0m
[32meth_chainId[0m
[32meth_blockNumber[0m
[32meth_sendRawTransaction[0m
  Contract call:       <UnrecognizedContract>
  Transaction:         0x1727526c49a0f4b8f1b88261f3a43486d0e24423b694c811ed3e7e71d246c3e8
  From:                0xf39fd6e51aad88f6f4ce6ab8827279cfffb92266
  To:                  0x3347b4d90ebe72befb30444c9966b2b990ae9fcb
  Value:               0 ETH
  Gas used:            238256 of 238256
  Block #156:          0xe7552f5f786d5ad263f30ff7eb90a452312a49a91c63b4bb6d771491c12348e5

[32meth_chainId[0m
[32meth_chainId (2)[0m
[32meth_getTransactionReceipt[0m
[32meth_getTransactionCount[0m
[32meth_chainId[0m
[32meth_estimateGas[0m
[32meth_chainId[0m
[32meth_chainId (2)[0m
[32meth_getBlockByNumber[0m
[32meth_gasPrice[0m
[32meth_maxPriorityFeePerGas[0m
[32meth_chainId[0m
[32meth_blockNumber[0m
[32meth_sendRawTransaction[0m
  Contract call:       <UnrecognizedContract>
  Transaction:         0xdf48c47bce0436d28b16dc12986120f489a8bba2f9fcea29091b5f4e916d2a36
  From:                0xf39fd6e51aad88f6f4ce6ab8827279cfffb92266
  To:                  0x3347b4d90ebe72befb30444c9966b2b990ae9fcb
  Value:               0 ETH
  Gas used:            201307 of 201307
  Block #157:          0x8b0284763ce588b3a9f5986015baac9a828ad8cc2607cc3795a3260f967fe5d6

[32meth_chainId[0m
[32meth_chainId (2)[0m
[32meth_getTransactionReceipt[0m
[32meth_chainId[0m
[32meth_estimateGas[0m
[32meth_chainId[0m
[32meth_chainId (2)[0m
[32meth_chainId (3)[0m
[32meth_sendRawTransaction[0m
  Contract call:       <UnrecognizedContract>
  Transaction:         0xe01eaf73bcfebb5e128fc7dbe6fd09e61bb5df9e839daff7a530afd6759587e5
  From:                0xf39fd6e51aad88f6f4ce6ab8827279cfffb92266
  To:                  0x3347b4d90ebe72befb30444c9966b2b990ae9fcb
  Value:               0 ETH
  Gas used:            292131 of 292131
  Block #158:          0x6f37f2b4d72475ab5caae6f64049f3bc879c8e04e876a4addd602a5a63c5611e

[32meth_chainId[0m
[32meth_chainId (2)[0m
[32meth_getTransactionReceipt[0m
[32meth_getTransactionCount[0m
[32meth_chainId[0m
[32meth_estimateGas[0m
[32meth_chainId[0m
[32meth_chainId (2)[0m
[32meth_getBlockByNumber[0m
[32meth_gasPrice[0m
[32meth_maxPriorityFeePerGas[0m
[32meth_chainId[0m
[32meth_blockNumber[0m
[32meth_sendRawTransaction[0m
  Contract call:       <UnrecognizedContract>
  Transaction:         0x626e431a791daf7cb0278b57b0e29d6d51e4fde59f375f8798bf987dbf349bcd
  From:                0xf39fd6e51aad88f6f4ce6ab8827279cfffb92266
  To:                  0x3347b4d90ebe72befb30444c9966b2b990ae9fcb
  Value:               0 ETH
  Gas used:            269410 of 269410
  Block #159:          0x18cfe474f19829a3ab0cbb1ddd3e2379a5771ecb280b44cd788bb0b6aeccd8e0

[32meth_chainId[0m
[32meth_chainId (2)[0m
[32meth_getTransactionReceipt[0m
[32meth_chainId[0m
[32meth_call[0m
  Contract call:       <UnrecognizedContract>
  From:                0xf39fd6e51aad88f6f4ce6ab8827279cfffb92266
  To:                  0x3347b4d90ebe72befb30444c9966b2b990ae9fcb

[32meth_getTransactionCount[0m
[32meth_chainId[0m
[32meth_estimateGas[0m
[32meth_chainId[0m
[32meth_chainId (2)[0m
[32meth_getBlockByNumber[0m
[32meth_gasPrice[0m
[32meth_maxPriorityFeePerGas[0m
[32meth_chainId[0m
[32meth_blockNumber[0m
[32meth_sendRawTransaction[0m
  Contract call:       <UnrecognizedContract>
  Transaction:         0xccb657dff939d8b96a04629d0ad647d412d5aca8441eee34a707b2c9122f08af
  From:                0xf39fd6e51aad88f6f4ce6ab8827279cfffb92266
  To:                  0x3347b4d90ebe72befb30444c9966b2b990ae9fcb
  Value:               0 ETH
  Gas used:            238256 of 238256
  Block #160:          0x203f84bd986eeb10fb00b524bd95ccd53055b50ca9e0c854c97caac85f38c0b4

[32meth_chainId[0m
[32meth_chainId (2)[0m
[32meth_getTransactionReceipt[0m
[32meth_getTransactionCount[0m
[32meth_chainId[0m
[32meth_estimateGas[0m
[32meth_chainId[0m
[32meth_chainId (2)[0m
[32meth_getBlockByNumber[0m
[32meth_gasPrice[0m
[32meth_maxPriorityFeePerGas[0m
[32meth_chainId[0m
[32meth_blockNumber[0m
[32meth_sendRawTransaction[0m
  Contract call:       <UnrecognizedContract>
  Transaction:         0xd905e132b482771b2e3969065e21757fd09691226726e761d4a2548cbc42ca34
  From:                0xf39fd6e51aad88f6f4ce6ab8827279cfffb92266
  To:                  0x3347b4d90ebe72befb30444c9966b2b990ae9fcb
  Value:               0 ETH
  Gas used:            201307 of 201307
  Block #161:          0x179bb5df32c955bc4a43f97291a3cfdcef52c5d06758d3623b2b942c8c54e5b7

[32meth_chainId[0m
[32meth_chainId (2)[0m
[32meth_getTransactionReceipt[0m
[32meth_chainId[0m
[32meth_estimateGas[0m
[32meth_chainId[0m
[32meth_chainId (2)[0m
[32meth_chainId (3)[0m
[32meth_sendRawTransaction[0m
  Contract call:       <UnrecognizedContract>
  Transaction:         0xf7b6c5759b38aa8ae656349d57d81deec8c07682a8ea0939ba9635f55aae6cfa
  From:                0xf39fd6e51aad88f6f4ce6ab8827279cfffb92266
  To:                  0x3347b4d90ebe72befb30444c9966b2b990ae9fcb
  Value:               0 ETH
  Gas used:            269410 of 269410
  Block #162:          0xf4ffbdc36cc61278313123059f41df4459818516a41ddb984b5b317b874f8f18

[32meth_chainId[0m
[32meth_chainId (2)[0m
[32meth_getTransactionReceipt[0m
[32meth_chainId[0m
[32meth_call[0m
  Contract call:       <UnrecognizedContract>
  From:                0xf39fd6e51aad88f6f4ce6ab8827279cfffb92266
  To:                  0x3347b4d90ebe72befb30444c9966b2b990ae9fcb

[32meth_getTransactionCount[0m
[32meth_chainId[0m
[32meth_estimateGas[0m
[32meth_chainId[0m
[32meth_chainId (2)[0m
[32meth_getBlockByNumber[0m
[32meth_gasPrice[0m
[32meth_maxPriorityFeePerGas[0m
[32meth_chainId[0m
[32meth_blockNumber[0m
[32meth_sendRawTransaction[0m
  Contract call:       <UnrecognizedContract>
  Transaction:         0x38288e529a064f73c04854692ef471cb7b7fa26c2a0c7ad1a8cbf0ba4483d122
  From:                0xf39fd6e51aad88f6f4ce6ab8827279cfffb92266
  To:                  0x3347b4d90ebe72befb30444c9966b2b990ae9fcb
  Value:               0 ETH
  Gas used:            238256 of 238256
  Block #163:          0xfecf0f912b0f34e5567b2680fe07ce8192d7cd08c4f1e3f7230b77e1432b9749

[32meth_chainId[0m
[32meth_chainId (2)[0m
[32meth_getTransactionReceipt[0m
[32meth_getTransactionCount[0m
[32meth_chainId[0m
[32meth_estimateGas[0m
[32meth_chainId[0m
[32meth_chainId (2)[0m
[32meth_getBlockByNumber[0m
[32meth_gasPrice[0m
[32meth_maxPriorityFeePerGas[0m
[32meth_chainId[0m
[32meth_blockNumber[0m
[32meth_sendRawTransaction[0m
  Contract call:       <UnrecognizedContract>
  Transaction:         0xfabfc03af72d84745bac805e7c3a9802d6e3d6156e089caf43c9936d77059790
  From:                0xf39fd6e51aad88f6f4ce6ab8827279cfffb92266
  To:                  0x3347b4d90ebe72befb30444c9966b2b990ae9fcb
  Value:               0 ETH
  Gas used:            201307 of 201307
  Block #164:          0xd8bf5529288f0a25ca0ef53d04a6d53549719161e85935ae81b14825cfed8c21

[32meth_chainId[0m
[32meth_chainId (2)[0m
[32meth_getTransactionReceipt[0m
[32meth_chainId[0m
[32meth_estimateGas[0m
[32meth_chainId[0m
[32meth_chainId (2)[0m
[32meth_chainId (3)[0m
[32meth_sendRawTransaction[0m
  Contract call:       <UnrecognizedContract>
  Transaction:         0x9bd32c76f57960d1a4f452417d7887442300e2a8f64f1672ae0ac2f5b6733f9d
  From:                0xf39fd6e51aad88f6f4ce6ab8827279cfffb92266
  To:                  0x3347b4d90ebe72befb30444c9966b2b990ae9fcb
  Value:               0 ETH
  Gas used:            269410 of 269410
  Block #165:          0x5f0929d05ac8884fe4c25c981368f30e26b5f8853c63d6d8d5063a6b47549b5e

[32meth_chainId[0m
[32meth_chainId (2)[0m
[32meth_getTransactionReceipt[0m
[32meth_chainId[0m
[32meth_call[0m
  Contract call:       <UnrecognizedContract>
  From:                0xf39fd6e51aad88f6f4ce6ab8827279cfffb92266
  To:                  0x3347b4d90ebe72befb30444c9966b2b990ae9fcb

[32meth_getTransactionCount[0m
[32meth_chainId[0m
[32meth_estimateGas[0m
[32meth_chainId[0m
[32meth_chainId (2)[0m
[32meth_getBlockByNumber[0m
[32meth_gasPrice[0m
[32meth_maxPriorityFeePerGas[0m
[32meth_chainId[0m
[32meth_blockNumber[0m
[32meth_sendRawTransaction[0m
  Contract call:       <UnrecognizedContract>
  Transaction:         0xf95ed4a39aee5e39959ddd056cb4cd73e1cb83302f5b7ce6e9d3e0ce3b3b3a23
  From:                0xf39fd6e51aad88f6f4ce6ab8827279cfffb92266
  To:                  0x3347b4d90ebe72befb30444c9966b2b990ae9fcb
  Value:               0 ETH
  Gas used:            238280 of 238280
  Block #166:          0xbad870f7a4abaf2e0eb39d82cac6f0425778eb605d4943943ad91169a1516da9

[32meth_chainId[0m
[32meth_chainId (2)[0m
[32meth_getTransactionReceipt[0m
[32meth_getTransactionCount[0m
[32meth_chainId[0m
[32meth_estimateGas[0m
[32meth_chainId[0m
[32meth_chainId (2)[0m
[32meth_getBlockByNumber[0m
[32meth_gasPrice[0m
[32meth_maxPriorityFeePerGas[0m
[32meth_chainId[0m
[32meth_blockNumber[0m
[32meth_sendRawTransaction[0m
  Contract call:       <UnrecognizedContract>
  Transaction:         0xf536b58dbb3ea9b1e811db07c059f11ba721ff7e5d8c18b190dda0b3b7eb3848
  From:                0xf39fd6e51aad88f6f4ce6ab8827279cfffb92266
  To:                  0x3347b4d90ebe72befb30444c9966b2b990ae9fcb
  Value:               0 ETH
  Gas used:            201307 of 201307
  Block #167:          0x349de9f9ac831e1eef1b23a71e898f29b11bc778e281d1e2d4daa13d34ec843a

[32meth_chainId[0m
[32meth_chainId (2)[0m
[32meth_getTransactionReceipt[0m
[32meth_chainId[0m
[32meth_estimateGas[0m
[32meth_chainId[0m
[32meth_chainId (2)[0m
[32meth_chainId (3)[0m
[32meth_sendRawTransaction[0m
  Contract call:       <UnrecognizedContract>
  Transaction:         0x84d792f9a1d0efeab14763e4a7adcf4345132f4e3a87aa425ad099d26488adb5
  From:                0xf39fd6e51aad88f6f4ce6ab8827279cfffb92266
  To:                  0x3347b4d90ebe72befb30444c9966b2b990ae9fcb
  Value:               0 ETH
  Gas used:            269410 of 269410
  Block #168:          0x7f199514e74f800dfa7490544ac363745abcd785960523b06e013c2b91a47815

[32meth_chainId[0m
[32meth_chainId (2)[0m
[32meth_getTransactionReceipt[0m
[32meth_chainId[0m
[32meth_call[0m
  Contract call:       <UnrecognizedContract>
  From:                0xf39fd6e51aad88f6f4ce6ab8827279cfffb92266
  To:                  0x3347b4d90ebe72befb30444c9966b2b990ae9fcb

[32meth_getTransactionCount[0m
[32meth_chainId[0m
[32meth_estimateGas[0m
[32meth_chainId[0m
[32meth_chainId (2)[0m
[32meth_getBlockByNumber[0m
[32meth_gasPrice[0m
[32meth_maxPriorityFeePerGas[0m
[32meth_chainId[0m
[32meth_blockNumber[0m
[32meth_sendRawTransaction[0m
  Contract call:       <UnrecognizedContract>
  Transaction:         0xad537fc99671fdf40e0e39048b14c88f3f01bd7f19662d545e5870a090aff112
  From:                0xf39fd6e51aad88f6f4ce6ab8827279cfffb92266
  To:                  0x3347b4d90ebe72befb30444c9966b2b990ae9fcb
  Value:               0 ETH
  Gas used:            238304 of 238304
  Block #169:          0xcd9489edecfcc608100b3f7212df7b73b2d1f4da42739e9f72f7373a040d1d7d

[32meth_chainId[0m
[32meth_chainId (2)[0m
[32meth_getTransactionReceipt[0m
[32meth_getTransactionCount[0m
[32meth_chainId[0m
[32meth_estimateGas[0m
[32meth_chainId[0m
[32meth_chainId (2)[0m
[32meth_getBlockByNumber[0m
[32meth_gasPrice[0m
[32meth_maxPriorityFeePerGas[0m
[32meth_chainId[0m
[32meth_blockNumber[0m
[32meth_sendRawTransaction[0m
  Contract call:       <UnrecognizedContract>
  Transaction:         0xfbcd72c93f4cfb348493cd97bdbf75f6392729a3f72d2ceaa5d85bcc62aa2115
  From:                0xf39fd6e51aad88f6f4ce6ab8827279cfffb92266
  To:                  0x3347b4d90ebe72befb30444c9966b2b990ae9fcb
  Value:               0 ETH
  Gas used:            201307 of 201307
  Block #170:          0x50525b18c3f5e12bbe1bb775ef5fd0c34afdcf15b752862dcefe153a6a4f5708

[32meth_chainId[0m
[32meth_chainId (2)[0m
[32meth_getTransactionReceipt[0m
[32meth_chainId[0m
[32meth_estimateGas[0m
[32meth_chainId[0m
[32meth_chainId (2)[0m
[32meth_chainId (3)[0m
[32meth_sendRawTransaction[0m
  Contract call:       <UnrecognizedContract>
  Transaction:         0xa0ec3d12b08df146dcce0ab54708d1ccedb729e1136bfc2b1fb1b7e7efbf584b
  From:                0xf39fd6e51aad88f6f4ce6ab8827279cfffb92266
  To:                  0x3347b4d90ebe72befb30444c9966b2b990ae9fcb
  Value:               0 ETH
  Gas used:            292155 of 292155
  Block #171:          0xb1037094e16ca5a4f73bc577002c906620757470b60ece0a06e78543c84ced26

[32meth_chainId[0m
[32meth_chainId (2)[0m
[32meth_getTransactionReceipt[0m
[32meth_getTransactionCount[0m
[32meth_chainId[0m
[32meth_estimateGas[0m
[32meth_chainId[0m
[32meth_chainId (2)[0m
[32meth_getBlockByNumber[0m
[32meth_gasPrice[0m
[32meth_maxPriorityFeePerGas[0m
[32meth_chainId[0m
[32meth_blockNumber[0m
[32meth_sendRawTransaction[0m
  Contract call:       <UnrecognizedContract>
  Transaction:         0xe7567efa9d63a5dd99cf1cc4d432a16b8d840d0d6d6cb78b63c82da0110a9cb2
  From:                0xf39fd6e51aad88f6f4ce6ab8827279cfffb92266
  To:                  0x3347b4d90ebe72befb30444c9966b2b990ae9fcb
  Value:               0 ETH
  Gas used:            269410 of 269410
  Block #172:          0x89253fcb4f3495b5590154dc8f43d942ba85e1ffa13ec3dd2abaec2ebf8d77b6

[32meth_chainId[0m
[32meth_chainId (2)[0m
[32meth_getTransactionReceipt[0m
[32meth_chainId[0m
[32meth_call[0m
  Contract call:       <UnrecognizedContract>
  From:                0xf39fd6e51aad88f6f4ce6ab8827279cfffb92266
  To:                  0x3347b4d90ebe72befb30444c9966b2b990ae9fcb

[32meth_chainId[0m
[32meth_estimateGas[0m
[32meth_chainId[0m
[32meth_chainId (2)[0m
[32meth_chainId (3)[0m
[32meth_sendRawTransaction[0m
  Contract call:       <UnrecognizedContract>
  Transaction:         0x83b46f971301100ddf458a2a11f70f37cf21ebddd52278be6f8766b290c6a1cb
  From:                0xf39fd6e51aad88f6f4ce6ab8827279cfffb92266
  To:                  0x3347b4d90ebe72befb30444c9966b2b990ae9fcb
  Value:               0 ETH
  Gas used:            238328 of 238328
  Block #173:          0x0af3fd2096f31ba136cb8de50d8d04598df516ba27a778d994331348da115e8e

[32meth_chainId[0m
[32meth_chainId (2)[0m
[32meth_getTransactionReceipt[0m
[32meth_getTransactionCount[0m
[32meth_chainId[0m
[32meth_estimateGas[0m
[32meth_chainId[0m
[32meth_chainId (2)[0m
[32meth_getBlockByNumber[0m
[32meth_gasPrice[0m
[32meth_maxPriorityFeePerGas[0m
[32meth_chainId[0m
[32meth_blockNumber[0m
[32meth_sendRawTransaction[0m
  Contract call:       <UnrecognizedContract>
  Transaction:         0xcf3790348d6c7944320aee5f6dea62f6963104da99b1f8a1fe5fb6131c78ea6a
  From:                0xf39fd6e51aad88f6f4ce6ab8827279cfffb92266
  To:                  0x3347b4d90ebe72befb30444c9966b2b990ae9fcb
  Value:               0 ETH
  Gas used:            201307 of 201307
  Block #174:          0xde9c402c586fec0a20cc27c0fa1c5176d2b28310925ec7acd44afc1b145ea9ea

[32meth_chainId[0m
[32meth_chainId (2)[0m
[32meth_getTransactionReceipt[0m
[32meth_chainId[0m
[32meth_estimateGas[0m
[32meth_chainId[0m
[32meth_chainId (2)[0m
[32meth_chainId (3)[0m
[32meth_sendRawTransaction[0m
  Contract call:       <UnrecognizedContract>
  Transaction:         0x84949516cdd19e9ee620e07d18777103c324f4e6aff4c93d9c72c742d49f6bea
  From:                0xf39fd6e51aad88f6f4ce6ab8827279cfffb92266
  To:                  0x3347b4d90ebe72befb30444c9966b2b990ae9fcb
  Value:               0 ETH
  Gas used:            292155 of 292155
  Block #175:          0xccc53ed2e97c5ccff16b9f8e80ca485ed8f6679f207748a81ba989dd28da4253

[32meth_chainId[0m
[32meth_chainId (2)[0m
[32meth_getTransactionReceipt[0m
[32meth_getTransactionCount[0m
[32meth_chainId[0m
[32meth_estimateGas[0m
[32meth_chainId[0m
[32meth_chainId (2)[0m
[32meth_getBlockByNumber[0m
[32meth_gasPrice[0m
[32meth_maxPriorityFeePerGas[0m
[32meth_chainId[0m
[32meth_blockNumber[0m
[32meth_sendRawTransaction[0m
  Contract call:       <UnrecognizedContract>
  Transaction:         0x12e82097d0b56b220934d1230f705126632700ff01890408b6939ca8c28399a1
  From:                0xf39fd6e51aad88f6f4ce6ab8827279cfffb92266
  To:                  0x3347b4d90ebe72befb30444c9966b2b990ae9fcb
  Value:               0 ETH
  Gas used:            269410 of 269410
  Block #176:          0x0e4af58cdf6f72d66a1e793e61689ba880c030405b80cfe955f2758e46fb7eea

[32meth_chainId[0m
[32meth_chainId (2)[0m
[32meth_getTransactionReceipt[0m
[32meth_chainId[0m
[32meth_call[0m
  Contract call:       <UnrecognizedContract>
  From:                0xf39fd6e51aad88f6f4ce6ab8827279cfffb92266
  To:                  0x3347b4d90ebe72befb30444c9966b2b990ae9fcb

[32meth_chainId[0m
[32meth_estimateGas[0m
[32meth_chainId[0m
[32meth_chainId (2)[0m
[32meth_getBlockByNumber[0m
[32meth_gasPrice[0m
[32meth_maxPriorityFeePerGas[0m
[32meth_chainId[0m
[32meth_blockNumber[0m
[32meth_sendRawTransaction[0m
  Contract call:       <UnrecognizedContract>
  Transaction:         0x6545501376ccedc4e45fe85ca298fa453518c4cf57c1cf35cc46fe18e357149d
  From:                0xf39fd6e51aad88f6f4ce6ab8827279cfffb92266
  To:                  0x3347b4d90ebe72befb30444c9966b2b990ae9fcb
  Value:               0 ETH
  Gas used:            238340 of 238340
  Block #177:          0x010bb7f0322823fada6aa41fd1de497344b4a9f0524d33fbdb12b16640a5ef77

[32meth_chainId[0m
[32meth_chainId (2)[0m
[32meth_getTransactionReceipt[0m
[32meth_getTransactionCount[0m
[32meth_chainId[0m
[32meth_estimateGas[0m
[32meth_chainId[0m
[32meth_chainId (2)[0m
[32meth_getBlockByNumber[0m
[32meth_gasPrice[0m
[32meth_maxPriorityFeePerGas[0m
[32meth_chainId[0m
[32meth_blockNumber[0m
[32meth_sendRawTransaction[0m
  Contract call:       <UnrecognizedContract>
  Transaction:         0xfa389835e583c82b38143ed83d3dd6ea149fd7b0ac71e7b44adea70e179a7b0b
  From:                0xf39fd6e51aad88f6f4ce6ab8827279cfffb92266
  To:                  0x3347b4d90ebe72befb30444c9966b2b990ae9fcb
  Value:               0 ETH
  Gas used:            201307 of 201307
  Block #178:          0x8ef6d2463fc3e256990aa6f6632869bc87a48a3a8bc0872c705ace0b2e33d257

[32meth_chainId[0m
[32meth_chainId (2)[0m
[32meth_getTransactionReceipt[0m
[32meth_chainId[0m
[32meth_call[0m
  Contract call:       <UnrecognizedContract>
  From:                0xf39fd6e51aad88f6f4ce6ab8827279cfffb92266
  To:                  0x3347b4d90ebe72befb30444c9966b2b990ae9fcb

[32meth_getTransactionCount[0m
[32meth_chainId[0m
[32meth_estimateGas[0m
[32meth_chainId[0m
[32meth_chainId (2)[0m
[32meth_getBlockByNumber[0m
[32meth_gasPrice[0m
[32meth_maxPriorityFeePerGas[0m
[32meth_chainId[0m
[32meth_blockNumber[0m
[32meth_sendRawTransaction[0m
  Contract call:       <UnrecognizedContract>
  Transaction:         0xfe44e4a36a15e230c5d9ce4092bc7f93ce2030e76815d1b9aa39f71509674049
  From:                0xf39fd6e51aad88f6f4ce6ab8827279cfffb92266
  To:                  0x3347b4d90ebe72befb30444c9966b2b990ae9fcb
  Value:               0 ETH
  Gas used:            238268 of 238268
  Block #179:          0x94e71590d78ca5318293e09e0751116c17082512ac43da18074065e024cb3325

[32meth_chainId[0m
[32meth_chainId (2)[0m
[32meth_getTransactionReceipt[0m
[32meth_getTransactionCount[0m
[32meth_chainId[0m
[32meth_estimateGas[0m
[32meth_chainId[0m
[32meth_chainId (2)[0m
[32meth_getBlockByNumber[0m
[32meth_gasPrice[0m
[32meth_maxPriorityFeePerGas[0m
[32meth_chainId[0m
[32meth_blockNumber[0m
[32meth_sendRawTransaction[0m
  Contract call:       <UnrecognizedContract>
  Transaction:         0x95f5c297bcc58e58caac9143e42f9a2116a7e8ca9e54e5a343817e05563c9282
  From:                0xf39fd6e51aad88f6f4ce6ab8827279cfffb92266
  To:                  0x3347b4d90ebe72befb30444c9966b2b990ae9fcb
  Value:               0 ETH
  Gas used:            201307 of 201307
  Block #180:          0x310c86cb4bfa911ef2b5289f157fd1b778fe6aa760f09482155e85f7a99546ea

[32meth_chainId[0m
[32meth_chainId (2)[0m
[32meth_getTransactionReceipt[0m
[32meth_chainId[0m
[32meth_estimateGas[0m
[32meth_chainId[0m
[32meth_chainId (2)[0m
[32meth_chainId (3)[0m
[32meth_sendRawTransaction[0m
  Contract call:       <UnrecognizedContract>
  Transaction:         0xff985e9a8069c94910bef42096250bd3ca69563e34aa69cce94b9e02981b48ff
  From:                0xf39fd6e51aad88f6f4ce6ab8827279cfffb92266
  To:                  0x3347b4d90ebe72befb30444c9966b2b990ae9fcb
  Value:               0 ETH
  Gas used:            292155 of 292155
  Block #181:          0xc124ddd19f2d8d2f8a3901725066d41ebdcc83736ebed1f961b38691eac71e3f

[32meth_chainId[0m
[32meth_chainId (2)[0m
[32meth_getTransactionReceipt[0m
[32meth_getTransactionCount[0m
[32meth_chainId[0m
[32meth_estimateGas[0m
[32meth_chainId[0m
[32meth_chainId (2)[0m
[32meth_getBlockByNumber[0m
[32meth_gasPrice[0m
[32meth_maxPriorityFeePerGas[0m
[32meth_chainId[0m
[32meth_blockNumber[0m
[32meth_sendRawTransaction[0m
  Contract call:       <UnrecognizedContract>
  Transaction:         0xe29c098d12fa31ca94e13b77d5091ca60ecf7ed2dfc5f2715fbf698d65546422
  From:                0xf39fd6e51aad88f6f4ce6ab8827279cfffb92266
  To:                  0x3347b4d90ebe72befb30444c9966b2b990ae9fcb
  Value:               0 ETH
  Gas used:            269398 of 269398
  Block #182:          0xff918ae115a560f6768a1c57c04ba80647704401e596639f9cd0a9da7a58ce40

[32meth_chainId[0m
[32meth_chainId (2)[0m
[32meth_getTransactionReceipt[0m
[32meth_chainId[0m
[32meth_call[0m
  Contract call:       <UnrecognizedContract>
  From:                0xf39fd6e51aad88f6f4ce6ab8827279cfffb92266
  To:                  0x3347b4d90ebe72befb30444c9966b2b990ae9fcb

[32meth_chainId[0m
[32meth_estimateGas[0m
[32meth_chainId[0m
[32meth_chainId (2)[0m
[32meth_chainId (3)[0m
[32meth_sendRawTransaction[0m
  Contract call:       <UnrecognizedContract>
  Transaction:         0x7598a095eeefd35884a0f2d098ba819a6e15b987186c956a5383e374b3d116c9
  From:                0xf39fd6e51aad88f6f4ce6ab8827279cfffb92266
  To:                  0x3347b4d90ebe72befb30444c9966b2b990ae9fcb
  Value:               0 ETH
  Gas used:            238244 of 238244
  Block #183:          0x410b5eeb7148ee2d622d0630abeed5a128b1e2ed697f9c23f531ce1e262e9c67

[32meth_chainId[0m
[32meth_chainId (2)[0m
[32meth_getTransactionReceipt[0m
[32meth_getTransactionCount[0m
[32meth_chainId[0m
[32meth_estimateGas[0m
[32meth_chainId[0m
[32meth_chainId (2)[0m
[32meth_getBlockByNumber[0m
[32meth_gasPrice[0m
[32meth_maxPriorityFeePerGas[0m
[32meth_chainId[0m
[32meth_blockNumber[0m
[32meth_sendRawTransaction[0m
  Contract call:       <UnrecognizedContract>
  Transaction:         0xb751a65e37b1ef2151852050d7a13eba22dd96fd89c05532ce3b7cee4c0ee212
  From:                0xf39fd6e51aad88f6f4ce6ab8827279cfffb92266
  To:                  0x3347b4d90ebe72befb30444c9966b2b990ae9fcb
  Value:               0 ETH
  Gas used:            201307 of 201307
  Block #184:          0x69f8c949e46dbac3203b214a66eb616aadc298e773ae9f9033b878c2dca6722b

[32meth_chainId[0m
[32meth_chainId (2)[0m
[32meth_getTransactionReceipt[0m
[32meth_chainId[0m
[32meth_estimateGas[0m
[32meth_chainId[0m
[32meth_chainId (2)[0m
[32meth_chainId (3)[0m
[32meth_sendRawTransaction[0m
  Contract call:       <UnrecognizedContract>
  Transaction:         0xfb5315d1e43ebaa93c5669ccd60d39dc2590e7745195c72eff3b10fca0026e74
  From:                0xf39fd6e51aad88f6f4ce6ab8827279cfffb92266
  To:                  0x3347b4d90ebe72befb30444c9966b2b990ae9fcb
  Value:               0 ETH
  Gas used:            269410 of 269410
  Block #185:          0xc93168518d348a4cda6fa049b09be980a050b0b3b77c02dd860468765cd4812e

[32meth_chainId[0m
[32meth_chainId (2)[0m
[32meth_getTransactionReceipt[0m
[32meth_chainId[0m
[32meth_call[0m
  Contract call:       <UnrecognizedContract>
  From:                0xf39fd6e51aad88f6f4ce6ab8827279cfffb92266
  To:                  0x3347b4d90ebe72befb30444c9966b2b990ae9fcb

[32meth_call[0m
  Contract call:       <UnrecognizedContract>
  From:                0xf39fd6e51aad88f6f4ce6ab8827279cfffb92266
  To:                  0x3347b4d90ebe72befb30444c9966b2b990ae9fcb

[32meth_call[0m
  Contract call:       <UnrecognizedContract>
  From:                0xf39fd6e51aad88f6f4ce6ab8827279cfffb92266
  To:                  0x3347b4d90ebe72befb30444c9966b2b990ae9fcb

[32meth_chainId[0m
[32meth_call[0m
  Contract call:       <UnrecognizedContract>
  From:                0xf39fd6e51aad88f6f4ce6ab8827279cfffb92266
  To:                  0x3347b4d90ebe72befb30444c9966b2b990ae9fcb

[32meth_chainId[0m
[32meth_call[0m
  Contract call:       <UnrecognizedContract>
  From:                0xf39fd6e51aad88f6f4ce6ab8827279cfffb92266
  To:                  0x3347b4d90ebe72befb30444c9966b2b990ae9fcb

[32meth_call[0m
  Contract call:       <UnrecognizedContract>
  From:                0xf39fd6e51aad88f6f4ce6ab8827279cfffb92266
  To:                  0x3347b4d90ebe72befb30444c9966b2b990ae9fcb

[32meth_chainId[0m
[32meth_call[0m
  Contract call:       <UnrecognizedContract>
  From:                0xf39fd6e51aad88f6f4ce6ab8827279cfffb92266
  To:                  0x3347b4d90ebe72befb30444c9966b2b990ae9fcb

[32meth_chainId[0m
[32meth_call[0m
  Contract call:       <UnrecognizedContract>
  From:                0xf39fd6e51aad88f6f4ce6ab8827279cfffb92266
  To:                  0x3347b4d90ebe72befb30444c9966b2b990ae9fcb

[32meth_chainId[0m
[32meth_call[0m
  Contract call:       <UnrecognizedContract>
  From:                0xf39fd6e51aad88f6f4ce6ab8827279cfffb92266
  To:                  0x3347b4d90ebe72befb30444c9966b2b990ae9fcb

[32meth_call[0m
  Contract call:       <UnrecognizedContract>
  From:                0xf39fd6e51aad88f6f4ce6ab8827279cfffb92266
  To:                  0x3347b4d90ebe72befb30444c9966b2b990ae9fcb

[32meth_chainId[0m
[32meth_call[0m
  Contract call:       <UnrecognizedContract>
  From:                0xf39fd6e51aad88f6f4ce6ab8827279cfffb92266
  To:                  0x3347b4d90ebe72befb30444c9966b2b990ae9fcb

[32meth_chainId[0m
[32meth_call[0m
  Contract call:       <UnrecognizedContract>
  From:                0xf39fd6e51aad88f6f4ce6ab8827279cfffb92266
  To:                  0x3347b4d90ebe72befb30444c9966b2b990ae9fcb

[32meth_chainId[0m
[32meth_call[0m
  Contract call:       <UnrecognizedContract>
  From:                0xf39fd6e51aad88f6f4ce6ab8827279cfffb92266
  To:                  0x3347b4d90ebe72befb30444c9966b2b990ae9fcb

[32meth_chainId[0m
[32meth_call[0m
  Contract call:       <UnrecognizedContract>
  From:                0xf39fd6e51aad88f6f4ce6ab8827279cfffb92266
  To:                  0x3347b4d90ebe72befb30444c9966b2b990ae9fcb

[32meth_chainId[0m
[32meth_call[0m
  Contract call:       <UnrecognizedContract>
  From:                0xf39fd6e51aad88f6f4ce6ab8827279cfffb92266
  To:                  0x3347b4d90ebe72befb30444c9966b2b990ae9fcb

[32meth_call[0m
  Contract call:       <UnrecognizedContract>
  From:                0xf39fd6e51aad88f6f4ce6ab8827279cfffb92266
  To:                  0x3347b4d90ebe72befb30444c9966b2b990ae9fcb

[32meth_chainId[0m
[32meth_call[0m
  Contract call:       <UnrecognizedContract>
  From:                0xf39fd6e51aad88f6f4ce6ab8827279cfffb92266
  To:                  0x3347b4d90ebe72befb30444c9966b2b990ae9fcb

[32meth_chainId[0m
[32meth_call[0m
  Contract call:       <UnrecognizedContract>
  From:                0xf39fd6e51aad88f6f4ce6ab8827279cfffb92266
  To:                  0x3347b4d90ebe72befb30444c9966b2b990ae9fcb

[32meth_chainId[0m
[32meth_call[0m
  Contract call:       <UnrecognizedContract>
  From:                0xf39fd6e51aad88f6f4ce6ab8827279cfffb92266
  To:                  0x3347b4d90ebe72befb30444c9966b2b990ae9fcb

[32meth_call[0m
  Contract call:       <UnrecognizedContract>
  From:                0xf39fd6e51aad88f6f4ce6ab8827279cfffb92266
  To:                  0x3347b4d90ebe72befb30444c9966b2b990ae9fcb

[32meth_chainId[0m
[32meth_call[0m
  Contract call:       <UnrecognizedContract>
  From:                0xf39fd6e51aad88f6f4ce6ab8827279cfffb92266
  To:                  0x3347b4d90ebe72befb30444c9966b2b990ae9fcb

[32meth_chainId[0m
[32meth_call[0m
  Contract call:       <UnrecognizedContract>
  From:                0xf39fd6e51aad88f6f4ce6ab8827279cfffb92266
  To:                  0x3347b4d90ebe72befb30444c9966b2b990ae9fcb

[32meth_chainId[0m
[32meth_call[0m
  Contract call:       <UnrecognizedContract>
  From:                0xf39fd6e51aad88f6f4ce6ab8827279cfffb92266
  To:                  0x3347b4d90ebe72befb30444c9966b2b990ae9fcb

[32meth_call[0m
  Contract call:       <UnrecognizedContract>
  From:                0xf39fd6e51aad88f6f4ce6ab8827279cfffb92266
  To:                  0x3347b4d90ebe72befb30444c9966b2b990ae9fcb

[32meth_chainId[0m
[32meth_call[0m
  Contract call:       <UnrecognizedContract>
  From:                0xf39fd6e51aad88f6f4ce6ab8827279cfffb92266
  To:                  0x3347b4d90ebe72befb30444c9966b2b990ae9fcb

[32meth_chainId[0m
[32meth_call[0m
  Contract call:       <UnrecognizedContract>
  From:                0xf39fd6e51aad88f6f4ce6ab8827279cfffb92266
  To:                  0x3347b4d90ebe72befb30444c9966b2b990ae9fcb

[32meth_chainId[0m
[32meth_call[0m
  Contract call:       <UnrecognizedContract>
  From:                0xf39fd6e51aad88f6f4ce6ab8827279cfffb92266
  To:                  0x3347b4d90ebe72befb30444c9966b2b990ae9fcb

[32meth_chainId[0m
[32meth_call[0m
  Contract call:       <UnrecognizedContract>
  From:                0xf39fd6e51aad88f6f4ce6ab8827279cfffb92266
  To:                  0x3347b4d90ebe72befb30444c9966b2b990ae9fcb

[32meth_chainId[0m
[32meth_call[0m
  Contract call:       <UnrecognizedContract>
  From:                0xf39fd6e51aad88f6f4ce6ab8827279cfffb92266
  To:                  0x3347b4d90ebe72befb30444c9966b2b990ae9fcb

[32meth_call[0m
  Contract call:       <UnrecognizedContract>
  From:                0xf39fd6e51aad88f6f4ce6ab8827279cfffb92266
  To:                  0x3347b4d90ebe72befb30444c9966b2b990ae9fcb

[32meth_chainId[0m
[32meth_call[0m
  Contract call:       <UnrecognizedContract>
  From:                0xf39fd6e51aad88f6f4ce6ab8827279cfffb92266
  To:                  0x3347b4d90ebe72befb30444c9966b2b990ae9fcb

[32meth_chainId[0m
[32meth_call[0m
  Contract call:       <UnrecognizedContract>
  From:                0xf39fd6e51aad88f6f4ce6ab8827279cfffb92266
  To:                  0x3347b4d90ebe72befb30444c9966b2b990ae9fcb

[32meth_chainId[0m
[32meth_call[0m
  Contract call:       <UnrecognizedContract>
  From:                0xf39fd6e51aad88f6f4ce6ab8827279cfffb92266
  To:                  0x3347b4d90ebe72befb30444c9966b2b990ae9fcb

[32meth_call[0m
  Contract call:       <UnrecognizedContract>
  From:                0xf39fd6e51aad88f6f4ce6ab8827279cfffb92266
  To:                  0x3347b4d90ebe72befb30444c9966b2b990ae9fcb

[32meth_chainId[0m
[32meth_call[0m
  Contract call:       <UnrecognizedContract>
  From:                0xf39fd6e51aad88f6f4ce6ab8827279cfffb92266
  To:                  0x3347b4d90ebe72befb30444c9966b2b990ae9fcb

[32meth_chainId[0m
[32meth_call[0m
  Contract call:       <UnrecognizedContract>
  From:                0xf39fd6e51aad88f6f4ce6ab8827279cfffb92266
  To:                  0x3347b4d90ebe72befb30444c9966b2b990ae9fcb

[32meth_chainId[0m
[32meth_call[0m
  Contract call:       <UnrecognizedContract>
  From:                0xf39fd6e51aad88f6f4ce6ab8827279cfffb92266
  To:                  0x3347b4d90ebe72befb30444c9966b2b990ae9fcb

[32meth_call[0m
  Contract call:       <UnrecognizedContract>
  From:                0xf39fd6e51aad88f6f4ce6ab8827279cfffb92266
  To:                  0x3347b4d90ebe72befb30444c9966b2b990ae9fcb

[32meth_chainId[0m
[32meth_call[0m
  Contract call:       <UnrecognizedContract>
  From:                0xf39fd6e51aad88f6f4ce6ab8827279cfffb92266
  To:                  0x3347b4d90ebe72befb30444c9966b2b990ae9fcb

[32meth_chainId[0m
[32meth_call[0m
  Contract call:       <UnrecognizedContract>
  From:                0xf39fd6e51aad88f6f4ce6ab8827279cfffb92266
  To:                  0x3347b4d90ebe72befb30444c9966b2b990ae9fcb

[32meth_chainId[0m
[32meth_call[0m
  Contract call:       <UnrecognizedContract>
  From:                0xf39fd6e51aad88f6f4ce6ab8827279cfffb92266
  To:                  0x3347b4d90ebe72befb30444c9966b2b990ae9fcb

[32meth_call[0m
  Contract call:       <UnrecognizedContract>
  From:                0xf39fd6e51aad88f6f4ce6ab8827279cfffb92266
  To:                  0x3347b4d90ebe72befb30444c9966b2b990ae9fcb

[32meth_chainId[0m
[32meth_call[0m
  Contract call:       <UnrecognizedContract>
  From:                0xf39fd6e51aad88f6f4ce6ab8827279cfffb92266
  To:                  0x3347b4d90ebe72befb30444c9966b2b990ae9fcb

[32meth_chainId[0m
[32meth_call[0m
  Contract call:       <UnrecognizedContract>
  From:                0xf39fd6e51aad88f6f4ce6ab8827279cfffb92266
  To:                  0x3347b4d90ebe72befb30444c9966b2b990ae9fcb

[32meth_chainId[0m
[32meth_call[0m
  Contract call:       <UnrecognizedContract>
  From:                0xf39fd6e51aad88f6f4ce6ab8827279cfffb92266
  To:                  0x3347b4d90ebe72befb30444c9966b2b990ae9fcb

[32meth_call[0m
  Contract call:       <UnrecognizedContract>
  From:                0xf39fd6e51aad88f6f4ce6ab8827279cfffb92266
  To:                  0x3347b4d90ebe72befb30444c9966b2b990ae9fcb

[32meth_chainId[0m
[32meth_call[0m
  Contract call:       <UnrecognizedContract>
  From:                0xf39fd6e51aad88f6f4ce6ab8827279cfffb92266
  To:                  0x3347b4d90ebe72befb30444c9966b2b990ae9fcb

[32meth_chainId[0m
[32meth_call[0m
  Contract call:       <UnrecognizedContract>
  From:                0xf39fd6e51aad88f6f4ce6ab8827279cfffb92266
  To:                  0x3347b4d90ebe72befb30444c9966b2b990ae9fcb

[32meth_chainId[0m
[32meth_call[0m
  Contract call:       <UnrecognizedContract>
  From:                0xf39fd6e51aad88f6f4ce6ab8827279cfffb92266
  To:                  0x3347b4d90ebe72befb30444c9966b2b990ae9fcb

[32meth_call[0m
  Contract call:       <UnrecognizedContract>
  From:                0xf39fd6e51aad88f6f4ce6ab8827279cfffb92266
  To:                  0x3347b4d90ebe72befb30444c9966b2b990ae9fcb

[32meth_chainId[0m
[32meth_call[0m
  Contract call:       <UnrecognizedContract>
  From:                0xf39fd6e51aad88f6f4ce6ab8827279cfffb92266
  To:                  0x3347b4d90ebe72befb30444c9966b2b990ae9fcb

[32meth_chainId[0m
[32meth_call[0m
  Contract call:       <UnrecognizedContract>
  From:                0xf39fd6e51aad88f6f4ce6ab8827279cfffb92266
  To:                  0x3347b4d90ebe72befb30444c9966b2b990ae9fcb

[32meth_chainId[0m
[32meth_call[0m
  Contract call:       <UnrecognizedContract>
  From:                0xf39fd6e51aad88f6f4ce6ab8827279cfffb92266
  To:                  0x3347b4d90ebe72befb30444c9966b2b990ae9fcb

[32meth_call[0m
  Contract call:       <UnrecognizedContract>
  From:                0xf39fd6e51aad88f6f4ce6ab8827279cfffb92266
  To:                  0x3347b4d90ebe72befb30444c9966b2b990ae9fcb

[32meth_chainId[0m
[32meth_call[0m
  Contract call:       <UnrecognizedContract>
  From:                0xf39fd6e51aad88f6f4ce6ab8827279cfffb92266
  To:                  0x3347b4d90ebe72befb30444c9966b2b990ae9fcb

[32meth_chainId[0m
[32meth_call[0m
  Contract call:       <UnrecognizedContract>
  From:                0xf39fd6e51aad88f6f4ce6ab8827279cfffb92266
  To:                  0x3347b4d90ebe72befb30444c9966b2b990ae9fcb

[32meth_chainId[0m
[32meth_call[0m
  Contract call:       <UnrecognizedContract>
  From:                0xf39fd6e51aad88f6f4ce6ab8827279cfffb92266
  To:                  0x3347b4d90ebe72befb30444c9966b2b990ae9fcb

[32meth_call[0m
  Contract call:       <UnrecognizedContract>
  From:                0xf39fd6e51aad88f6f4ce6ab8827279cfffb92266
  To:                  0x3347b4d90ebe72befb30444c9966b2b990ae9fcb

[32meth_chainId[0m
[32meth_call[0m
  Contract call:       <UnrecognizedContract>
  From:                0xf39fd6e51aad88f6f4ce6ab8827279cfffb92266
  To:                  0x3347b4d90ebe72befb30444c9966b2b990ae9fcb

[32meth_chainId[0m
[32meth_call[0m
  Contract call:       <UnrecognizedContract>
  From:                0xf39fd6e51aad88f6f4ce6ab8827279cfffb92266
  To:                  0x3347b4d90ebe72befb30444c9966b2b990ae9fcb

[32meth_chainId[0m
[32meth_call[0m
  Contract call:       <UnrecognizedContract>
  From:                0xf39fd6e51aad88f6f4ce6ab8827279cfffb92266
  To:                  0x3347b4d90ebe72befb30444c9966b2b990ae9fcb

[32meth_call[0m
  Contract call:       <UnrecognizedContract>
  From:                0xf39fd6e51aad88f6f4ce6ab8827279cfffb92266
  To:                  0x3347b4d90ebe72befb30444c9966b2b990ae9fcb

[32meth_chainId[0m
[32meth_call[0m
  Contract call:       <UnrecognizedContract>
  From:                0xf39fd6e51aad88f6f4ce6ab8827279cfffb92266
  To:                  0x3347b4d90ebe72befb30444c9966b2b990ae9fcb

[32meth_chainId[0m
[32meth_call[0m
  Contract call:       <UnrecognizedContract>
  From:                0xf39fd6e51aad88f6f4ce6ab8827279cfffb92266
  To:                  0x3347b4d90ebe72befb30444c9966b2b990ae9fcb

[32meth_chainId[0m
[32meth_call[0m
  Contract call:       <UnrecognizedContract>
  From:                0xf39fd6e51aad88f6f4ce6ab8827279cfffb92266
  To:                  0x3347b4d90ebe72befb30444c9966b2b990ae9fcb

[32meth_call[0m
  Contract call:       <UnrecognizedContract>
  From:                0xf39fd6e51aad88f6f4ce6ab8827279cfffb92266
  To:                  0x3347b4d90ebe72befb30444c9966b2b990ae9fcb

[32meth_chainId[0m
[32meth_call[0m
  Contract call:       <UnrecognizedContract>
  From:                0xf39fd6e51aad88f6f4ce6ab8827279cfffb92266
  To:                  0x3347b4d90ebe72befb30444c9966b2b990ae9fcb

[32meth_chainId[0m
[32meth_call[0m
  Contract call:       <UnrecognizedContract>
  From:                0xf39fd6e51aad88f6f4ce6ab8827279cfffb92266
  To:                  0x3347b4d90ebe72befb30444c9966b2b990ae9fcb

[32meth_chainId[0m
[32meth_call[0m
  Contract call:       <UnrecognizedContract>
  From:                0xf39fd6e51aad88f6f4ce6ab8827279cfffb92266
  To:                  0x3347b4d90ebe72befb30444c9966b2b990ae9fcb

[32meth_chainId[0m
[32meth_call[0m
  Contract call:       <UnrecognizedContract>
  From:                0xf39fd6e51aad88f6f4ce6ab8827279cfffb92266
  To:                  0x3347b4d90ebe72befb30444c9966b2b990ae9fcb

[32meth_chainId[0m
[32meth_call[0m
  Contract call:       <UnrecognizedContract>
  From:                0xf39fd6e51aad88f6f4ce6ab8827279cfffb92266
  To:                  0x3347b4d90ebe72befb30444c9966b2b990ae9fcb

[32meth_chainId[0m
[32meth_call[0m
  Contract call:       <UnrecognizedContract>
  From:                0xf39fd6e51aad88f6f4ce6ab8827279cfffb92266
  To:                  0x3347b4d90ebe72befb30444c9966b2b990ae9fcb

[32meth_chainId[0m
[32meth_call[0m
  Contract call:       <UnrecognizedContract>
  From:                0xf39fd6e51aad88f6f4ce6ab8827279cfffb92266
  To:                  0x3347b4d90ebe72befb30444c9966b2b990ae9fcb

[32meth_chainId[0m
[32meth_call[0m
  Contract call:       <UnrecognizedContract>
  From:                0xf39fd6e51aad88f6f4ce6ab8827279cfffb92266
  To:                  0x3347b4d90ebe72befb30444c9966b2b990ae9fcb

[32meth_chainId[0m
[32meth_call[0m
  Contract call:       <UnrecognizedContract>
  From:                0xf39fd6e51aad88f6f4ce6ab8827279cfffb92266
  To:                  0x3347b4d90ebe72befb30444c9966b2b990ae9fcb

[32meth_chainId[0m
[32meth_call[0m
  Contract call:       <UnrecognizedContract>
  From:                0xf39fd6e51aad88f6f4ce6ab8827279cfffb92266
  To:                  0x3347b4d90ebe72befb30444c9966b2b990ae9fcb

[32meth_chainId[0m
[32meth_call[0m
  Contract call:       <UnrecognizedContract>
  From:                0xf39fd6e51aad88f6f4ce6ab8827279cfffb92266
  To:                  0x3347b4d90ebe72befb30444c9966b2b990ae9fcb

[32meth_call[0m
  Contract call:       <UnrecognizedContract>
  From:                0xf39fd6e51aad88f6f4ce6ab8827279cfffb92266
  To:                  0x3347b4d90ebe72befb30444c9966b2b990ae9fcb

[32meth_chainId[0m
[32meth_call[0m
  Contract call:       <UnrecognizedContract>
  From:                0xf39fd6e51aad88f6f4ce6ab8827279cfffb92266
  To:                  0x3347b4d90ebe72befb30444c9966b2b990ae9fcb

[32meth_chainId[0m
[32meth_call[0m
  Contract call:       <UnrecognizedContract>
  From:                0xf39fd6e51aad88f6f4ce6ab8827279cfffb92266
  To:                  0x3347b4d90ebe72befb30444c9966b2b990ae9fcb

[32meth_chainId[0m
[32meth_call[0m
  Contract call:       <UnrecognizedContract>
  From:                0xf39fd6e51aad88f6f4ce6ab8827279cfffb92266
  To:                  0x3347b4d90ebe72befb30444c9966b2b990ae9fcb

[32meth_call[0m
  Contract call:       <UnrecognizedContract>
  From:                0xf39fd6e51aad88f6f4ce6ab8827279cfffb92266
  To:                  0x3347b4d90ebe72befb30444c9966b2b990ae9fcb

[32meth_chainId[0m
[32meth_call[0m
  Contract call:       <UnrecognizedContract>
  From:                0xf39fd6e51aad88f6f4ce6ab8827279cfffb92266
  To:                  0x3347b4d90ebe72befb30444c9966b2b990ae9fcb

[32meth_chainId[0m
[32meth_call[0m
  Contract call:       <UnrecognizedContract>
  From:                0xf39fd6e51aad88f6f4ce6ab8827279cfffb92266
  To:                  0x3347b4d90ebe72befb30444c9966b2b990ae9fcb

[32meth_chainId[0m
[32meth_call[0m
  Contract call:       <UnrecognizedContract>
  From:                0xf39fd6e51aad88f6f4ce6ab8827279cfffb92266
  To:                  0x3347b4d90ebe72befb30444c9966b2b990ae9fcb

[32meth_call[0m
  Contract call:       <UnrecognizedContract>
  From:                0xf39fd6e51aad88f6f4ce6ab8827279cfffb92266
  To:                  0x3347b4d90ebe72befb30444c9966b2b990ae9fcb

[32meth_chainId[0m
[32meth_call[0m
  Contract call:       <UnrecognizedContract>
  From:                0xf39fd6e51aad88f6f4ce6ab8827279cfffb92266
  To:                  0x3347b4d90ebe72befb30444c9966b2b990ae9fcb

[32meth_chainId[0m
[32meth_call[0m
  Contract call:       <UnrecognizedContract>
  From:                0xf39fd6e51aad88f6f4ce6ab8827279cfffb92266
  To:                  0x3347b4d90ebe72befb30444c9966b2b990ae9fcb

[32meth_chainId[0m
[32meth_call[0m
  Contract call:       <UnrecognizedContract>
  From:                0xf39fd6e51aad88f6f4ce6ab8827279cfffb92266
  To:                  0x3347b4d90ebe72befb30444c9966b2b990ae9fcb

[32meth_call[0m
  Contract call:       <UnrecognizedContract>
  From:                0xf39fd6e51aad88f6f4ce6ab8827279cfffb92266
  To:                  0x3347b4d90ebe72befb30444c9966b2b990ae9fcb

[32meth_chainId[0m
[32meth_call[0m
  Contract call:       <UnrecognizedContract>
  From:                0xf39fd6e51aad88f6f4ce6ab8827279cfffb92266
  To:                  0x3347b4d90ebe72befb30444c9966b2b990ae9fcb

[32meth_chainId[0m
[32meth_call[0m
  Contract call:       <UnrecognizedContract>
  From:                0xf39fd6e51aad88f6f4ce6ab8827279cfffb92266
  To:                  0x3347b4d90ebe72befb30444c9966b2b990ae9fcb

[32meth_chainId[0m
[32meth_call[0m
  Contract call:       <UnrecognizedContract>
  From:                0xf39fd6e51aad88f6f4ce6ab8827279cfffb92266
  To:                  0x3347b4d90ebe72befb30444c9966b2b990ae9fcb

[32meth_call[0m
  Contract call:       <UnrecognizedContract>
  From:                0xf39fd6e51aad88f6f4ce6ab8827279cfffb92266
  To:                  0x3347b4d90ebe72befb30444c9966b2b990ae9fcb

[32meth_chainId[0m
[32meth_call[0m
  Contract call:       <UnrecognizedContract>
  From:                0xf39fd6e51aad88f6f4ce6ab8827279cfffb92266
  To:                  0x3347b4d90ebe72befb30444c9966b2b990ae9fcb

[32meth_chainId[0m
[32meth_call[0m
  Contract call:       <UnrecognizedContract>
  From:                0xf39fd6e51aad88f6f4ce6ab8827279cfffb92266
  To:                  0x3347b4d90ebe72befb30444c9966b2b990ae9fcb

[32meth_chainId[0m
[32meth_call[0m
  Contract call:       <UnrecognizedContract>
  From:                0xf39fd6e51aad88f6f4ce6ab8827279cfffb92266
  To:                  0x3347b4d90ebe72befb30444c9966b2b990ae9fcb

[32meth_call[0m
  Contract call:       <UnrecognizedContract>
  From:                0xf39fd6e51aad88f6f4ce6ab8827279cfffb92266
  To:                  0x3347b4d90ebe72befb30444c9966b2b990ae9fcb

[32meth_chainId[0m
[32meth_call[0m
  Contract call:       <UnrecognizedContract>
  From:                0xf39fd6e51aad88f6f4ce6ab8827279cfffb92266
  To:                  0x3347b4d90ebe72befb30444c9966b2b990ae9fcb

[32meth_chainId[0m
[32meth_call[0m
  Contract call:       <UnrecognizedContract>
  From:                0xf39fd6e51aad88f6f4ce6ab8827279cfffb92266
  To:                  0x3347b4d90ebe72befb30444c9966b2b990ae9fcb

[32meth_chainId[0m
[32meth_call[0m
  Contract call:       <UnrecognizedContract>
  From:                0xf39fd6e51aad88f6f4ce6ab8827279cfffb92266
  To:                  0x3347b4d90ebe72befb30444c9966b2b990ae9fcb

[32meth_call[0m
  Contract call:       <UnrecognizedContract>
  From:                0xf39fd6e51aad88f6f4ce6ab8827279cfffb92266
  To:                  0x3347b4d90ebe72befb30444c9966b2b990ae9fcb

[32meth_chainId[0m
[32meth_call[0m
  Contract call:       <UnrecognizedContract>
  From:                0xf39fd6e51aad88f6f4ce6ab8827279cfffb92266
  To:                  0x3347b4d90ebe72befb30444c9966b2b990ae9fcb

[32meth_chainId[0m
[32meth_call[0m
  Contract call:       <UnrecognizedContract>
  From:                0xf39fd6e51aad88f6f4ce6ab8827279cfffb92266
  To:                  0x3347b4d90ebe72befb30444c9966b2b990ae9fcb

[32meth_chainId[0m
[32meth_call[0m
  Contract call:       <UnrecognizedContract>
  From:                0xf39fd6e51aad88f6f4ce6ab8827279cfffb92266
  To:                  0x3347b4d90ebe72befb30444c9966b2b990ae9fcb

[32meth_call[0m
  Contract call:       <UnrecognizedContract>
  From:                0xf39fd6e51aad88f6f4ce6ab8827279cfffb92266
  To:                  0x3347b4d90ebe72befb30444c9966b2b990ae9fcb

[32meth_chainId[0m
[32meth_call[0m
  Contract call:       <UnrecognizedContract>
  From:                0xf39fd6e51aad88f6f4ce6ab8827279cfffb92266
  To:                  0x3347b4d90ebe72befb30444c9966b2b990ae9fcb

[32meth_chainId[0m
[32meth_call[0m
  Contract call:       <UnrecognizedContract>
  From:                0xf39fd6e51aad88f6f4ce6ab8827279cfffb92266
  To:                  0x3347b4d90ebe72befb30444c9966b2b990ae9fcb

[32meth_chainId[0m
[32meth_call[0m
  Contract call:       <UnrecognizedContract>
  From:                0xf39fd6e51aad88f6f4ce6ab8827279cfffb92266
  To:                  0x3347b4d90ebe72befb30444c9966b2b990ae9fcb

[32meth_call[0m
  Contract call:       <UnrecognizedContract>
  From:                0xf39fd6e51aad88f6f4ce6ab8827279cfffb92266
  To:                  0x3347b4d90ebe72befb30444c9966b2b990ae9fcb

[32meth_call[0m
  Contract call:       <UnrecognizedContract>
  From:                0xf39fd6e51aad88f6f4ce6ab8827279cfffb92266
  To:                  0x3347b4d90ebe72befb30444c9966b2b990ae9fcb

[32meth_chainId[0m
[32meth_call[0m
  Contract call:       <UnrecognizedContract>
  From:                0xf39fd6e51aad88f6f4ce6ab8827279cfffb92266
  To:                  0x3347b4d90ebe72befb30444c9966b2b990ae9fcb

[32meth_chainId[0m
[32meth_call[0m
  Contract call:       <UnrecognizedContract>
  From:                0xf39fd6e51aad88f6f4ce6ab8827279cfffb92266
  To:                  0x3347b4d90ebe72befb30444c9966b2b990ae9fcb

[32meth_call[0m
  Contract call:       <UnrecognizedContract>
  From:                0xf39fd6e51aad88f6f4ce6ab8827279cfffb92266
  To:                  0x3347b4d90ebe72befb30444c9966b2b990ae9fcb

[32meth_chainId[0m
[32meth_call[0m
  Contract call:       <UnrecognizedContract>
  From:                0xf39fd6e51aad88f6f4ce6ab8827279cfffb92266
  To:                  0x3347b4d90ebe72befb30444c9966b2b990ae9fcb

[32meth_chainId[0m
[32meth_call[0m
  Contract call:       <UnrecognizedContract>
  From:                0xf39fd6e51aad88f6f4ce6ab8827279cfffb92266
  To:                  0x3347b4d90ebe72befb30444c9966b2b990ae9fcb

[32meth_chainId[0m
[32meth_call[0m
  Contract call:       <UnrecognizedContract>
  From:                0xf39fd6e51aad88f6f4ce6ab8827279cfffb92266
  To:                  0x3347b4d90ebe72befb30444c9966b2b990ae9fcb

[32meth_call[0m
  Contract call:       <UnrecognizedContract>
  From:                0xf39fd6e51aad88f6f4ce6ab8827279cfffb92266
  To:                  0x3347b4d90ebe72befb30444c9966b2b990ae9fcb

[32meth_chainId[0m
[32meth_call[0m
  Contract call:       <UnrecognizedContract>
  From:                0xf39fd6e51aad88f6f4ce6ab8827279cfffb92266
  To:                  0x3347b4d90ebe72befb30444c9966b2b990ae9fcb

[32meth_chainId[0m
[32meth_call[0m
  Contract call:       <UnrecognizedContract>
  From:                0xf39fd6e51aad88f6f4ce6ab8827279cfffb92266
  To:                  0x3347b4d90ebe72befb30444c9966b2b990ae9fcb

[32meth_chainId[0m
[32meth_call[0m
  Contract call:       <UnrecognizedContract>
  From:                0xf39fd6e51aad88f6f4ce6ab8827279cfffb92266
  To:                  0x3347b4d90ebe72befb30444c9966b2b990ae9fcb

[32meth_call[0m
  Contract call:       <UnrecognizedContract>
  From:                0xf39fd6e51aad88f6f4ce6ab8827279cfffb92266
  To:                  0x3347b4d90ebe72befb30444c9966b2b990ae9fcb

[32meth_chainId[0m
[32meth_call[0m
  Contract call:       <UnrecognizedContract>
  From:                0xf39fd6e51aad88f6f4ce6ab8827279cfffb92266
  To:                  0x3347b4d90ebe72befb30444c9966b2b990ae9fcb

[32meth_chainId[0m
[32meth_call[0m
  Contract call:       <UnrecognizedContract>
  From:                0xf39fd6e51aad88f6f4ce6ab8827279cfffb92266
  To:                  0x3347b4d90ebe72befb30444c9966b2b990ae9fcb

[32meth_chainId[0m
[32meth_call[0m
  Contract call:       <UnrecognizedContract>
  From:                0xf39fd6e51aad88f6f4ce6ab8827279cfffb92266
  To:                  0x3347b4d90ebe72befb30444c9966b2b990ae9fcb

[32meth_chainId[0m
[32meth_call[0m
  Contract call:       <UnrecognizedContract>
  From:                0xf39fd6e51aad88f6f4ce6ab8827279cfffb92266
  To:                  0x3347b4d90ebe72befb30444c9966b2b990ae9fcb

[32meth_chainId[0m
[32meth_call[0m
  Contract call:       <UnrecognizedContract>
  From:                0xf39fd6e51aad88f6f4ce6ab8827279cfffb92266
  To:                  0x3347b4d90ebe72befb30444c9966b2b990ae9fcb

[32meth_call[0m
  Contract call:       <UnrecognizedContract>
  From:                0xf39fd6e51aad88f6f4ce6ab8827279cfffb92266
  To:                  0x3347b4d90ebe72befb30444c9966b2b990ae9fcb

[32meth_chainId[0m
[32meth_call[0m
  Contract call:       <UnrecognizedContract>
  From:                0xf39fd6e51aad88f6f4ce6ab8827279cfffb92266
  To:                  0x3347b4d90ebe72befb30444c9966b2b990ae9fcb

[32meth_chainId[0m
[32meth_call[0m
  Contract call:       <UnrecognizedContract>
  From:                0xf39fd6e51aad88f6f4ce6ab8827279cfffb92266
  To:                  0x3347b4d90ebe72befb30444c9966b2b990ae9fcb

[32meth_chainId[0m
[32meth_call[0m
  Contract call:       <UnrecognizedContract>
  From:                0xf39fd6e51aad88f6f4ce6ab8827279cfffb92266
  To:                  0x3347b4d90ebe72befb30444c9966b2b990ae9fcb

[32meth_call[0m
  Contract call:       <UnrecognizedContract>
  From:                0xf39fd6e51aad88f6f4ce6ab8827279cfffb92266
  To:                  0x3347b4d90ebe72befb30444c9966b2b990ae9fcb

[32meth_chainId[0m
[32meth_call[0m
  Contract call:       <UnrecognizedContract>
  From:                0xf39fd6e51aad88f6f4ce6ab8827279cfffb92266
  To:                  0x3347b4d90ebe72befb30444c9966b2b990ae9fcb

[32meth_chainId[0m
[32meth_call[0m
  Contract call:       <UnrecognizedContract>
  From:                0xf39fd6e51aad88f6f4ce6ab8827279cfffb92266
  To:                  0x3347b4d90ebe72befb30444c9966b2b990ae9fcb

[32meth_chainId[0m
[32meth_call[0m
  Contract call:       <UnrecognizedContract>
  From:                0xf39fd6e51aad88f6f4ce6ab8827279cfffb92266
  To:                  0x3347b4d90ebe72befb30444c9966b2b990ae9fcb

[32meth_call[0m
  Contract call:       <UnrecognizedContract>
  From:                0xf39fd6e51aad88f6f4ce6ab8827279cfffb92266
  To:                  0x3347b4d90ebe72befb30444c9966b2b990ae9fcb

[32meth_chainId[0m
[32meth_call[0m
  Contract call:       <UnrecognizedContract>
  From:                0xf39fd6e51aad88f6f4ce6ab8827279cfffb92266
  To:                  0x3347b4d90ebe72befb30444c9966b2b990ae9fcb

[32meth_chainId[0m
[32meth_call[0m
  Contract call:       <UnrecognizedContract>
  From:                0xf39fd6e51aad88f6f4ce6ab8827279cfffb92266
  To:                  0x3347b4d90ebe72befb30444c9966b2b990ae9fcb

[32meth_chainId[0m
[32meth_call[0m
  Contract call:       <UnrecognizedContract>
  From:                0xf39fd6e51aad88f6f4ce6ab8827279cfffb92266
  To:                  0x3347b4d90ebe72befb30444c9966b2b990ae9fcb

[32meth_call[0m
  Contract call:       <UnrecognizedContract>
  From:                0xf39fd6e51aad88f6f4ce6ab8827279cfffb92266
  To:                  0x3347b4d90ebe72befb30444c9966b2b990ae9fcb

[32meth_chainId[0m
[32meth_call[0m
  Contract call:       <UnrecognizedContract>
  From:                0xf39fd6e51aad88f6f4ce6ab8827279cfffb92266
  To:                  0x3347b4d90ebe72befb30444c9966b2b990ae9fcb

[32meth_call[0m
  Contract call:       <UnrecognizedContract>
  From:                0xf39fd6e51aad88f6f4ce6ab8827279cfffb92266
  To:                  0x3347b4d90ebe72befb30444c9966b2b990ae9fcb

[32meth_chainId[0m
[32meth_call[0m
  Contract call:       <UnrecognizedContract>
  From:                0xf39fd6e51aad88f6f4ce6ab8827279cfffb92266
  To:                  0x3347b4d90ebe72befb30444c9966b2b990ae9fcb

[32meth_chainId[0m
[32meth_call[0m
  Contract call:       <UnrecognizedContract>
  From:                0xf39fd6e51aad88f6f4ce6ab8827279cfffb92266
  To:                  0x3347b4d90ebe72befb30444c9966b2b990ae9fcb

[32meth_chainId[0m
[32meth_call[0m
  Contract call:       <UnrecognizedContract>
  From:                0xf39fd6e51aad88f6f4ce6ab8827279cfffb92266
  To:                  0x3347b4d90ebe72befb30444c9966b2b990ae9fcb

[32meth_call[0m
  Contract call:       <UnrecognizedContract>
  From:                0xf39fd6e51aad88f6f4ce6ab8827279cfffb92266
  To:                  0x3347b4d90ebe72befb30444c9966b2b990ae9fcb

[32meth_chainId[0m
[32meth_call[0m
  Contract call:       <UnrecognizedContract>
  From:                0xf39fd6e51aad88f6f4ce6ab8827279cfffb92266
  To:                  0x3347b4d90ebe72befb30444c9966b2b990ae9fcb

[32meth_chainId[0m
[32meth_call[0m
  Contract call:       <UnrecognizedContract>
  From:                0xf39fd6e51aad88f6f4ce6ab8827279cfffb92266
  To:                  0x3347b4d90ebe72befb30444c9966b2b990ae9fcb

[32meth_chainId[0m
[32meth_call[0m
  Contract call:       <UnrecognizedContract>
  From:                0xf39fd6e51aad88f6f4ce6ab8827279cfffb92266
  To:                  0x3347b4d90ebe72befb30444c9966b2b990ae9fcb

[32meth_call[0m
  Contract call:       <UnrecognizedContract>
  From:                0xf39fd6e51aad88f6f4ce6ab8827279cfffb92266
  To:                  0x3347b4d90ebe72befb30444c9966b2b990ae9fcb

[32meth_chainId[0m
[32meth_call[0m
  Contract call:       <UnrecognizedContract>
  From:                0xf39fd6e51aad88f6f4ce6ab8827279cfffb92266
  To:                  0x3347b4d90ebe72befb30444c9966b2b990ae9fcb

[32meth_chainId[0m
[32meth_call[0m
  Contract call:       <UnrecognizedContract>
  From:                0xf39fd6e51aad88f6f4ce6ab8827279cfffb92266
  To:                  0x3347b4d90ebe72befb30444c9966b2b990ae9fcb

[32meth_chainId[0m
[32meth_call[0m
  Contract call:       <UnrecognizedContract>
  From:                0xf39fd6e51aad88f6f4ce6ab8827279cfffb92266
  To:                  0x3347b4d90ebe72befb30444c9966b2b990ae9fcb

[32meth_call[0m
  Contract call:       <UnrecognizedContract>
  From:                0xf39fd6e51aad88f6f4ce6ab8827279cfffb92266
  To:                  0x3347b4d90ebe72befb30444c9966b2b990ae9fcb

[32meth_chainId[0m
[32meth_call[0m
  Contract call:       <UnrecognizedContract>
  From:                0xf39fd6e51aad88f6f4ce6ab8827279cfffb92266
  To:                  0x3347b4d90ebe72befb30444c9966b2b990ae9fcb

[32meth_chainId[0m
[32meth_call[0m
  Contract call:       <UnrecognizedContract>
  From:                0xf39fd6e51aad88f6f4ce6ab8827279cfffb92266
  To:                  0x3347b4d90ebe72befb30444c9966b2b990ae9fcb

[32meth_chainId[0m
[32meth_call[0m
  Contract call:       <UnrecognizedContract>
  From:                0xf39fd6e51aad88f6f4ce6ab8827279cfffb92266
  To:                  0x3347b4d90ebe72befb30444c9966b2b990ae9fcb

[32meth_call[0m
  Contract call:       <UnrecognizedContract>
  From:                0xf39fd6e51aad88f6f4ce6ab8827279cfffb92266
  To:                  0x3347b4d90ebe72befb30444c9966b2b990ae9fcb

[32meth_chainId[0m
[32meth_call[0m
  Contract call:       <UnrecognizedContract>
  From:                0xf39fd6e51aad88f6f4ce6ab8827279cfffb92266
  To:                  0x3347b4d90ebe72befb30444c9966b2b990ae9fcb

[32meth_chainId[0m
[32meth_call[0m
  Contract call:       <UnrecognizedContract>
  From:                0xf39fd6e51aad88f6f4ce6ab8827279cfffb92266
  To:                  0x3347b4d90ebe72befb30444c9966b2b990ae9fcb

[32meth_chainId[0m
[32meth_call[0m
  Contract call:       <UnrecognizedContract>
  From:                0xf39fd6e51aad88f6f4ce6ab8827279cfffb92266
  To:                  0x3347b4d90ebe72befb30444c9966b2b990ae9fcb

[32meth_call[0m
  Contract call:       <UnrecognizedContract>
  From:                0xf39fd6e51aad88f6f4ce6ab8827279cfffb92266
  To:                  0x3347b4d90ebe72befb30444c9966b2b990ae9fcb

[32meth_chainId[0m
[32meth_call[0m
  Contract call:       <UnrecognizedContract>
  From:                0xf39fd6e51aad88f6f4ce6ab8827279cfffb92266
  To:                  0x3347b4d90ebe72befb30444c9966b2b990ae9fcb

[32meth_chainId[0m
[32meth_call[0m
  Contract call:       <UnrecognizedContract>
  From:                0xf39fd6e51aad88f6f4ce6ab8827279cfffb92266
  To:                  0x3347b4d90ebe72befb30444c9966b2b990ae9fcb

[32meth_chainId[0m
[32meth_call[0m
  Contract call:       <UnrecognizedContract>
  From:                0xf39fd6e51aad88f6f4ce6ab8827279cfffb92266
  To:                  0x3347b4d90ebe72befb30444c9966b2b990ae9fcb

[32meth_call[0m
  Contract call:       <UnrecognizedContract>
  From:                0xf39fd6e51aad88f6f4ce6ab8827279cfffb92266
  To:                  0x3347b4d90ebe72befb30444c9966b2b990ae9fcb

[32meth_chainId[0m
[32meth_call[0m
  Contract call:       <UnrecognizedContract>
  From:                0xf39fd6e51aad88f6f4ce6ab8827279cfffb92266
  To:                  0x3347b4d90ebe72befb30444c9966b2b990ae9fcb

[32meth_chainId[0m
[32meth_call[0m
  Contract call:       <UnrecognizedContract>
  From:                0xf39fd6e51aad88f6f4ce6ab8827279cfffb92266
  To:                  0x3347b4d90ebe72befb30444c9966b2b990ae9fcb

[32meth_chainId[0m
[32meth_call[0m
  Contract call:       <UnrecognizedContract>
  From:                0xf39fd6e51aad88f6f4ce6ab8827279cfffb92266
  To:                  0x3347b4d90ebe72befb30444c9966b2b990ae9fcb

[32meth_call[0m
  Contract call:       <UnrecognizedContract>
  From:                0xf39fd6e51aad88f6f4ce6ab8827279cfffb92266
  To:                  0x3347b4d90ebe72befb30444c9966b2b990ae9fcb

[32meth_chainId[0m
[32meth_call[0m
  Contract call:       <UnrecognizedContract>
  From:                0xf39fd6e51aad88f6f4ce6ab8827279cfffb92266
  To:                  0x3347b4d90ebe72befb30444c9966b2b990ae9fcb

[32meth_chainId[0m
[32meth_call[0m
  Contract call:       <UnrecognizedContract>
  From:                0xf39fd6e51aad88f6f4ce6ab8827279cfffb92266
  To:                  0x3347b4d90ebe72befb30444c9966b2b990ae9fcb

[32meth_chainId[0m
[32meth_call[0m
  Contract call:       <UnrecognizedContract>
  From:                0xf39fd6e51aad88f6f4ce6ab8827279cfffb92266
  To:                  0x3347b4d90ebe72befb30444c9966b2b990ae9fcb

[32meth_call[0m
  Contract call:       <UnrecognizedContract>
  From:                0xf39fd6e51aad88f6f4ce6ab8827279cfffb92266
  To:                  0x3347b4d90ebe72befb30444c9966b2b990ae9fcb

[32meth_chainId[0m
[32meth_call[0m
  Contract call:       <UnrecognizedContract>
  From:                0xf39fd6e51aad88f6f4ce6ab8827279cfffb92266
  To:                  0x3347b4d90ebe72befb30444c9966b2b990ae9fcb

[32meth_chainId[0m
[32meth_call[0m
  Contract call:       <UnrecognizedContract>
  From:                0xf39fd6e51aad88f6f4ce6ab8827279cfffb92266
  To:                  0x3347b4d90ebe72befb30444c9966b2b990ae9fcb

[32meth_chainId[0m
[32meth_call[0m
  Contract call:       <UnrecognizedContract>
  From:                0xf39fd6e51aad88f6f4ce6ab8827279cfffb92266
  To:                  0x3347b4d90ebe72befb30444c9966b2b990ae9fcb

[32meth_call[0m
  Contract call:       <UnrecognizedContract>
  From:                0xf39fd6e51aad88f6f4ce6ab8827279cfffb92266
  To:                  0x3347b4d90ebe72befb30444c9966b2b990ae9fcb

[32meth_chainId[0m
[32meth_call[0m
  Contract call:       <UnrecognizedContract>
  From:                0xf39fd6e51aad88f6f4ce6ab8827279cfffb92266
  To:                  0x3347b4d90ebe72befb30444c9966b2b990ae9fcb

[32meth_chainId[0m
[32meth_call[0m
  Contract call:       <UnrecognizedContract>
  From:                0xf39fd6e51aad88f6f4ce6ab8827279cfffb92266
  To:                  0x3347b4d90ebe72befb30444c9966b2b990ae9fcb

[32meth_chainId[0m
[32meth_call[0m
  Contract call:       <UnrecognizedContract>
  From:                0xf39fd6e51aad88f6f4ce6ab8827279cfffb92266
  To:                  0x3347b4d90ebe72befb30444c9966b2b990ae9fcb

[32meth_call[0m
  Contract call:       <UnrecognizedContract>
  From:                0xf39fd6e51aad88f6f4ce6ab8827279cfffb92266
  To:                  0x3347b4d90ebe72befb30444c9966b2b990ae9fcb

[32meth_chainId[0m
[32meth_call[0m
  Contract call:       <UnrecognizedContract>
  From:                0xf39fd6e51aad88f6f4ce6ab8827279cfffb92266
  To:                  0x3347b4d90ebe72befb30444c9966b2b990ae9fcb

[32meth_chainId[0m
[32meth_call[0m
  Contract call:       <UnrecognizedContract>
  From:                0xf39fd6e51aad88f6f4ce6ab8827279cfffb92266
  To:                  0x3347b4d90ebe72befb30444c9966b2b990ae9fcb

[32meth_chainId[0m
[32meth_call[0m
  Contract call:       <UnrecognizedContract>
  From:                0xf39fd6e51aad88f6f4ce6ab8827279cfffb92266
  To:                  0x3347b4d90ebe72befb30444c9966b2b990ae9fcb

[32meth_call[0m
  Contract call:       <UnrecognizedContract>
  From:                0xf39fd6e51aad88f6f4ce6ab8827279cfffb92266
  To:                  0x3347b4d90ebe72befb30444c9966b2b990ae9fcb

[32meth_chainId[0m
[32meth_call[0m
  Contract call:       <UnrecognizedContract>
  From:                0xf39fd6e51aad88f6f4ce6ab8827279cfffb92266
  To:                  0x3347b4d90ebe72befb30444c9966b2b990ae9fcb

[32meth_chainId[0m
[32meth_call[0m
  Contract call:       <UnrecognizedContract>
  From:                0xf39fd6e51aad88f6f4ce6ab8827279cfffb92266
  To:                  0x3347b4d90ebe72befb30444c9966b2b990ae9fcb

[32meth_chainId[0m
[32meth_call[0m
  Contract call:       <UnrecognizedContract>
  From:                0xf39fd6e51aad88f6f4ce6ab8827279cfffb92266
  To:                  0x3347b4d90ebe72befb30444c9966b2b990ae9fcb

[32meth_call[0m
  Contract call:       <UnrecognizedContract>
  From:                0xf39fd6e51aad88f6f4ce6ab8827279cfffb92266
  To:                  0x3347b4d90ebe72befb30444c9966b2b990ae9fcb

[32meth_chainId[0m
[32meth_call[0m
  Contract call:       <UnrecognizedContract>
  From:                0xf39fd6e51aad88f6f4ce6ab8827279cfffb92266
  To:                  0x3347b4d90ebe72befb30444c9966b2b990ae9fcb

[32meth_chainId[0m
[32meth_call[0m
  Contract call:       <UnrecognizedContract>
  From:                0xf39fd6e51aad88f6f4ce6ab8827279cfffb92266
  To:                  0x3347b4d90ebe72befb30444c9966b2b990ae9fcb

[32meth_chainId[0m
[32meth_call[0m
  Contract call:       <UnrecognizedContract>
  From:                0xf39fd6e51aad88f6f4ce6ab8827279cfffb92266
  To:                  0x3347b4d90ebe72befb30444c9966b2b990ae9fcb

[32meth_call[0m
  Contract call:       <UnrecognizedContract>
  From:                0xf39fd6e51aad88f6f4ce6ab8827279cfffb92266
  To:                  0x3347b4d90ebe72befb30444c9966b2b990ae9fcb

[32meth_chainId[0m
[32meth_call[0m
  Contract call:       <UnrecognizedContract>
  From:                0xf39fd6e51aad88f6f4ce6ab8827279cfffb92266
  To:                  0x3347b4d90ebe72befb30444c9966b2b990ae9fcb

[32meth_chainId[0m
[32meth_call[0m
  Contract call:       <UnrecognizedContract>
  From:                0xf39fd6e51aad88f6f4ce6ab8827279cfffb92266
  To:                  0x3347b4d90ebe72befb30444c9966b2b990ae9fcb

[32meth_chainId[0m
[32meth_call[0m
  Contract call:       <UnrecognizedContract>
  From:                0xf39fd6e51aad88f6f4ce6ab8827279cfffb92266
  To:                  0x3347b4d90ebe72befb30444c9966b2b990ae9fcb

[32meth_call[0m
  Contract call:       <UnrecognizedContract>
  From:                0xf39fd6e51aad88f6f4ce6ab8827279cfffb92266
  To:                  0x3347b4d90ebe72befb30444c9966b2b990ae9fcb

[32meth_chainId[0m
[32meth_call[0m
  Contract call:       <UnrecognizedContract>
  From:                0xf39fd6e51aad88f6f4ce6ab8827279cfffb92266
  To:                  0x3347b4d90ebe72befb30444c9966b2b990ae9fcb

[32meth_chainId[0m
[32meth_call[0m
  Contract call:       <UnrecognizedContract>
  From:                0xf39fd6e51aad88f6f4ce6ab8827279cfffb92266
  To:                  0x3347b4d90ebe72befb30444c9966b2b990ae9fcb

[32meth_chainId[0m
[32meth_call[0m
  Contract call:       <UnrecognizedContract>
  From:                0xf39fd6e51aad88f6f4ce6ab8827279cfffb92266
  To:                  0x3347b4d90ebe72befb30444c9966b2b990ae9fcb

[32meth_call[0m
  Contract call:       <UnrecognizedContract>
  From:                0xf39fd6e51aad88f6f4ce6ab8827279cfffb92266
  To:                  0x3347b4d90ebe72befb30444c9966b2b990ae9fcb

[32meth_chainId[0m
[32meth_call[0m
  Contract call:       <UnrecognizedContract>
  From:                0xf39fd6e51aad88f6f4ce6ab8827279cfffb92266
  To:                  0x3347b4d90ebe72befb30444c9966b2b990ae9fcb

[32meth_chainId[0m
[32meth_call[0m
  Contract call:       <UnrecognizedContract>
  From:                0xf39fd6e51aad88f6f4ce6ab8827279cfffb92266
  To:                  0x3347b4d90ebe72befb30444c9966b2b990ae9fcb

[32meth_chainId[0m
[32meth_call[0m
  Contract call:       <UnrecognizedContract>
  From:                0xf39fd6e51aad88f6f4ce6ab8827279cfffb92266
  To:                  0x3347b4d90ebe72befb30444c9966b2b990ae9fcb

[32meth_call[0m
  Contract call:       <UnrecognizedContract>
  From:                0xf39fd6e51aad88f6f4ce6ab8827279cfffb92266
  To:                  0x3347b4d90ebe72befb30444c9966b2b990ae9fcb

[32meth_chainId[0m
[32meth_call[0m
  Contract call:       <UnrecognizedContract>
  From:                0xf39fd6e51aad88f6f4ce6ab8827279cfffb92266
  To:                  0x3347b4d90ebe72befb30444c9966b2b990ae9fcb

[32meth_chainId[0m
[32meth_call[0m
  Contract call:       <UnrecognizedContract>
  From:                0xf39fd6e51aad88f6f4ce6ab8827279cfffb92266
  To:                  0x3347b4d90ebe72befb30444c9966b2b990ae9fcb

[32meth_chainId[0m
[32meth_call[0m
  Contract call:       <UnrecognizedContract>
  From:                0xf39fd6e51aad88f6f4ce6ab8827279cfffb92266
  To:                  0x3347b4d90ebe72befb30444c9966b2b990ae9fcb

[32meth_call[0m
  Contract call:       <UnrecognizedContract>
  From:                0xf39fd6e51aad88f6f4ce6ab8827279cfffb92266
  To:                  0x3347b4d90ebe72befb30444c9966b2b990ae9fcb

[32meth_chainId[0m
[32meth_call[0m
  Contract call:       <UnrecognizedContract>
  From:                0xf39fd6e51aad88f6f4ce6ab8827279cfffb92266
  To:                  0x3347b4d90ebe72befb30444c9966b2b990ae9fcb

[32meth_chainId[0m
[32meth_call[0m
  Contract call:       <UnrecognizedContract>
  From:                0xf39fd6e51aad88f6f4ce6ab8827279cfffb92266
  To:                  0x3347b4d90ebe72befb30444c9966b2b990ae9fcb

[32meth_chainId[0m
[32meth_call[0m
  Contract call:       <UnrecognizedContract>
  From:                0xf39fd6e51aad88f6f4ce6ab8827279cfffb92266
  To:                  0x3347b4d90ebe72befb30444c9966b2b990ae9fcb

[32meth_call[0m
  Contract call:       <UnrecognizedContract>
  From:                0xf39fd6e51aad88f6f4ce6ab8827279cfffb92266
  To:                  0x3347b4d90ebe72befb30444c9966b2b990ae9fcb

[32meth_chainId[0m
[32meth_call[0m
  Contract call:       <UnrecognizedContract>
  From:                0xf39fd6e51aad88f6f4ce6ab8827279cfffb92266
  To:                  0x3347b4d90ebe72befb30444c9966b2b990ae9fcb

[32meth_chainId[0m
[32meth_call[0m
  Contract call:       <UnrecognizedContract>
  From:                0xf39fd6e51aad88f6f4ce6ab8827279cfffb92266
  To:                  0x3347b4d90ebe72befb30444c9966b2b990ae9fcb

[32meth_chainId[0m
[32meth_call[0m
  Contract call:       <UnrecognizedContract>
  From:                0xf39fd6e51aad88f6f4ce6ab8827279cfffb92266
  To:                  0x3347b4d90ebe72befb30444c9966b2b990ae9fcb

[32meth_call[0m
  Contract call:       <UnrecognizedContract>
  From:                0xf39fd6e51aad88f6f4ce6ab8827279cfffb92266
  To:                  0x3347b4d90ebe72befb30444c9966b2b990ae9fcb

[32meth_chainId[0m
[32meth_call[0m
  Contract call:       <UnrecognizedContract>
  From:                0xf39fd6e51aad88f6f4ce6ab8827279cfffb92266
  To:                  0x3347b4d90ebe72befb30444c9966b2b990ae9fcb

[32meth_chainId[0m
[32meth_call[0m
  Contract call:       <UnrecognizedContract>
  From:                0xf39fd6e51aad88f6f4ce6ab8827279cfffb92266
  To:                  0x3347b4d90ebe72befb30444c9966b2b990ae9fcb

[32meth_chainId[0m
[32meth_call[0m
  Contract call:       <UnrecognizedContract>
  From:                0xf39fd6e51aad88f6f4ce6ab8827279cfffb92266
  To:                  0x3347b4d90ebe72befb30444c9966b2b990ae9fcb

[32meth_call[0m
  Contract call:       <UnrecognizedContract>
  From:                0xf39fd6e51aad88f6f4ce6ab8827279cfffb92266
  To:                  0x3347b4d90ebe72befb30444c9966b2b990ae9fcb

[32meth_chainId[0m
[32meth_call[0m
  Contract call:       <UnrecognizedContract>
  From:                0xf39fd6e51aad88f6f4ce6ab8827279cfffb92266
  To:                  0x3347b4d90ebe72befb30444c9966b2b990ae9fcb

[32meth_chainId[0m
[32meth_call[0m
  Contract call:       <UnrecognizedContract>
  From:                0xf39fd6e51aad88f6f4ce6ab8827279cfffb92266
  To:                  0x3347b4d90ebe72befb30444c9966b2b990ae9fcb

[32meth_chainId[0m
[32meth_call[0m
  Contract call:       <UnrecognizedContract>
  From:                0xf39fd6e51aad88f6f4ce6ab8827279cfffb92266
  To:                  0x3347b4d90ebe72befb30444c9966b2b990ae9fcb

[32meth_call[0m
  Contract call:       <UnrecognizedContract>
  From:                0xf39fd6e51aad88f6f4ce6ab8827279cfffb92266
  To:                  0x3347b4d90ebe72befb30444c9966b2b990ae9fcb

[32meth_chainId[0m
[32meth_call[0m
  Contract call:       <UnrecognizedContract>
  From:                0xf39fd6e51aad88f6f4ce6ab8827279cfffb92266
  To:                  0x3347b4d90ebe72befb30444c9966b2b990ae9fcb

[32meth_chainId[0m
[32meth_call[0m
  Contract call:       <UnrecognizedContract>
  From:                0xf39fd6e51aad88f6f4ce6ab8827279cfffb92266
  To:                  0x3347b4d90ebe72befb30444c9966b2b990ae9fcb

[32meth_chainId[0m
[32meth_call[0m
  Contract call:       <UnrecognizedContract>
  From:                0xf39fd6e51aad88f6f4ce6ab8827279cfffb92266
  To:                  0x3347b4d90ebe72befb30444c9966b2b990ae9fcb

[32meth_call[0m
  Contract call:       <UnrecognizedContract>
  From:                0xf39fd6e51aad88f6f4ce6ab8827279cfffb92266
  To:                  0x3347b4d90ebe72befb30444c9966b2b990ae9fcb

[32meth_chainId[0m
[32meth_call[0m
  Contract call:       <UnrecognizedContract>
  From:                0xf39fd6e51aad88f6f4ce6ab8827279cfffb92266
  To:                  0x3347b4d90ebe72befb30444c9966b2b990ae9fcb

[32meth_chainId[0m
[32meth_call[0m
  Contract call:       <UnrecognizedContract>
  From:                0xf39fd6e51aad88f6f4ce6ab8827279cfffb92266
  To:                  0x3347b4d90ebe72befb30444c9966b2b990ae9fcb

[32meth_chainId[0m
[32meth_call[0m
  Contract call:       <UnrecognizedContract>
  From:                0xf39fd6e51aad88f6f4ce6ab8827279cfffb92266
  To:                  0x3347b4d90ebe72befb30444c9966b2b990ae9fcb

[32meth_call[0m
  Contract call:       <UnrecognizedContract>
  From:                0xf39fd6e51aad88f6f4ce6ab8827279cfffb92266
  To:                  0x3347b4d90ebe72befb30444c9966b2b990ae9fcb

[32meth_chainId[0m
[32meth_call[0m
  Contract call:       <UnrecognizedContract>
  From:                0xf39fd6e51aad88f6f4ce6ab8827279cfffb92266
  To:                  0x3347b4d90ebe72befb30444c9966b2b990ae9fcb

[32meth_chainId[0m
[32meth_call[0m
  Contract call:       <UnrecognizedContract>
  From:                0xf39fd6e51aad88f6f4ce6ab8827279cfffb92266
  To:                  0x3347b4d90ebe72befb30444c9966b2b990ae9fcb

[32meth_chainId[0m
[32meth_call[0m
  Contract call:       <UnrecognizedContract>
  From:                0xf39fd6e51aad88f6f4ce6ab8827279cfffb92266
  To:                  0x3347b4d90ebe72befb30444c9966b2b990ae9fcb

[32meth_call[0m
  Contract call:       <UnrecognizedContract>
  From:                0xf39fd6e51aad88f6f4ce6ab8827279cfffb92266
  To:                  0x3347b4d90ebe72befb30444c9966b2b990ae9fcb

[32meth_chainId[0m
[32meth_call[0m
  Contract call:       <UnrecognizedContract>
  From:                0xf39fd6e51aad88f6f4ce6ab8827279cfffb92266
  To:                  0x3347b4d90ebe72befb30444c9966b2b990ae9fcb

[32meth_chainId[0m
[32meth_call[0m
  Contract call:       <UnrecognizedContract>
  From:                0xf39fd6e51aad88f6f4ce6ab8827279cfffb92266
  To:                  0x3347b4d90ebe72befb30444c9966b2b990ae9fcb

[32meth_chainId[0m
[32meth_call[0m
  Contract call:       <UnrecognizedContract>
  From:                0xf39fd6e51aad88f6f4ce6ab8827279cfffb92266
  To:                  0x3347b4d90ebe72befb30444c9966b2b990ae9fcb

[32meth_call[0m
  Contract call:       <UnrecognizedContract>
  From:                0xf39fd6e51aad88f6f4ce6ab8827279cfffb92266
  To:                  0x3347b4d90ebe72befb30444c9966b2b990ae9fcb

[32meth_chainId[0m
[32meth_call[0m
  Contract call:       <UnrecognizedContract>
  From:                0xf39fd6e51aad88f6f4ce6ab8827279cfffb92266
  To:                  0x3347b4d90ebe72befb30444c9966b2b990ae9fcb

[32meth_chainId[0m
[32meth_call[0m
  Contract call:       <UnrecognizedContract>
  From:                0xf39fd6e51aad88f6f4ce6ab8827279cfffb92266
  To:                  0x3347b4d90ebe72befb30444c9966b2b990ae9fcb

[32meth_chainId[0m
[32meth_call[0m
  Contract call:       <UnrecognizedContract>
  From:                0xf39fd6e51aad88f6f4ce6ab8827279cfffb92266
  To:                  0x3347b4d90ebe72befb30444c9966b2b990ae9fcb

[32meth_call[0m
  Contract call:       <UnrecognizedContract>
  From:                0xf39fd6e51aad88f6f4ce6ab8827279cfffb92266
  To:                  0x3347b4d90ebe72befb30444c9966b2b990ae9fcb

[32meth_chainId[0m
[32meth_call[0m
  Contract call:       <UnrecognizedContract>
  From:                0xf39fd6e51aad88f6f4ce6ab8827279cfffb92266
  To:                  0x3347b4d90ebe72befb30444c9966b2b990ae9fcb

[32meth_chainId[0m
[32meth_call[0m
  Contract call:       <UnrecognizedContract>
  From:                0xf39fd6e51aad88f6f4ce6ab8827279cfffb92266
  To:                  0x3347b4d90ebe72befb30444c9966b2b990ae9fcb

[32meth_chainId[0m
[32meth_call[0m
  Contract call:       <UnrecognizedContract>
  From:                0xf39fd6e51aad88f6f4ce6ab8827279cfffb92266
  To:                  0x3347b4d90ebe72befb30444c9966b2b990ae9fcb

[32meth_call[0m
  Contract call:       <UnrecognizedContract>
  From:                0xf39fd6e51aad88f6f4ce6ab8827279cfffb92266
  To:                  0x3347b4d90ebe72befb30444c9966b2b990ae9fcb

[32meth_chainId[0m
[32meth_call[0m
  Contract call:       <UnrecognizedContract>
  From:                0xf39fd6e51aad88f6f4ce6ab8827279cfffb92266
  To:                  0x3347b4d90ebe72befb30444c9966b2b990ae9fcb

[32meth_chainId[0m
[32meth_call[0m
  Contract call:       <UnrecognizedContract>
  From:                0xf39fd6e51aad88f6f4ce6ab8827279cfffb92266
  To:                  0x3347b4d90ebe72befb30444c9966b2b990ae9fcb

[32meth_chainId[0m
[32meth_call[0m
  Contract call:       <UnrecognizedContract>
  From:                0xf39fd6e51aad88f6f4ce6ab8827279cfffb92266
  To:                  0x3347b4d90ebe72befb30444c9966b2b990ae9fcb

[32meth_call[0m
  Contract call:       <UnrecognizedContract>
  From:                0xf39fd6e51aad88f6f4ce6ab8827279cfffb92266
  To:                  0x3347b4d90ebe72befb30444c9966b2b990ae9fcb

[32meth_chainId[0m
[32meth_call[0m
  Contract call:       <UnrecognizedContract>
  From:                0xf39fd6e51aad88f6f4ce6ab8827279cfffb92266
  To:                  0x3347b4d90ebe72befb30444c9966b2b990ae9fcb

[32meth_chainId[0m
[32meth_call[0m
  Contract call:       <UnrecognizedContract>
  From:                0xf39fd6e51aad88f6f4ce6ab8827279cfffb92266
  To:                  0x3347b4d90ebe72befb30444c9966b2b990ae9fcb

[32meth_chainId[0m
[32meth_call[0m
  Contract call:       <UnrecognizedContract>
  From:                0xf39fd6e51aad88f6f4ce6ab8827279cfffb92266
  To:                  0x3347b4d90ebe72befb30444c9966b2b990ae9fcb

[32meth_call[0m
  Contract call:       <UnrecognizedContract>
  From:                0xf39fd6e51aad88f6f4ce6ab8827279cfffb92266
  To:                  0x3347b4d90ebe72befb30444c9966b2b990ae9fcb

[32meth_chainId[0m
[32meth_call[0m
  Contract call:       <UnrecognizedContract>
  From:                0xf39fd6e51aad88f6f4ce6ab8827279cfffb92266
  To:                  0x3347b4d90ebe72befb30444c9966b2b990ae9fcb

[32meth_chainId[0m
[32meth_call[0m
  Contract call:       <UnrecognizedContract>
  From:                0xf39fd6e51aad88f6f4ce6ab8827279cfffb92266
  To:                  0x3347b4d90ebe72befb30444c9966b2b990ae9fcb

[32meth_chainId[0m
[32meth_call[0m
  Contract call:       <UnrecognizedContract>
  From:                0xf39fd6e51aad88f6f4ce6ab8827279cfffb92266
  To:                  0x3347b4d90ebe72befb30444c9966b2b990ae9fcb

[32meth_call[0m
  Contract call:       <UnrecognizedContract>
  From:                0xf39fd6e51aad88f6f4ce6ab8827279cfffb92266
  To:                  0x3347b4d90ebe72befb30444c9966b2b990ae9fcb

[32meth_chainId[0m
[32meth_call[0m
  Contract call:       <UnrecognizedContract>
  From:                0xf39fd6e51aad88f6f4ce6ab8827279cfffb92266
  To:                  0x3347b4d90ebe72befb30444c9966b2b990ae9fcb

[32meth_chainId[0m
[32meth_call[0m
  Contract call:       <UnrecognizedContract>
  From:                0xf39fd6e51aad88f6f4ce6ab8827279cfffb92266
  To:                  0x3347b4d90ebe72befb30444c9966b2b990ae9fcb

[32meth_chainId[0m
[32meth_call[0m
  Contract call:       <UnrecognizedContract>
  From:                0xf39fd6e51aad88f6f4ce6ab8827279cfffb92266
  To:                  0x3347b4d90ebe72befb30444c9966b2b990ae9fcb

[32meth_call[0m
  Contract call:       <UnrecognizedContract>
  From:                0xf39fd6e51aad88f6f4ce6ab8827279cfffb92266
  To:                  0x3347b4d90ebe72befb30444c9966b2b990ae9fcb

[32meth_chainId[0m
[32meth_call[0m
  Contract call:       <UnrecognizedContract>
  From:                0xf39fd6e51aad88f6f4ce6ab8827279cfffb92266
  To:                  0x3347b4d90ebe72befb30444c9966b2b990ae9fcb

[32meth_chainId[0m
[32meth_call[0m
  Contract call:       <UnrecognizedContract>
  From:                0xf39fd6e51aad88f6f4ce6ab8827279cfffb92266
  To:                  0x3347b4d90ebe72befb30444c9966b2b990ae9fcb

[32meth_chainId[0m
[32meth_call[0m
  Contract call:       <UnrecognizedContract>
  From:                0xf39fd6e51aad88f6f4ce6ab8827279cfffb92266
  To:                  0x3347b4d90ebe72befb30444c9966b2b990ae9fcb

[32meth_call[0m
  Contract call:       <UnrecognizedContract>
  From:                0xf39fd6e51aad88f6f4ce6ab8827279cfffb92266
  To:                  0x3347b4d90ebe72befb30444c9966b2b990ae9fcb

[32meth_chainId[0m
[32meth_call[0m
  Contract call:       <UnrecognizedContract>
  From:                0xf39fd6e51aad88f6f4ce6ab8827279cfffb92266
  To:                  0x3347b4d90ebe72befb30444c9966b2b990ae9fcb

[32meth_chainId[0m
[32meth_call[0m
  Contract call:       <UnrecognizedContract>
  From:                0xf39fd6e51aad88f6f4ce6ab8827279cfffb92266
  To:                  0x3347b4d90ebe72befb30444c9966b2b990ae9fcb

[32meth_chainId[0m
[32meth_call[0m
  Contract call:       <UnrecognizedContract>
  From:                0xf39fd6e51aad88f6f4ce6ab8827279cfffb92266
  To:                  0x3347b4d90ebe72befb30444c9966b2b990ae9fcb

[32meth_call[0m
  Contract call:       <UnrecognizedContract>
  From:                0xf39fd6e51aad88f6f4ce6ab8827279cfffb92266
  To:                  0x3347b4d90ebe72befb30444c9966b2b990ae9fcb

[32meth_chainId[0m
[32meth_call[0m
  Contract call:       <UnrecognizedContract>
  From:                0xf39fd6e51aad88f6f4ce6ab8827279cfffb92266
  To:                  0x3347b4d90ebe72befb30444c9966b2b990ae9fcb

[32meth_chainId[0m
[32meth_call[0m
  Contract call:       <UnrecognizedContract>
  From:                0xf39fd6e51aad88f6f4ce6ab8827279cfffb92266
  To:                  0x3347b4d90ebe72befb30444c9966b2b990ae9fcb

[32meth_chainId[0m
[32meth_call[0m
  Contract call:       <UnrecognizedContract>
  From:                0xf39fd6e51aad88f6f4ce6ab8827279cfffb92266
  To:                  0x3347b4d90ebe72befb30444c9966b2b990ae9fcb

[32meth_call[0m
  Contract call:       <UnrecognizedContract>
  From:                0xf39fd6e51aad88f6f4ce6ab8827279cfffb92266
  To:                  0x3347b4d90ebe72befb30444c9966b2b990ae9fcb

[32meth_chainId[0m
[32meth_call[0m
  Contract call:       <UnrecognizedContract>
  From:                0xf39fd6e51aad88f6f4ce6ab8827279cfffb92266
  To:                  0x3347b4d90ebe72befb30444c9966b2b990ae9fcb

[32meth_chainId[0m
[32meth_call[0m
  Contract call:       <UnrecognizedContract>
  From:                0xf39fd6e51aad88f6f4ce6ab8827279cfffb92266
  To:                  0x3347b4d90ebe72befb30444c9966b2b990ae9fcb

[32meth_chainId[0m
[32meth_call[0m
  Contract call:       <UnrecognizedContract>
  From:                0xf39fd6e51aad88f6f4ce6ab8827279cfffb92266
  To:                  0x3347b4d90ebe72befb30444c9966b2b990ae9fcb

[32meth_call[0m
  Contract call:       <UnrecognizedContract>
  From:                0xf39fd6e51aad88f6f4ce6ab8827279cfffb92266
  To:                  0x3347b4d90ebe72befb30444c9966b2b990ae9fcb

[32meth_chainId[0m
[32meth_call[0m
  Contract call:       <UnrecognizedContract>
  From:                0xf39fd6e51aad88f6f4ce6ab8827279cfffb92266
  To:                  0x3347b4d90ebe72befb30444c9966b2b990ae9fcb

[32meth_chainId[0m
[32meth_call[0m
  Contract call:       <UnrecognizedContract>
  From:                0xf39fd6e51aad88f6f4ce6ab8827279cfffb92266
  To:                  0x3347b4d90ebe72befb30444c9966b2b990ae9fcb

[32meth_chainId[0m
[32meth_call[0m
  Contract call:       <UnrecognizedContract>
  From:                0xf39fd6e51aad88f6f4ce6ab8827279cfffb92266
  To:                  0x3347b4d90ebe72befb30444c9966b2b990ae9fcb

[32meth_call[0m
  Contract call:       <UnrecognizedContract>
  From:                0xf39fd6e51aad88f6f4ce6ab8827279cfffb92266
  To:                  0x3347b4d90ebe72befb30444c9966b2b990ae9fcb

[32meth_chainId[0m
[32meth_call[0m
  Contract call:       <UnrecognizedContract>
  From:                0xf39fd6e51aad88f6f4ce6ab8827279cfffb92266
  To:                  0x3347b4d90ebe72befb30444c9966b2b990ae9fcb

[32meth_chainId[0m
[32meth_call[0m
  Contract call:       <UnrecognizedContract>
  From:                0xf39fd6e51aad88f6f4ce6ab8827279cfffb92266
  To:                  0x3347b4d90ebe72befb30444c9966b2b990ae9fcb

[32meth_chainId[0m
[32meth_call[0m
  Contract call:       <UnrecognizedContract>
  From:                0xf39fd6e51aad88f6f4ce6ab8827279cfffb92266
  To:                  0x3347b4d90ebe72befb30444c9966b2b990ae9fcb

[32meth_call[0m
  Contract call:       <UnrecognizedContract>
  From:                0xf39fd6e51aad88f6f4ce6ab8827279cfffb92266
  To:                  0x3347b4d90ebe72befb30444c9966b2b990ae9fcb

[32meth_chainId[0m
[32meth_call[0m
  Contract call:       <UnrecognizedContract>
  From:                0xf39fd6e51aad88f6f4ce6ab8827279cfffb92266
  To:                  0x3347b4d90ebe72befb30444c9966b2b990ae9fcb

[32meth_chainId[0m
[32meth_call[0m
  Contract call:       <UnrecognizedContract>
  From:                0xf39fd6e51aad88f6f4ce6ab8827279cfffb92266
  To:                  0x3347b4d90ebe72befb30444c9966b2b990ae9fcb

[32meth_chainId[0m
[32meth_call[0m
  Contract call:       <UnrecognizedContract>
  From:                0xf39fd6e51aad88f6f4ce6ab8827279cfffb92266
  To:                  0x3347b4d90ebe72befb30444c9966b2b990ae9fcb

[32meth_call[0m
  Contract call:       <UnrecognizedContract>
  From:                0xf39fd6e51aad88f6f4ce6ab8827279cfffb92266
  To:                  0x3347b4d90ebe72befb30444c9966b2b990ae9fcb

[32meth_chainId[0m
[32meth_call[0m
  Contract call:       <UnrecognizedContract>
  From:                0xf39fd6e51aad88f6f4ce6ab8827279cfffb92266
  To:                  0x3347b4d90ebe72befb30444c9966b2b990ae9fcb

[32meth_chainId[0m
[32meth_call[0m
  Contract call:       <UnrecognizedContract>
  From:                0xf39fd6e51aad88f6f4ce6ab8827279cfffb92266
  To:                  0x3347b4d90ebe72befb30444c9966b2b990ae9fcb

[32meth_chainId[0m
[32meth_call[0m
  Contract call:       <UnrecognizedContract>
  From:                0xf39fd6e51aad88f6f4ce6ab8827279cfffb92266
  To:                  0x3347b4d90ebe72befb30444c9966b2b990ae9fcb

[32meth_call[0m
  Contract call:       <UnrecognizedContract>
  From:                0xf39fd6e51aad88f6f4ce6ab8827279cfffb92266
  To:                  0x3347b4d90ebe72befb30444c9966b2b990ae9fcb

[32meth_chainId[0m
[32meth_call[0m
  Contract call:       <UnrecognizedContract>
  From:                0xf39fd6e51aad88f6f4ce6ab8827279cfffb92266
  To:                  0x3347b4d90ebe72befb30444c9966b2b990ae9fcb

[32meth_chainId[0m
[32meth_call[0m
  Contract call:       <UnrecognizedContract>
  From:                0xf39fd6e51aad88f6f4ce6ab8827279cfffb92266
  To:                  0x3347b4d90ebe72befb30444c9966b2b990ae9fcb

[32meth_chainId[0m
[32meth_call[0m
  Contract call:       <UnrecognizedContract>
  From:                0xf39fd6e51aad88f6f4ce6ab8827279cfffb92266
  To:                  0x3347b4d90ebe72befb30444c9966b2b990ae9fcb

[32meth_call[0m
  Contract call:       <UnrecognizedContract>
  From:                0xf39fd6e51aad88f6f4ce6ab8827279cfffb92266
  To:                  0x3347b4d90ebe72befb30444c9966b2b990ae9fcb

[32meth_chainId[0m
[32meth_call[0m
  Contract call:       <UnrecognizedContract>
  From:                0xf39fd6e51aad88f6f4ce6ab8827279cfffb92266
  To:                  0x3347b4d90ebe72befb30444c9966b2b990ae9fcb

[32meth_chainId[0m
[32meth_call[0m
  Contract call:       <UnrecognizedContract>
  From:                0xf39fd6e51aad88f6f4ce6ab8827279cfffb92266
  To:                  0x3347b4d90ebe72befb30444c9966b2b990ae9fcb

[32meth_chainId[0m
[32meth_call[0m
  Contract call:       <UnrecognizedContract>
  From:                0xf39fd6e51aad88f6f4ce6ab8827279cfffb92266
  To:                  0x3347b4d90ebe72befb30444c9966b2b990ae9fcb

[32meth_call[0m
  Contract call:       <UnrecognizedContract>
  From:                0xf39fd6e51aad88f6f4ce6ab8827279cfffb92266
  To:                  0x3347b4d90ebe72befb30444c9966b2b990ae9fcb

[32meth_chainId[0m
[32meth_call[0m
  Contract call:       <UnrecognizedContract>
  From:                0xf39fd6e51aad88f6f4ce6ab8827279cfffb92266
  To:                  0x3347b4d90ebe72befb30444c9966b2b990ae9fcb

[32meth_chainId[0m
[32meth_call[0m
  Contract call:       <UnrecognizedContract>
  From:                0xf39fd6e51aad88f6f4ce6ab8827279cfffb92266
  To:                  0x3347b4d90ebe72befb30444c9966b2b990ae9fcb

[32meth_chainId[0m
[32meth_call[0m
  Contract call:       <UnrecognizedContract>
  From:                0xf39fd6e51aad88f6f4ce6ab8827279cfffb92266
  To:                  0x3347b4d90ebe72befb30444c9966b2b990ae9fcb

[32meth_call[0m
  Contract call:       <UnrecognizedContract>
  From:                0xf39fd6e51aad88f6f4ce6ab8827279cfffb92266
  To:                  0x3347b4d90ebe72befb30444c9966b2b990ae9fcb

[32meth_chainId[0m
[32meth_call[0m
  Contract call:       <UnrecognizedContract>
  From:                0xf39fd6e51aad88f6f4ce6ab8827279cfffb92266
  To:                  0x3347b4d90ebe72befb30444c9966b2b990ae9fcb

[32meth_chainId[0m
[32meth_call[0m
  Contract call:       <UnrecognizedContract>
  From:                0xf39fd6e51aad88f6f4ce6ab8827279cfffb92266
  To:                  0x3347b4d90ebe72befb30444c9966b2b990ae9fcb

[32meth_chainId[0m
[32meth_call[0m
  Contract call:       <UnrecognizedContract>
  From:                0xf39fd6e51aad88f6f4ce6ab8827279cfffb92266
  To:                  0x3347b4d90ebe72befb30444c9966b2b990ae9fcb

[32meth_call[0m
  Contract call:       <UnrecognizedContract>
  From:                0xf39fd6e51aad88f6f4ce6ab8827279cfffb92266
  To:                  0x3347b4d90ebe72befb30444c9966b2b990ae9fcb

[32meth_chainId[0m
[32meth_call[0m
  Contract call:       <UnrecognizedContract>
  From:                0xf39fd6e51aad88f6f4ce6ab8827279cfffb92266
  To:                  0x3347b4d90ebe72befb30444c9966b2b990ae9fcb

[32meth_chainId[0m
[32meth_call[0m
  Contract call:       <UnrecognizedContract>
  From:                0xf39fd6e51aad88f6f4ce6ab8827279cfffb92266
  To:                  0x3347b4d90ebe72befb30444c9966b2b990ae9fcb

[32meth_chainId[0m
[32meth_call[0m
  Contract call:       <UnrecognizedContract>
  From:                0xf39fd6e51aad88f6f4ce6ab8827279cfffb92266
  To:                  0x3347b4d90ebe72befb30444c9966b2b990ae9fcb

[32meth_call[0m
  Contract call:       <UnrecognizedContract>
  From:                0xf39fd6e51aad88f6f4ce6ab8827279cfffb92266
  To:                  0x3347b4d90ebe72befb30444c9966b2b990ae9fcb

[32meth_chainId[0m
[32meth_call[0m
  Contract call:       <UnrecognizedContract>
  From:                0xf39fd6e51aad88f6f4ce6ab8827279cfffb92266
  To:                  0x3347b4d90ebe72befb30444c9966b2b990ae9fcb

[32meth_chainId[0m
[32meth_call[0m
  Contract call:       <UnrecognizedContract>
  From:                0xf39fd6e51aad88f6f4ce6ab8827279cfffb92266
  To:                  0x3347b4d90ebe72befb30444c9966b2b990ae9fcb

[32meth_chainId[0m
[32meth_call[0m
  Contract call:       <UnrecognizedContract>
  From:                0xf39fd6e51aad88f6f4ce6ab8827279cfffb92266
  To:                  0x3347b4d90ebe72befb30444c9966b2b990ae9fcb

[32meth_call[0m
  Contract call:       <UnrecognizedContract>
  From:                0xf39fd6e51aad88f6f4ce6ab8827279cfffb92266
  To:                  0x3347b4d90ebe72befb30444c9966b2b990ae9fcb

[32meth_chainId[0m
[32meth_call[0m
  Contract call:       <UnrecognizedContract>
  From:                0xf39fd6e51aad88f6f4ce6ab8827279cfffb92266
  To:                  0x3347b4d90ebe72befb30444c9966b2b990ae9fcb

[32meth_chainId[0m
[32meth_call[0m
  Contract call:       <UnrecognizedContract>
  From:                0xf39fd6e51aad88f6f4ce6ab8827279cfffb92266
  To:                  0x3347b4d90ebe72befb30444c9966b2b990ae9fcb

[32meth_chainId[0m
[32meth_call[0m
  Contract call:       <UnrecognizedContract>
  From:                0xf39fd6e51aad88f6f4ce6ab8827279cfffb92266
  To:                  0x3347b4d90ebe72befb30444c9966b2b990ae9fcb

[32meth_call[0m
  Contract call:       <UnrecognizedContract>
  From:                0xf39fd6e51aad88f6f4ce6ab8827279cfffb92266
  To:                  0x3347b4d90ebe72befb30444c9966b2b990ae9fcb

[32meth_chainId[0m
[32meth_call[0m
  Contract call:       <UnrecognizedContract>
  From:                0xf39fd6e51aad88f6f4ce6ab8827279cfffb92266
  To:                  0x3347b4d90ebe72befb30444c9966b2b990ae9fcb

[32meth_chainId[0m
[32meth_call[0m
  Contract call:       <UnrecognizedContract>
  From:                0xf39fd6e51aad88f6f4ce6ab8827279cfffb92266
  To:                  0x3347b4d90ebe72befb30444c9966b2b990ae9fcb

[32meth_chainId[0m
[32meth_call[0m
  Contract call:       <UnrecognizedContract>
  From:                0xf39fd6e51aad88f6f4ce6ab8827279cfffb92266
  To:                  0x3347b4d90ebe72befb30444c9966b2b990ae9fcb

[32meth_call[0m
  Contract call:       <UnrecognizedContract>
  From:                0xf39fd6e51aad88f6f4ce6ab8827279cfffb92266
  To:                  0x3347b4d90ebe72befb30444c9966b2b990ae9fcb

[32meth_chainId[0m
[32meth_call[0m
  Contract call:       <UnrecognizedContract>
  From:                0xf39fd6e51aad88f6f4ce6ab8827279cfffb92266
  To:                  0x3347b4d90ebe72befb30444c9966b2b990ae9fcb

[32meth_chainId[0m
[32meth_call[0m
  Contract call:       <UnrecognizedContract>
  From:                0xf39fd6e51aad88f6f4ce6ab8827279cfffb92266
  To:                  0x3347b4d90ebe72befb30444c9966b2b990ae9fcb

[32meth_chainId[0m
[32meth_call[0m
  Contract call:       <UnrecognizedContract>
  From:                0xf39fd6e51aad88f6f4ce6ab8827279cfffb92266
  To:                  0x3347b4d90ebe72befb30444c9966b2b990ae9fcb

[32meth_call[0m
  Contract call:       <UnrecognizedContract>
  From:                0xf39fd6e51aad88f6f4ce6ab8827279cfffb92266
  To:                  0x3347b4d90ebe72befb30444c9966b2b990ae9fcb

[32meth_chainId[0m
[32meth_call[0m
  Contract call:       <UnrecognizedContract>
  From:                0xf39fd6e51aad88f6f4ce6ab8827279cfffb92266
  To:                  0x3347b4d90ebe72befb30444c9966b2b990ae9fcb

[32meth_chainId[0m
[32meth_call[0m
  Contract call:       <UnrecognizedContract>
  From:                0xf39fd6e51aad88f6f4ce6ab8827279cfffb92266
  To:                  0x3347b4d90ebe72befb30444c9966b2b990ae9fcb

[32meth_chainId[0m
[32meth_call[0m
  Contract call:       <UnrecognizedContract>
  From:                0xf39fd6e51aad88f6f4ce6ab8827279cfffb92266
  To:                  0x3347b4d90ebe72befb30444c9966b2b990ae9fcb

[32meth_call[0m
  Contract call:       <UnrecognizedContract>
  From:                0xf39fd6e51aad88f6f4ce6ab8827279cfffb92266
  To:                  0x3347b4d90ebe72befb30444c9966b2b990ae9fcb

[32meth_chainId[0m
[32meth_call[0m
  Contract call:       <UnrecognizedContract>
  From:                0xf39fd6e51aad88f6f4ce6ab8827279cfffb92266
  To:                  0x3347b4d90ebe72befb30444c9966b2b990ae9fcb

[32meth_chainId[0m
[32meth_call[0m
  Contract call:       <UnrecognizedContract>
  From:                0xf39fd6e51aad88f6f4ce6ab8827279cfffb92266
  To:                  0x3347b4d90ebe72befb30444c9966b2b990ae9fcb

[32meth_chainId[0m
[32meth_call[0m
  Contract call:       <UnrecognizedContract>
  From:                0xf39fd6e51aad88f6f4ce6ab8827279cfffb92266
  To:                  0x3347b4d90ebe72befb30444c9966b2b990ae9fcb

[32meth_call[0m
  Contract call:       <UnrecognizedContract>
  From:                0xf39fd6e51aad88f6f4ce6ab8827279cfffb92266
  To:                  0x3347b4d90ebe72befb30444c9966b2b990ae9fcb

[32meth_chainId[0m
[32meth_call[0m
  Contract call:       <UnrecognizedContract>
  From:                0xf39fd6e51aad88f6f4ce6ab8827279cfffb92266
  To:                  0x3347b4d90ebe72befb30444c9966b2b990ae9fcb

[32meth_chainId[0m
[32meth_call[0m
  Contract call:       <UnrecognizedContract>
  From:                0xf39fd6e51aad88f6f4ce6ab8827279cfffb92266
  To:                  0x3347b4d90ebe72befb30444c9966b2b990ae9fcb

[32meth_chainId[0m
[32meth_call[0m
  Contract call:       <UnrecognizedContract>
  From:                0xf39fd6e51aad88f6f4ce6ab8827279cfffb92266
  To:                  0x3347b4d90ebe72befb30444c9966b2b990ae9fcb

[32meth_call[0m
  Contract call:       <UnrecognizedContract>
  From:                0xf39fd6e51aad88f6f4ce6ab8827279cfffb92266
  To:                  0x3347b4d90ebe72befb30444c9966b2b990ae9fcb

[32meth_chainId[0m
[32meth_call[0m
  Contract call:       <UnrecognizedContract>
  From:                0xf39fd6e51aad88f6f4ce6ab8827279cfffb92266
  To:                  0x3347b4d90ebe72befb30444c9966b2b990ae9fcb

[32meth_chainId[0m
[32meth_call[0m
  Contract call:       <UnrecognizedContract>
  From:                0xf39fd6e51aad88f6f4ce6ab8827279cfffb92266
  To:                  0x3347b4d90ebe72befb30444c9966b2b990ae9fcb

[32meth_chainId[0m
[32meth_call[0m
  Contract call:       <UnrecognizedContract>
  From:                0xf39fd6e51aad88f6f4ce6ab8827279cfffb92266
  To:                  0x3347b4d90ebe72befb30444c9966b2b990ae9fcb

[32meth_call[0m
  Contract call:       <UnrecognizedContract>
  From:                0xf39fd6e51aad88f6f4ce6ab8827279cfffb92266
  To:                  0x3347b4d90ebe72befb30444c9966b2b990ae9fcb

[32meth_chainId[0m
[32meth_call[0m
  Contract call:       <UnrecognizedContract>
  From:                0xf39fd6e51aad88f6f4ce6ab8827279cfffb92266
  To:                  0x3347b4d90ebe72befb30444c9966b2b990ae9fcb

[32meth_chainId[0m
[32meth_call[0m
  Contract call:       <UnrecognizedContract>
  From:                0xf39fd6e51aad88f6f4ce6ab8827279cfffb92266
  To:                  0x3347b4d90ebe72befb30444c9966b2b990ae9fcb

[32meth_chainId[0m
[32meth_call[0m
  Contract call:       <UnrecognizedContract>
  From:                0xf39fd6e51aad88f6f4ce6ab8827279cfffb92266
  To:                  0x3347b4d90ebe72befb30444c9966b2b990ae9fcb

[32meth_call[0m
  Contract call:       <UnrecognizedContract>
  From:                0xf39fd6e51aad88f6f4ce6ab8827279cfffb92266
  To:                  0x3347b4d90ebe72befb30444c9966b2b990ae9fcb

[32meth_chainId[0m
[32meth_call[0m
  Contract call:       <UnrecognizedContract>
  From:                0xf39fd6e51aad88f6f4ce6ab8827279cfffb92266
  To:                  0x3347b4d90ebe72befb30444c9966b2b990ae9fcb

[32meth_chainId[0m
[32meth_call[0m
  Contract call:       <UnrecognizedContract>
  From:                0xf39fd6e51aad88f6f4ce6ab8827279cfffb92266
  To:                  0x3347b4d90ebe72befb30444c9966b2b990ae9fcb

[32meth_chainId[0m
[32meth_call[0m
  Contract call:       <UnrecognizedContract>
  From:                0xf39fd6e51aad88f6f4ce6ab8827279cfffb92266
  To:                  0x3347b4d90ebe72befb30444c9966b2b990ae9fcb

[32meth_call[0m
  Contract call:       <UnrecognizedContract>
  From:                0xf39fd6e51aad88f6f4ce6ab8827279cfffb92266
  To:                  0x3347b4d90ebe72befb30444c9966b2b990ae9fcb

[32meth_chainId[0m
[32meth_call[0m
  Contract call:       <UnrecognizedContract>
  From:                0xf39fd6e51aad88f6f4ce6ab8827279cfffb92266
  To:                  0x3347b4d90ebe72befb30444c9966b2b990ae9fcb

[32meth_chainId[0m
[32meth_call[0m
  Contract call:       <UnrecognizedContract>
  From:                0xf39fd6e51aad88f6f4ce6ab8827279cfffb92266
  To:                  0x3347b4d90ebe72befb30444c9966b2b990ae9fcb

[32meth_chainId[0m
[32meth_call[0m
  Contract call:       <UnrecognizedContract>
  From:                0xf39fd6e51aad88f6f4ce6ab8827279cfffb92266
  To:                  0x3347b4d90ebe72befb30444c9966b2b990ae9fcb

[32meth_call[0m
  Contract call:       <UnrecognizedContract>
  From:                0xf39fd6e51aad88f6f4ce6ab8827279cfffb92266
  To:                  0x3347b4d90ebe72befb30444c9966b2b990ae9fcb

[32meth_chainId[0m
[32meth_call[0m
  Contract call:       <UnrecognizedContract>
  From:                0xf39fd6e51aad88f6f4ce6ab8827279cfffb92266
  To:                  0x3347b4d90ebe72befb30444c9966b2b990ae9fcb

[32meth_chainId[0m
[32meth_call[0m
  Contract call:       <UnrecognizedContract>
  From:                0xf39fd6e51aad88f6f4ce6ab8827279cfffb92266
  To:                  0x3347b4d90ebe72befb30444c9966b2b990ae9fcb

[32meth_chainId[0m
[32meth_call[0m
  Contract call:       <UnrecognizedContract>
  From:                0xf39fd6e51aad88f6f4ce6ab8827279cfffb92266
  To:                  0x3347b4d90ebe72befb30444c9966b2b990ae9fcb

[32meth_call[0m
  Contract call:       <UnrecognizedContract>
  From:                0xf39fd6e51aad88f6f4ce6ab8827279cfffb92266
  To:                  0x3347b4d90ebe72befb30444c9966b2b990ae9fcb

[32meth_chainId[0m
[32meth_call[0m
  Contract call:       <UnrecognizedContract>
  From:                0xf39fd6e51aad88f6f4ce6ab8827279cfffb92266
  To:                  0x3347b4d90ebe72befb30444c9966b2b990ae9fcb

[32meth_chainId[0m
[32meth_call[0m
  Contract call:       <UnrecognizedContract>
  From:                0xf39fd6e51aad88f6f4ce6ab8827279cfffb92266
  To:                  0x3347b4d90ebe72befb30444c9966b2b990ae9fcb

[32meth_chainId[0m
[32meth_call[0m
  Contract call:       <UnrecognizedContract>
  From:                0xf39fd6e51aad88f6f4ce6ab8827279cfffb92266
  To:                  0x3347b4d90ebe72befb30444c9966b2b990ae9fcb

[32meth_call[0m
  Contract call:       <UnrecognizedContract>
  From:                0xf39fd6e51aad88f6f4ce6ab8827279cfffb92266
  To:                  0x3347b4d90ebe72befb30444c9966b2b990ae9fcb

[32meth_chainId[0m
[32meth_call[0m
  Contract call:       <UnrecognizedContract>
  From:                0xf39fd6e51aad88f6f4ce6ab8827279cfffb92266
  To:                  0x3347b4d90ebe72befb30444c9966b2b990ae9fcb

[32meth_chainId[0m
[32meth_call[0m
  Contract call:       <UnrecognizedContract>
  From:                0xf39fd6e51aad88f6f4ce6ab8827279cfffb92266
  To:                  0x3347b4d90ebe72befb30444c9966b2b990ae9fcb

[32meth_chainId[0m
[32meth_call[0m
  Contract call:       <UnrecognizedContract>
  From:                0xf39fd6e51aad88f6f4ce6ab8827279cfffb92266
  To:                  0x3347b4d90ebe72befb30444c9966b2b990ae9fcb

[32meth_call[0m
  Contract call:       <UnrecognizedContract>
  From:                0xf39fd6e51aad88f6f4ce6ab8827279cfffb92266
  To:                  0x3347b4d90ebe72befb30444c9966b2b990ae9fcb

[32meth_chainId[0m
[32meth_call[0m
  Contract call:       <UnrecognizedContract>
  From:                0xf39fd6e51aad88f6f4ce6ab8827279cfffb92266
  To:                  0x3347b4d90ebe72befb30444c9966b2b990ae9fcb

[32meth_chainId[0m
[32meth_call[0m
  Contract call:       <UnrecognizedContract>
  From:                0xf39fd6e51aad88f6f4ce6ab8827279cfffb92266
  To:                  0x3347b4d90ebe72befb30444c9966b2b990ae9fcb

[32meth_chainId[0m
[32meth_call[0m
  Contract call:       <UnrecognizedContract>
  From:                0xf39fd6e51aad88f6f4ce6ab8827279cfffb92266
  To:                  0x3347b4d90ebe72befb30444c9966b2b990ae9fcb

[32meth_call[0m
  Contract call:       <UnrecognizedContract>
  From:                0xf39fd6e51aad88f6f4ce6ab8827279cfffb92266
  To:                  0x3347b4d90ebe72befb30444c9966b2b990ae9fcb

[32meth_chainId[0m
[32meth_call[0m
  Contract call:       <UnrecognizedContract>
  From:                0xf39fd6e51aad88f6f4ce6ab8827279cfffb92266
  To:                  0x3347b4d90ebe72befb30444c9966b2b990ae9fcb

[32meth_chainId[0m
[32meth_call[0m
  Contract call:       <UnrecognizedContract>
  From:                0xf39fd6e51aad88f6f4ce6ab8827279cfffb92266
  To:                  0x3347b4d90ebe72befb30444c9966b2b990ae9fcb

[32meth_chainId[0m
[32meth_call[0m
  Contract call:       <UnrecognizedContract>
  From:                0xf39fd6e51aad88f6f4ce6ab8827279cfffb92266
  To:                  0x3347b4d90ebe72befb30444c9966b2b990ae9fcb

[32meth_call[0m
  Contract call:       <UnrecognizedContract>
  From:                0xf39fd6e51aad88f6f4ce6ab8827279cfffb92266
  To:                  0x3347b4d90ebe72befb30444c9966b2b990ae9fcb

[32meth_chainId[0m
[32meth_call[0m
  Contract call:       <UnrecognizedContract>
  From:                0xf39fd6e51aad88f6f4ce6ab8827279cfffb92266
  To:                  0x3347b4d90ebe72befb30444c9966b2b990ae9fcb

[32meth_chainId[0m
[32meth_call[0m
  Contract call:       <UnrecognizedContract>
  From:                0xf39fd6e51aad88f6f4ce6ab8827279cfffb92266
  To:                  0x3347b4d90ebe72befb30444c9966b2b990ae9fcb

[32meth_chainId[0m
[32meth_call[0m
  Contract call:       <UnrecognizedContract>
  From:                0xf39fd6e51aad88f6f4ce6ab8827279cfffb92266
  To:                  0x3347b4d90ebe72befb30444c9966b2b990ae9fcb

[32meth_call[0m
  Contract call:       <UnrecognizedContract>
  From:                0xf39fd6e51aad88f6f4ce6ab8827279cfffb92266
  To:                  0x3347b4d90ebe72befb30444c9966b2b990ae9fcb

[32meth_chainId[0m
[32meth_call[0m
  Contract call:       <UnrecognizedContract>
  From:                0xf39fd6e51aad88f6f4ce6ab8827279cfffb92266
  To:                  0x3347b4d90ebe72befb30444c9966b2b990ae9fcb

[32meth_chainId[0m
[32meth_call[0m
  Contract call:       <UnrecognizedContract>
  From:                0xf39fd6e51aad88f6f4ce6ab8827279cfffb92266
  To:                  0x3347b4d90ebe72befb30444c9966b2b990ae9fcb

[32meth_chainId[0m
[32meth_call[0m
  Contract call:       <UnrecognizedContract>
  From:                0xf39fd6e51aad88f6f4ce6ab8827279cfffb92266
  To:                  0x3347b4d90ebe72befb30444c9966b2b990ae9fcb

[32meth_call[0m
  Contract call:       <UnrecognizedContract>
  From:                0xf39fd6e51aad88f6f4ce6ab8827279cfffb92266
  To:                  0x3347b4d90ebe72befb30444c9966b2b990ae9fcb

[32meth_chainId[0m
[32meth_call[0m
  Contract call:       <UnrecognizedContract>
  From:                0xf39fd6e51aad88f6f4ce6ab8827279cfffb92266
  To:                  0x3347b4d90ebe72befb30444c9966b2b990ae9fcb

[32meth_chainId[0m
[32meth_call[0m
  Contract call:       <UnrecognizedContract>
  From:                0xf39fd6e51aad88f6f4ce6ab8827279cfffb92266
  To:                  0x3347b4d90ebe72befb30444c9966b2b990ae9fcb

[32meth_chainId[0m
[32meth_call[0m
  Contract call:       <UnrecognizedContract>
  From:                0xf39fd6e51aad88f6f4ce6ab8827279cfffb92266
  To:                  0x3347b4d90ebe72befb30444c9966b2b990ae9fcb

[32meth_call[0m
  Contract call:       <UnrecognizedContract>
  From:                0xf39fd6e51aad88f6f4ce6ab8827279cfffb92266
  To:                  0x3347b4d90ebe72befb30444c9966b2b990ae9fcb

[32meth_chainId[0m
[32meth_call[0m
  Contract call:       <UnrecognizedContract>
  From:                0xf39fd6e51aad88f6f4ce6ab8827279cfffb92266
  To:                  0x3347b4d90ebe72befb30444c9966b2b990ae9fcb

[32meth_chainId[0m
[32meth_call[0m
  Contract call:       <UnrecognizedContract>
  From:                0xf39fd6e51aad88f6f4ce6ab8827279cfffb92266
  To:                  0x3347b4d90ebe72befb30444c9966b2b990ae9fcb

[32meth_chainId[0m
[32meth_call[0m
  Contract call:       <UnrecognizedContract>
  From:                0xf39fd6e51aad88f6f4ce6ab8827279cfffb92266
  To:                  0x3347b4d90ebe72befb30444c9966b2b990ae9fcb

[32meth_call[0m
  Contract call:       <UnrecognizedContract>
  From:                0xf39fd6e51aad88f6f4ce6ab8827279cfffb92266
  To:                  0x3347b4d90ebe72befb30444c9966b2b990ae9fcb

[32meth_chainId[0m
[32meth_call[0m
  Contract call:       <UnrecognizedContract>
  From:                0xf39fd6e51aad88f6f4ce6ab8827279cfffb92266
  To:                  0x3347b4d90ebe72befb30444c9966b2b990ae9fcb

[32meth_chainId[0m
[32meth_call[0m
  Contract call:       <UnrecognizedContract>
  From:                0xf39fd6e51aad88f6f4ce6ab8827279cfffb92266
  To:                  0x3347b4d90ebe72befb30444c9966b2b990ae9fcb

[32meth_chainId[0m
[32meth_call[0m
  Contract call:       <UnrecognizedContract>
  From:                0xf39fd6e51aad88f6f4ce6ab8827279cfffb92266
  To:                  0x3347b4d90ebe72befb30444c9966b2b990ae9fcb

[32meth_call[0m
  Contract call:       <UnrecognizedContract>
  From:                0xf39fd6e51aad88f6f4ce6ab8827279cfffb92266
  To:                  0x3347b4d90ebe72befb30444c9966b2b990ae9fcb

[32meth_chainId[0m
[32meth_call[0m
  Contract call:       <UnrecognizedContract>
  From:                0xf39fd6e51aad88f6f4ce6ab8827279cfffb92266
  To:                  0x3347b4d90ebe72befb30444c9966b2b990ae9fcb

[32meth_chainId[0m
[32meth_call[0m
  Contract call:       <UnrecognizedContract>
  From:                0xf39fd6e51aad88f6f4ce6ab8827279cfffb92266
  To:                  0x3347b4d90ebe72befb30444c9966b2b990ae9fcb

[32meth_chainId[0m
[32meth_call[0m
  Contract call:       <UnrecognizedContract>
  From:                0xf39fd6e51aad88f6f4ce6ab8827279cfffb92266
  To:                  0x3347b4d90ebe72befb30444c9966b2b990ae9fcb

[32meth_call[0m
  Contract call:       <UnrecognizedContract>
  From:                0xf39fd6e51aad88f6f4ce6ab8827279cfffb92266
  To:                  0x3347b4d90ebe72befb30444c9966b2b990ae9fcb

[32meth_chainId[0m
[32meth_call[0m
  Contract call:       <UnrecognizedContract>
  From:                0xf39fd6e51aad88f6f4ce6ab8827279cfffb92266
  To:                  0x3347b4d90ebe72befb30444c9966b2b990ae9fcb

[32meth_chainId[0m
[32meth_call[0m
  Contract call:       <UnrecognizedContract>
  From:                0xf39fd6e51aad88f6f4ce6ab8827279cfffb92266
  To:                  0x3347b4d90ebe72befb30444c9966b2b990ae9fcb

[32meth_chainId[0m
[32meth_call[0m
  Contract call:       <UnrecognizedContract>
  From:                0xf39fd6e51aad88f6f4ce6ab8827279cfffb92266
  To:                  0x3347b4d90ebe72befb30444c9966b2b990ae9fcb

[32meth_call[0m
  Contract call:       <UnrecognizedContract>
  From:                0xf39fd6e51aad88f6f4ce6ab8827279cfffb92266
  To:                  0x3347b4d90ebe72befb30444c9966b2b990ae9fcb

[32meth_chainId[0m
[32meth_call[0m
  Contract call:       <UnrecognizedContract>
  From:                0xf39fd6e51aad88f6f4ce6ab8827279cfffb92266
  To:                  0x3347b4d90ebe72befb30444c9966b2b990ae9fcb

[32meth_chainId[0m
[32meth_call[0m
  Contract call:       <UnrecognizedContract>
  From:                0xf39fd6e51aad88f6f4ce6ab8827279cfffb92266
  To:                  0x3347b4d90ebe72befb30444c9966b2b990ae9fcb

[32meth_chainId[0m
[32meth_call[0m
  Contract call:       <UnrecognizedContract>
  From:                0xf39fd6e51aad88f6f4ce6ab8827279cfffb92266
  To:                  0x3347b4d90ebe72befb30444c9966b2b990ae9fcb

[32meth_call[0m
  Contract call:       <UnrecognizedContract>
  From:                0xf39fd6e51aad88f6f4ce6ab8827279cfffb92266
  To:                  0x3347b4d90ebe72befb30444c9966b2b990ae9fcb

[32meth_chainId[0m
[32meth_call[0m
  Contract call:       <UnrecognizedContract>
  From:                0xf39fd6e51aad88f6f4ce6ab8827279cfffb92266
  To:                  0x3347b4d90ebe72befb30444c9966b2b990ae9fcb

[32meth_chainId[0m
[32meth_call[0m
  Contract call:       <UnrecognizedContract>
  From:                0xf39fd6e51aad88f6f4ce6ab8827279cfffb92266
  To:                  0x3347b4d90ebe72befb30444c9966b2b990ae9fcb

[32meth_chainId[0m
[32meth_call[0m
  Contract call:       <UnrecognizedContract>
  From:                0xf39fd6e51aad88f6f4ce6ab8827279cfffb92266
  To:                  0x3347b4d90ebe72befb30444c9966b2b990ae9fcb

[32meth_call[0m
  Contract call:       <UnrecognizedContract>
  From:                0xf39fd6e51aad88f6f4ce6ab8827279cfffb92266
  To:                  0x3347b4d90ebe72befb30444c9966b2b990ae9fcb

[32meth_chainId[0m
[32meth_call[0m
  Contract call:       <UnrecognizedContract>
  From:                0xf39fd6e51aad88f6f4ce6ab8827279cfffb92266
  To:                  0x3347b4d90ebe72befb30444c9966b2b990ae9fcb

[32meth_chainId[0m
[32meth_call[0m
  Contract call:       <UnrecognizedContract>
  From:                0xf39fd6e51aad88f6f4ce6ab8827279cfffb92266
  To:                  0x3347b4d90ebe72befb30444c9966b2b990ae9fcb

[32meth_chainId[0m
[32meth_call[0m
  Contract call:       <UnrecognizedContract>
  From:                0xf39fd6e51aad88f6f4ce6ab8827279cfffb92266
  To:                  0x3347b4d90ebe72befb30444c9966b2b990ae9fcb

[32meth_call[0m
  Contract call:       <UnrecognizedContract>
  From:                0xf39fd6e51aad88f6f4ce6ab8827279cfffb92266
  To:                  0x3347b4d90ebe72befb30444c9966b2b990ae9fcb

[32meth_chainId[0m
[32meth_call[0m
  Contract call:       <UnrecognizedContract>
  From:                0xf39fd6e51aad88f6f4ce6ab8827279cfffb92266
  To:                  0x3347b4d90ebe72befb30444c9966b2b990ae9fcb

[32meth_chainId[0m
[32meth_call[0m
  Contract call:       <UnrecognizedContract>
  From:                0xf39fd6e51aad88f6f4ce6ab8827279cfffb92266
  To:                  0x3347b4d90ebe72befb30444c9966b2b990ae9fcb

[32meth_chainId[0m
[32meth_call[0m
  Contract call:       <UnrecognizedContract>
  From:                0xf39fd6e51aad88f6f4ce6ab8827279cfffb92266
  To:                  0x3347b4d90ebe72befb30444c9966b2b990ae9fcb

[32meth_call[0m
  Contract call:       <UnrecognizedContract>
  From:                0xf39fd6e51aad88f6f4ce6ab8827279cfffb92266
  To:                  0x3347b4d90ebe72befb30444c9966b2b990ae9fcb

[32meth_chainId[0m
[32meth_call[0m
  Contract call:       <UnrecognizedContract>
  From:                0xf39fd6e51aad88f6f4ce6ab8827279cfffb92266
  To:                  0x3347b4d90ebe72befb30444c9966b2b990ae9fcb

[32meth_chainId[0m
[32meth_call[0m
  Contract call:       <UnrecognizedContract>
  From:                0xf39fd6e51aad88f6f4ce6ab8827279cfffb92266
  To:                  0x3347b4d90ebe72befb30444c9966b2b990ae9fcb

[32meth_chainId[0m
[32meth_call[0m
  Contract call:       <UnrecognizedContract>
  From:                0xf39fd6e51aad88f6f4ce6ab8827279cfffb92266
  To:                  0x3347b4d90ebe72befb30444c9966b2b990ae9fcb

[32meth_call[0m
  Contract call:       <UnrecognizedContract>
  From:                0xf39fd6e51aad88f6f4ce6ab8827279cfffb92266
  To:                  0x3347b4d90ebe72befb30444c9966b2b990ae9fcb

[32meth_chainId[0m
[32meth_call[0m
  Contract call:       <UnrecognizedContract>
  From:                0xf39fd6e51aad88f6f4ce6ab8827279cfffb92266
  To:                  0x3347b4d90ebe72befb30444c9966b2b990ae9fcb

[32meth_chainId[0m
[32meth_call[0m
  Contract call:       <UnrecognizedContract>
  From:                0xf39fd6e51aad88f6f4ce6ab8827279cfffb92266
  To:                  0x3347b4d90ebe72befb30444c9966b2b990ae9fcb

[32meth_chainId[0m
[32meth_call[0m
  Contract call:       <UnrecognizedContract>
  From:                0xf39fd6e51aad88f6f4ce6ab8827279cfffb92266
  To:                  0x3347b4d90ebe72befb30444c9966b2b990ae9fcb

[32meth_call[0m
  Contract call:       <UnrecognizedContract>
  From:                0xf39fd6e51aad88f6f4ce6ab8827279cfffb92266
  To:                  0x3347b4d90ebe72befb30444c9966b2b990ae9fcb

[32meth_chainId[0m
[32meth_call[0m
  Contract call:       <UnrecognizedContract>
  From:                0xf39fd6e51aad88f6f4ce6ab8827279cfffb92266
  To:                  0x3347b4d90ebe72befb30444c9966b2b990ae9fcb

[32meth_chainId[0m
[32meth_call[0m
  Contract call:       <UnrecognizedContract>
  From:                0xf39fd6e51aad88f6f4ce6ab8827279cfffb92266
  To:                  0x3347b4d90ebe72befb30444c9966b2b990ae9fcb

[32meth_chainId[0m
[32meth_call[0m
  Contract call:       <UnrecognizedContract>
  From:                0xf39fd6e51aad88f6f4ce6ab8827279cfffb92266
  To:                  0x3347b4d90ebe72befb30444c9966b2b990ae9fcb

[32meth_call[0m
  Contract call:       <UnrecognizedContract>
  From:                0xf39fd6e51aad88f6f4ce6ab8827279cfffb92266
  To:                  0x3347b4d90ebe72befb30444c9966b2b990ae9fcb

[32meth_chainId[0m
[32meth_call[0m
  Contract call:       <UnrecognizedContract>
  From:                0xf39fd6e51aad88f6f4ce6ab8827279cfffb92266
  To:                  0x3347b4d90ebe72befb30444c9966b2b990ae9fcb

[32meth_chainId[0m
[32meth_call[0m
  Contract call:       <UnrecognizedContract>
  From:                0xf39fd6e51aad88f6f4ce6ab8827279cfffb92266
  To:                  0x3347b4d90ebe72befb30444c9966b2b990ae9fcb

[32meth_chainId[0m
[32meth_call[0m
  Contract call:       <UnrecognizedContract>
  From:                0xf39fd6e51aad88f6f4ce6ab8827279cfffb92266
  To:                  0x3347b4d90ebe72befb30444c9966b2b990ae9fcb

[32meth_call[0m
  Contract call:       <UnrecognizedContract>
  From:                0xf39fd6e51aad88f6f4ce6ab8827279cfffb92266
  To:                  0x3347b4d90ebe72befb30444c9966b2b990ae9fcb

[32meth_chainId[0m
[32meth_call[0m
  Contract call:       <UnrecognizedContract>
  From:                0xf39fd6e51aad88f6f4ce6ab8827279cfffb92266
  To:                  0x3347b4d90ebe72befb30444c9966b2b990ae9fcb

[32meth_chainId[0m
[32meth_call[0m
  Contract call:       <UnrecognizedContract>
  From:                0xf39fd6e51aad88f6f4ce6ab8827279cfffb92266
  To:                  0x3347b4d90ebe72befb30444c9966b2b990ae9fcb

[32meth_chainId[0m
[32meth_call[0m
  Contract call:       <UnrecognizedContract>
  From:                0xf39fd6e51aad88f6f4ce6ab8827279cfffb92266
  To:                  0x3347b4d90ebe72befb30444c9966b2b990ae9fcb

[32meth_call[0m
  Contract call:       <UnrecognizedContract>
  From:                0xf39fd6e51aad88f6f4ce6ab8827279cfffb92266
  To:                  0x3347b4d90ebe72befb30444c9966b2b990ae9fcb

[32meth_chainId[0m
[32meth_call[0m
  Contract call:       <UnrecognizedContract>
  From:                0xf39fd6e51aad88f6f4ce6ab8827279cfffb92266
  To:                  0x3347b4d90ebe72befb30444c9966b2b990ae9fcb

[32meth_chainId[0m
[32meth_call[0m
  Contract call:       <UnrecognizedContract>
  From:                0xf39fd6e51aad88f6f4ce6ab8827279cfffb92266
  To:                  0x3347b4d90ebe72befb30444c9966b2b990ae9fcb

[32meth_chainId[0m
[32meth_call[0m
  Contract call:       <UnrecognizedContract>
  From:                0xf39fd6e51aad88f6f4ce6ab8827279cfffb92266
  To:                  0x3347b4d90ebe72befb30444c9966b2b990ae9fcb

[32meth_call[0m
  Contract call:       <UnrecognizedContract>
  From:                0xf39fd6e51aad88f6f4ce6ab8827279cfffb92266
  To:                  0x3347b4d90ebe72befb30444c9966b2b990ae9fcb

[32meth_chainId[0m
[32meth_call[0m
  Contract call:       <UnrecognizedContract>
  From:                0xf39fd6e51aad88f6f4ce6ab8827279cfffb92266
  To:                  0x3347b4d90ebe72befb30444c9966b2b990ae9fcb

[32meth_chainId[0m
[32meth_call[0m
  Contract call:       <UnrecognizedContract>
  From:                0xf39fd6e51aad88f6f4ce6ab8827279cfffb92266
  To:                  0x3347b4d90ebe72befb30444c9966b2b990ae9fcb

[32meth_chainId[0m
[32meth_call[0m
  Contract call:       <UnrecognizedContract>
  From:                0xf39fd6e51aad88f6f4ce6ab8827279cfffb92266
  To:                  0x3347b4d90ebe72befb30444c9966b2b990ae9fcb

[32meth_call[0m
  Contract call:       <UnrecognizedContract>
  From:                0xf39fd6e51aad88f6f4ce6ab8827279cfffb92266
  To:                  0x3347b4d90ebe72befb30444c9966b2b990ae9fcb

[32meth_chainId[0m
[32meth_call[0m
  Contract call:       <UnrecognizedContract>
  From:                0xf39fd6e51aad88f6f4ce6ab8827279cfffb92266
  To:                  0x3347b4d90ebe72befb30444c9966b2b990ae9fcb

[32meth_chainId[0m
[32meth_call[0m
  Contract call:       <UnrecognizedContract>
  From:                0xf39fd6e51aad88f6f4ce6ab8827279cfffb92266
  To:                  0x3347b4d90ebe72befb30444c9966b2b990ae9fcb

[32meth_chainId[0m
[32meth_call[0m
  Contract call:       <UnrecognizedContract>
  From:                0xf39fd6e51aad88f6f4ce6ab8827279cfffb92266
  To:                  0x3347b4d90ebe72befb30444c9966b2b990ae9fcb

[32meth_call[0m
  Contract call:       <UnrecognizedContract>
  From:                0xf39fd6e51aad88f6f4ce6ab8827279cfffb92266
  To:                  0x3347b4d90ebe72befb30444c9966b2b990ae9fcb

[32meth_chainId[0m
[32meth_call[0m
  Contract call:       <UnrecognizedContract>
  From:                0xf39fd6e51aad88f6f4ce6ab8827279cfffb92266
  To:                  0x3347b4d90ebe72befb30444c9966b2b990ae9fcb

[32meth_chainId[0m
[32meth_call[0m
  Contract call:       <UnrecognizedContract>
  From:                0xf39fd6e51aad88f6f4ce6ab8827279cfffb92266
  To:                  0x3347b4d90ebe72befb30444c9966b2b990ae9fcb

[32meth_chainId[0m
[32meth_call[0m
  Contract call:       <UnrecognizedContract>
  From:                0xf39fd6e51aad88f6f4ce6ab8827279cfffb92266
  To:                  0x3347b4d90ebe72befb30444c9966b2b990ae9fcb

[32meth_call[0m
  Contract call:       <UnrecognizedContract>
  From:                0xf39fd6e51aad88f6f4ce6ab8827279cfffb92266
  To:                  0x3347b4d90ebe72befb30444c9966b2b990ae9fcb

[32meth_chainId[0m
[32meth_call[0m
  Contract call:       <UnrecognizedContract>
  From:                0xf39fd6e51aad88f6f4ce6ab8827279cfffb92266
  To:                  0x3347b4d90ebe72befb30444c9966b2b990ae9fcb

[32meth_chainId[0m
[32meth_call[0m
  Contract call:       <UnrecognizedContract>
  From:                0xf39fd6e51aad88f6f4ce6ab8827279cfffb92266
  To:                  0x3347b4d90ebe72befb30444c9966b2b990ae9fcb

[32meth_chainId[0m
[32meth_call[0m
  Contract call:       <UnrecognizedContract>
  From:                0xf39fd6e51aad88f6f4ce6ab8827279cfffb92266
  To:                  0x3347b4d90ebe72befb30444c9966b2b990ae9fcb

[32meth_call[0m
  Contract call:       <UnrecognizedContract>
  From:                0xf39fd6e51aad88f6f4ce6ab8827279cfffb92266
  To:                  0x3347b4d90ebe72befb30444c9966b2b990ae9fcb

[32meth_chainId[0m
[32meth_call[0m
  Contract call:       <UnrecognizedContract>
  From:                0xf39fd6e51aad88f6f4ce6ab8827279cfffb92266
  To:                  0x3347b4d90ebe72befb30444c9966b2b990ae9fcb

[32meth_chainId[0m
[32meth_call[0m
  Contract call:       <UnrecognizedContract>
  From:                0xf39fd6e51aad88f6f4ce6ab8827279cfffb92266
  To:                  0x3347b4d90ebe72befb30444c9966b2b990ae9fcb

[32meth_chainId[0m
[32meth_call[0m
  Contract call:       <UnrecognizedContract>
  From:                0xf39fd6e51aad88f6f4ce6ab8827279cfffb92266
  To:                  0x3347b4d90ebe72befb30444c9966b2b990ae9fcb

[32meth_call[0m
  Contract call:       <UnrecognizedContract>
  From:                0xf39fd6e51aad88f6f4ce6ab8827279cfffb92266
  To:                  0x3347b4d90ebe72befb30444c9966b2b990ae9fcb

[32meth_chainId[0m
[32meth_call[0m
  Contract call:       <UnrecognizedContract>
  From:                0xf39fd6e51aad88f6f4ce6ab8827279cfffb92266
  To:                  0x3347b4d90ebe72befb30444c9966b2b990ae9fcb

[32meth_chainId[0m
[32meth_call[0m
  Contract call:       <UnrecognizedContract>
  From:                0xf39fd6e51aad88f6f4ce6ab8827279cfffb92266
  To:                  0x3347b4d90ebe72befb30444c9966b2b990ae9fcb

[32meth_chainId[0m
[32meth_call[0m
  Contract call:       <UnrecognizedContract>
  From:                0xf39fd6e51aad88f6f4ce6ab8827279cfffb92266
  To:                  0x3347b4d90ebe72befb30444c9966b2b990ae9fcb

[32meth_call[0m
  Contract call:       <UnrecognizedContract>
  From:                0xf39fd6e51aad88f6f4ce6ab8827279cfffb92266
  To:                  0x3347b4d90ebe72befb30444c9966b2b990ae9fcb

[32meth_chainId[0m
[32meth_call[0m
  Contract call:       <UnrecognizedContract>
  From:                0xf39fd6e51aad88f6f4ce6ab8827279cfffb92266
  To:                  0x3347b4d90ebe72befb30444c9966b2b990ae9fcb

[32meth_chainId[0m
[32meth_call[0m
  Contract call:       <UnrecognizedContract>
  From:                0xf39fd6e51aad88f6f4ce6ab8827279cfffb92266
  To:                  0x3347b4d90ebe72befb30444c9966b2b990ae9fcb

[32meth_chainId[0m
[32meth_call[0m
  Contract call:       <UnrecognizedContract>
  From:                0xf39fd6e51aad88f6f4ce6ab8827279cfffb92266
  To:                  0x3347b4d90ebe72befb30444c9966b2b990ae9fcb

[32meth_call[0m
  Contract call:       <UnrecognizedContract>
  From:                0xf39fd6e51aad88f6f4ce6ab8827279cfffb92266
  To:                  0x3347b4d90ebe72befb30444c9966b2b990ae9fcb

[32meth_chainId[0m
[32meth_call[0m
  Contract call:       <UnrecognizedContract>
  From:                0xf39fd6e51aad88f6f4ce6ab8827279cfffb92266
  To:                  0x3347b4d90ebe72befb30444c9966b2b990ae9fcb

[32meth_chainId[0m
[32meth_call[0m
  Contract call:       <UnrecognizedContract>
  From:                0xf39fd6e51aad88f6f4ce6ab8827279cfffb92266
  To:                  0x3347b4d90ebe72befb30444c9966b2b990ae9fcb

[32meth_chainId[0m
[32meth_call[0m
  Contract call:       <UnrecognizedContract>
  From:                0xf39fd6e51aad88f6f4ce6ab8827279cfffb92266
  To:                  0x3347b4d90ebe72befb30444c9966b2b990ae9fcb

[32meth_call[0m
  Contract call:       <UnrecognizedContract>
  From:                0xf39fd6e51aad88f6f4ce6ab8827279cfffb92266
  To:                  0x3347b4d90ebe72befb30444c9966b2b990ae9fcb

[32meth_chainId[0m
[32meth_call[0m
  Contract call:       <UnrecognizedContract>
  From:                0xf39fd6e51aad88f6f4ce6ab8827279cfffb92266
  To:                  0x3347b4d90ebe72befb30444c9966b2b990ae9fcb

[32meth_chainId[0m
[32meth_call[0m
  Contract call:       <UnrecognizedContract>
  From:                0xf39fd6e51aad88f6f4ce6ab8827279cfffb92266
  To:                  0x3347b4d90ebe72befb30444c9966b2b990ae9fcb

[32meth_chainId[0m
[32meth_call[0m
  Contract call:       <UnrecognizedContract>
  From:                0xf39fd6e51aad88f6f4ce6ab8827279cfffb92266
  To:                  0x3347b4d90ebe72befb30444c9966b2b990ae9fcb

[32meth_call[0m
  Contract call:       <UnrecognizedContract>
  From:                0xf39fd6e51aad88f6f4ce6ab8827279cfffb92266
  To:                  0x3347b4d90ebe72befb30444c9966b2b990ae9fcb

[32meth_chainId[0m
[32meth_call[0m
  Contract call:       <UnrecognizedContract>
  From:                0xf39fd6e51aad88f6f4ce6ab8827279cfffb92266
  To:                  0x3347b4d90ebe72befb30444c9966b2b990ae9fcb

[32meth_chainId[0m
[32meth_call[0m
  Contract call:       <UnrecognizedContract>
  From:                0xf39fd6e51aad88f6f4ce6ab8827279cfffb92266
  To:                  0x3347b4d90ebe72befb30444c9966b2b990ae9fcb

[32meth_chainId[0m
[32meth_call[0m
  Contract call:       <UnrecognizedContract>
  From:                0xf39fd6e51aad88f6f4ce6ab8827279cfffb92266
  To:                  0x3347b4d90ebe72befb30444c9966b2b990ae9fcb

[32meth_call[0m
  Contract call:       <UnrecognizedContract>
  From:                0xf39fd6e51aad88f6f4ce6ab8827279cfffb92266
  To:                  0x3347b4d90ebe72befb30444c9966b2b990ae9fcb

[32meth_chainId[0m
[32meth_call[0m
  Contract call:       <UnrecognizedContract>
  From:                0xf39fd6e51aad88f6f4ce6ab8827279cfffb92266
  To:                  0x3347b4d90ebe72befb30444c9966b2b990ae9fcb

[32meth_chainId[0m
[32meth_call[0m
  Contract call:       <UnrecognizedContract>
  From:                0xf39fd6e51aad88f6f4ce6ab8827279cfffb92266
  To:                  0x3347b4d90ebe72befb30444c9966b2b990ae9fcb

[32meth_chainId[0m
[32meth_call[0m
  Contract call:       <UnrecognizedContract>
  From:                0xf39fd6e51aad88f6f4ce6ab8827279cfffb92266
  To:                  0x3347b4d90ebe72befb30444c9966b2b990ae9fcb

[32meth_call[0m
  Contract call:       <UnrecognizedContract>
  From:                0xf39fd6e51aad88f6f4ce6ab8827279cfffb92266
  To:                  0x3347b4d90ebe72befb30444c9966b2b990ae9fcb

[32meth_chainId[0m
[32meth_call[0m
  Contract call:       <UnrecognizedContract>
  From:                0xf39fd6e51aad88f6f4ce6ab8827279cfffb92266
  To:                  0x3347b4d90ebe72befb30444c9966b2b990ae9fcb

[32meth_chainId[0m
[32meth_call[0m
  Contract call:       <UnrecognizedContract>
  From:                0xf39fd6e51aad88f6f4ce6ab8827279cfffb92266
  To:                  0x3347b4d90ebe72befb30444c9966b2b990ae9fcb

[32meth_chainId[0m
[32meth_call[0m
  Contract call:       <UnrecognizedContract>
  From:                0xf39fd6e51aad88f6f4ce6ab8827279cfffb92266
  To:                  0x3347b4d90ebe72befb30444c9966b2b990ae9fcb

[32meth_call[0m
  Contract call:       <UnrecognizedContract>
  From:                0xf39fd6e51aad88f6f4ce6ab8827279cfffb92266
  To:                  0x3347b4d90ebe72befb30444c9966b2b990ae9fcb

[32meth_chainId[0m
[32meth_call[0m
  Contract call:       <UnrecognizedContract>
  From:                0xf39fd6e51aad88f6f4ce6ab8827279cfffb92266
  To:                  0x3347b4d90ebe72befb30444c9966b2b990ae9fcb

[32meth_chainId[0m
[32meth_call[0m
  Contract call:       <UnrecognizedContract>
  From:                0xf39fd6e51aad88f6f4ce6ab8827279cfffb92266
  To:                  0x3347b4d90ebe72befb30444c9966b2b990ae9fcb

[32meth_chainId[0m
[32meth_call[0m
  Contract call:       <UnrecognizedContract>
  From:                0xf39fd6e51aad88f6f4ce6ab8827279cfffb92266
  To:                  0x3347b4d90ebe72befb30444c9966b2b990ae9fcb

[32meth_call[0m
  Contract call:       <UnrecognizedContract>
  From:                0xf39fd6e51aad88f6f4ce6ab8827279cfffb92266
  To:                  0x3347b4d90ebe72befb30444c9966b2b990ae9fcb

[32meth_chainId[0m
[32meth_call[0m
  Contract call:       <UnrecognizedContract>
  From:                0xf39fd6e51aad88f6f4ce6ab8827279cfffb92266
  To:                  0x3347b4d90ebe72befb30444c9966b2b990ae9fcb

[32meth_chainId[0m
[32meth_call[0m
  Contract call:       <UnrecognizedContract>
  From:                0xf39fd6e51aad88f6f4ce6ab8827279cfffb92266
  To:                  0x3347b4d90ebe72befb30444c9966b2b990ae9fcb

[32meth_chainId[0m
[32meth_call[0m
  Contract call:       <UnrecognizedContract>
  From:                0xf39fd6e51aad88f6f4ce6ab8827279cfffb92266
  To:                  0x3347b4d90ebe72befb30444c9966b2b990ae9fcb

[32meth_call[0m
  Contract call:       <UnrecognizedContract>
  From:                0xf39fd6e51aad88f6f4ce6ab8827279cfffb92266
  To:                  0x3347b4d90ebe72befb30444c9966b2b990ae9fcb

[32meth_chainId[0m
[32meth_call[0m
  Contract call:       <UnrecognizedContract>
  From:                0xf39fd6e51aad88f6f4ce6ab8827279cfffb92266
  To:                  0x3347b4d90ebe72befb30444c9966b2b990ae9fcb

[32meth_chainId[0m
[32meth_call[0m
  Contract call:       <UnrecognizedContract>
  From:                0xf39fd6e51aad88f6f4ce6ab8827279cfffb92266
  To:                  0x3347b4d90ebe72befb30444c9966b2b990ae9fcb

[32meth_chainId[0m
[32meth_call[0m
  Contract call:       <UnrecognizedContract>
  From:                0xf39fd6e51aad88f6f4ce6ab8827279cfffb92266
  To:                  0x3347b4d90ebe72befb30444c9966b2b990ae9fcb

[32meth_call[0m
  Contract call:       <UnrecognizedContract>
  From:                0xf39fd6e51aad88f6f4ce6ab8827279cfffb92266
  To:                  0x3347b4d90ebe72befb30444c9966b2b990ae9fcb

[32meth_chainId[0m
[32meth_call[0m
  Contract call:       <UnrecognizedContract>
  From:                0xf39fd6e51aad88f6f4ce6ab8827279cfffb92266
  To:                  0x3347b4d90ebe72befb30444c9966b2b990ae9fcb

[32meth_chainId[0m
[32meth_call[0m
  Contract call:       <UnrecognizedContract>
  From:                0xf39fd6e51aad88f6f4ce6ab8827279cfffb92266
  To:                  0x3347b4d90ebe72befb30444c9966b2b990ae9fcb

[32meth_chainId[0m
[32meth_call[0m
  Contract call:       <UnrecognizedContract>
  From:                0xf39fd6e51aad88f6f4ce6ab8827279cfffb92266
  To:                  0x3347b4d90ebe72befb30444c9966b2b990ae9fcb

[32meth_call[0m
  Contract call:       <UnrecognizedContract>
  From:                0xf39fd6e51aad88f6f4ce6ab8827279cfffb92266
  To:                  0x3347b4d90ebe72befb30444c9966b2b990ae9fcb

[32meth_chainId[0m
[32meth_call[0m
  Contract call:       <UnrecognizedContract>
  From:                0xf39fd6e51aad88f6f4ce6ab8827279cfffb92266
  To:                  0x3347b4d90ebe72befb30444c9966b2b990ae9fcb

[32meth_chainId[0m
[32meth_call[0m
  Contract call:       <UnrecognizedContract>
  From:                0xf39fd6e51aad88f6f4ce6ab8827279cfffb92266
  To:                  0x3347b4d90ebe72befb30444c9966b2b990ae9fcb

[32meth_chainId[0m
[32meth_call[0m
  Contract call:       <UnrecognizedContract>
  From:                0xf39fd6e51aad88f6f4ce6ab8827279cfffb92266
  To:                  0x3347b4d90ebe72befb30444c9966b2b990ae9fcb

[32meth_call[0m
  Contract call:       <UnrecognizedContract>
  From:                0xf39fd6e51aad88f6f4ce6ab8827279cfffb92266
  To:                  0x3347b4d90ebe72befb30444c9966b2b990ae9fcb

[32meth_chainId[0m
[32meth_call[0m
  Contract call:       <UnrecognizedContract>
  From:                0xf39fd6e51aad88f6f4ce6ab8827279cfffb92266
  To:                  0x3347b4d90ebe72befb30444c9966b2b990ae9fcb

[32meth_chainId[0m
[32meth_call[0m
  Contract call:       <UnrecognizedContract>
  From:                0xf39fd6e51aad88f6f4ce6ab8827279cfffb92266
  To:                  0x3347b4d90ebe72befb30444c9966b2b990ae9fcb

[32meth_chainId[0m
[32meth_call[0m
  Contract call:       <UnrecognizedContract>
  From:                0xf39fd6e51aad88f6f4ce6ab8827279cfffb92266
  To:                  0x3347b4d90ebe72befb30444c9966b2b990ae9fcb

[32meth_call[0m
  Contract call:       <UnrecognizedContract>
  From:                0xf39fd6e51aad88f6f4ce6ab8827279cfffb92266
  To:                  0x3347b4d90ebe72befb30444c9966b2b990ae9fcb

[32meth_chainId[0m
[32meth_call[0m
  Contract call:       <UnrecognizedContract>
  From:                0xf39fd6e51aad88f6f4ce6ab8827279cfffb92266
  To:                  0x3347b4d90ebe72befb30444c9966b2b990ae9fcb

[32meth_chainId[0m
[32meth_call[0m
  Contract call:       <UnrecognizedContract>
  From:                0xf39fd6e51aad88f6f4ce6ab8827279cfffb92266
  To:                  0x3347b4d90ebe72befb30444c9966b2b990ae9fcb

[32meth_chainId[0m
[32meth_call[0m
  Contract call:       <UnrecognizedContract>
  From:                0xf39fd6e51aad88f6f4ce6ab8827279cfffb92266
  To:                  0x3347b4d90ebe72befb30444c9966b2b990ae9fcb

[32meth_call[0m
  Contract call:       <UnrecognizedContract>
  From:                0xf39fd6e51aad88f6f4ce6ab8827279cfffb92266
  To:                  0x3347b4d90ebe72befb30444c9966b2b990ae9fcb

[32meth_chainId[0m
[32meth_call[0m
  Contract call:       <UnrecognizedContract>
  From:                0xf39fd6e51aad88f6f4ce6ab8827279cfffb92266
  To:                  0x3347b4d90ebe72befb30444c9966b2b990ae9fcb

[32meth_chainId[0m
[32meth_call[0m
  Contract call:       <UnrecognizedContract>
  From:                0xf39fd6e51aad88f6f4ce6ab8827279cfffb92266
  To:                  0x3347b4d90ebe72befb30444c9966b2b990ae9fcb

[32meth_chainId[0m
[32meth_call[0m
  Contract call:       <UnrecognizedContract>
  From:                0xf39fd6e51aad88f6f4ce6ab8827279cfffb92266
  To:                  0x3347b4d90ebe72befb30444c9966b2b990ae9fcb

[32meth_call[0m
  Contract call:       <UnrecognizedContract>
  From:                0xf39fd6e51aad88f6f4ce6ab8827279cfffb92266
  To:                  0x3347b4d90ebe72befb30444c9966b2b990ae9fcb

[32meth_chainId[0m
[32meth_call[0m
  Contract call:       <UnrecognizedContract>
  From:                0xf39fd6e51aad88f6f4ce6ab8827279cfffb92266
  To:                  0x3347b4d90ebe72befb30444c9966b2b990ae9fcb

[32meth_chainId[0m
[32meth_call[0m
  Contract call:       <UnrecognizedContract>
  From:                0xf39fd6e51aad88f6f4ce6ab8827279cfffb92266
  To:                  0x3347b4d90ebe72befb30444c9966b2b990ae9fcb

[32meth_chainId[0m
[32meth_call[0m
  Contract call:       <UnrecognizedContract>
  From:                0xf39fd6e51aad88f6f4ce6ab8827279cfffb92266
  To:                  0x3347b4d90ebe72befb30444c9966b2b990ae9fcb

[32meth_call[0m
  Contract call:       <UnrecognizedContract>
  From:                0xf39fd6e51aad88f6f4ce6ab8827279cfffb92266
  To:                  0x3347b4d90ebe72befb30444c9966b2b990ae9fcb

[32meth_chainId[0m
[32meth_call[0m
  Contract call:       <UnrecognizedContract>
  From:                0xf39fd6e51aad88f6f4ce6ab8827279cfffb92266
  To:                  0x3347b4d90ebe72befb30444c9966b2b990ae9fcb

[32meth_chainId[0m
[32meth_call[0m
  Contract call:       <UnrecognizedContract>
  From:                0xf39fd6e51aad88f6f4ce6ab8827279cfffb92266
  To:                  0x3347b4d90ebe72befb30444c9966b2b990ae9fcb

[32meth_chainId[0m
[32meth_call[0m
  Contract call:       <UnrecognizedContract>
  From:                0xf39fd6e51aad88f6f4ce6ab8827279cfffb92266
  To:                  0x3347b4d90ebe72befb30444c9966b2b990ae9fcb

[32meth_call[0m
  Contract call:       <UnrecognizedContract>
  From:                0xf39fd6e51aad88f6f4ce6ab8827279cfffb92266
  To:                  0x3347b4d90ebe72befb30444c9966b2b990ae9fcb

[32meth_chainId[0m
[32meth_call[0m
  Contract call:       <UnrecognizedContract>
  From:                0xf39fd6e51aad88f6f4ce6ab8827279cfffb92266
  To:                  0x3347b4d90ebe72befb30444c9966b2b990ae9fcb

[32meth_chainId[0m
[32meth_call[0m
  Contract call:       <UnrecognizedContract>
  From:                0xf39fd6e51aad88f6f4ce6ab8827279cfffb92266
  To:                  0x3347b4d90ebe72befb30444c9966b2b990ae9fcb

[32meth_chainId[0m
[32meth_call[0m
  Contract call:       <UnrecognizedContract>
  From:                0xf39fd6e51aad88f6f4ce6ab8827279cfffb92266
  To:                  0x3347b4d90ebe72befb30444c9966b2b990ae9fcb

[32meth_call[0m
  Contract call:       <UnrecognizedContract>
  From:                0xf39fd6e51aad88f6f4ce6ab8827279cfffb92266
  To:                  0x3347b4d90ebe72befb30444c9966b2b990ae9fcb

[32meth_chainId[0m
[32meth_call[0m
  Contract call:       <UnrecognizedContract>
  From:                0xf39fd6e51aad88f6f4ce6ab8827279cfffb92266
  To:                  0x3347b4d90ebe72befb30444c9966b2b990ae9fcb

[32meth_chainId[0m
[32meth_call[0m
  Contract call:       <UnrecognizedContract>
  From:                0xf39fd6e51aad88f6f4ce6ab8827279cfffb92266
  To:                  0x3347b4d90ebe72befb30444c9966b2b990ae9fcb

[32meth_chainId[0m
[32meth_call[0m
  Contract call:       <UnrecognizedContract>
  From:                0xf39fd6e51aad88f6f4ce6ab8827279cfffb92266
  To:                  0x3347b4d90ebe72befb30444c9966b2b990ae9fcb

[32meth_call[0m
  Contract call:       <UnrecognizedContract>
  From:                0xf39fd6e51aad88f6f4ce6ab8827279cfffb92266
  To:                  0x3347b4d90ebe72befb30444c9966b2b990ae9fcb

[32meth_chainId[0m
[32meth_call[0m
  Contract call:       <UnrecognizedContract>
  From:                0xf39fd6e51aad88f6f4ce6ab8827279cfffb92266
  To:                  0x3347b4d90ebe72befb30444c9966b2b990ae9fcb

[32meth_chainId[0m
[32meth_call[0m
  Contract call:       <UnrecognizedContract>
  From:                0xf39fd6e51aad88f6f4ce6ab8827279cfffb92266
  To:                  0x3347b4d90ebe72befb30444c9966b2b990ae9fcb

[32meth_call[0m
  Contract call:       <UnrecognizedContract>
  From:                0xf39fd6e51aad88f6f4ce6ab8827279cfffb92266
  To:                  0x3347b4d90ebe72befb30444c9966b2b990ae9fcb

[32meth_call[0m
  Contract call:       <UnrecognizedContract>
  From:                0xf39fd6e51aad88f6f4ce6ab8827279cfffb92266
  To:                  0x3347b4d90ebe72befb30444c9966b2b990ae9fcb

[32meth_chainId[0m
[32meth_call[0m
  Contract call:       <UnrecognizedContract>
  From:                0xf39fd6e51aad88f6f4ce6ab8827279cfffb92266
  To:                  0x3347b4d90ebe72befb30444c9966b2b990ae9fcb

[32meth_call[0m
  Contract call:       <UnrecognizedContract>
  From:                0xf39fd6e51aad88f6f4ce6ab8827279cfffb92266
  To:                  0x3347b4d90ebe72befb30444c9966b2b990ae9fcb

[32meth_call[0m
  Contract call:       <UnrecognizedContract>
  From:                0xf39fd6e51aad88f6f4ce6ab8827279cfffb92266
  To:                  0x3347b4d90ebe72befb30444c9966b2b990ae9fcb

[32meth_chainId[0m
[32meth_call[0m
  Contract call:       <UnrecognizedContract>
  From:                0xf39fd6e51aad88f6f4ce6ab8827279cfffb92266
  To:                  0x3347b4d90ebe72befb30444c9966b2b990ae9fcb

[32meth_chainId[0m
[32meth_call[0m
  Contract call:       <UnrecognizedContract>
  From:                0xf39fd6e51aad88f6f4ce6ab8827279cfffb92266
  To:                  0x3347b4d90ebe72befb30444c9966b2b990ae9fcb

[32meth_call[0m
  Contract call:       <UnrecognizedContract>
  From:                0xf39fd6e51aad88f6f4ce6ab8827279cfffb92266
  To:                  0x3347b4d90ebe72befb30444c9966b2b990ae9fcb

[32meth_call[0m
  Contract call:       <UnrecognizedContract>
  From:                0xf39fd6e51aad88f6f4ce6ab8827279cfffb92266
  To:                  0x3347b4d90ebe72befb30444c9966b2b990ae9fcb

[32meth_chainId[0m
[32meth_call[0m
  Contract call:       <UnrecognizedContract>
  From:                0xf39fd6e51aad88f6f4ce6ab8827279cfffb92266
  To:                  0x3347b4d90ebe72befb30444c9966b2b990ae9fcb

[32meth_chainId[0m
[32meth_call[0m
  Contract call:       <UnrecognizedContract>
  From:                0xf39fd6e51aad88f6f4ce6ab8827279cfffb92266
  To:                  0x3347b4d90ebe72befb30444c9966b2b990ae9fcb

[32meth_call[0m
  Contract call:       <UnrecognizedContract>
  From:                0xf39fd6e51aad88f6f4ce6ab8827279cfffb92266
  To:                  0x3347b4d90ebe72befb30444c9966b2b990ae9fcb

[32meth_chainId[0m
[32meth_call[0m
  Contract call:       <UnrecognizedContract>
  From:                0xf39fd6e51aad88f6f4ce6ab8827279cfffb92266
  To:                  0x3347b4d90ebe72befb30444c9966b2b990ae9fcb

[32meth_chainId[0m
[32meth_call[0m
  Contract call:       <UnrecognizedContract>
  From:                0xf39fd6e51aad88f6f4ce6ab8827279cfffb92266
  To:                  0x3347b4d90ebe72befb30444c9966b2b990ae9fcb

[32meth_chainId[0m
[32meth_call[0m
  Contract call:       <UnrecognizedContract>
  From:                0xf39fd6e51aad88f6f4ce6ab8827279cfffb92266
  To:                  0x3347b4d90ebe72befb30444c9966b2b990ae9fcb

[32meth_call[0m
  Contract call:       <UnrecognizedContract>
  From:                0xf39fd6e51aad88f6f4ce6ab8827279cfffb92266
  To:                  0x3347b4d90ebe72befb30444c9966b2b990ae9fcb

[32meth_chainId[0m
[32meth_call[0m
  Contract call:       <UnrecognizedContract>
  From:                0xf39fd6e51aad88f6f4ce6ab8827279cfffb92266
  To:                  0x3347b4d90ebe72befb30444c9966b2b990ae9fcb

[32meth_chainId[0m
[32meth_call[0m
  Contract call:       <UnrecognizedContract>
  From:                0xf39fd6e51aad88f6f4ce6ab8827279cfffb92266
  To:                  0x3347b4d90ebe72befb30444c9966b2b990ae9fcb

[32meth_chainId[0m
[32meth_call[0m
  Contract call:       <UnrecognizedContract>
  From:                0xf39fd6e51aad88f6f4ce6ab8827279cfffb92266
  To:                  0x3347b4d90ebe72befb30444c9966b2b990ae9fcb

[32meth_call[0m
  Contract call:       <UnrecognizedContract>
  From:                0xf39fd6e51aad88f6f4ce6ab8827279cfffb92266
  To:                  0x3347b4d90ebe72befb30444c9966b2b990ae9fcb

[32meth_chainId[0m
[32meth_call[0m
  Contract call:       <UnrecognizedContract>
  From:                0xf39fd6e51aad88f6f4ce6ab8827279cfffb92266
  To:                  0x3347b4d90ebe72befb30444c9966b2b990ae9fcb

[32meth_chainId[0m
[32meth_call[0m
  Contract call:       <UnrecognizedContract>
  From:                0xf39fd6e51aad88f6f4ce6ab8827279cfffb92266
  To:                  0x3347b4d90ebe72befb30444c9966b2b990ae9fcb

[32meth_chainId[0m
[32meth_call[0m
  Contract call:       <UnrecognizedContract>
  From:                0xf39fd6e51aad88f6f4ce6ab8827279cfffb92266
  To:                  0x3347b4d90ebe72befb30444c9966b2b990ae9fcb

[32meth_call[0m
  Contract call:       <UnrecognizedContract>
  From:                0xf39fd6e51aad88f6f4ce6ab8827279cfffb92266
  To:                  0x3347b4d90ebe72befb30444c9966b2b990ae9fcb

[32meth_chainId[0m
[32meth_call[0m
  Contract call:       <UnrecognizedContract>
  From:                0xf39fd6e51aad88f6f4ce6ab8827279cfffb92266
  To:                  0x3347b4d90ebe72befb30444c9966b2b990ae9fcb

[32meth_chainId[0m
[32meth_call[0m
  Contract call:       <UnrecognizedContract>
  From:                0xf39fd6e51aad88f6f4ce6ab8827279cfffb92266
  To:                  0x3347b4d90ebe72befb30444c9966b2b990ae9fcb

[32meth_chainId[0m
[32meth_call[0m
  Contract call:       <UnrecognizedContract>
  From:                0xf39fd6e51aad88f6f4ce6ab8827279cfffb92266
  To:                  0x3347b4d90ebe72befb30444c9966b2b990ae9fcb

[32meth_call[0m
  Contract call:       <UnrecognizedContract>
  From:                0xf39fd6e51aad88f6f4ce6ab8827279cfffb92266
  To:                  0x3347b4d90ebe72befb30444c9966b2b990ae9fcb

[32meth_call[0m
  Contract call:       <UnrecognizedContract>
  From:                0xf39fd6e51aad88f6f4ce6ab8827279cfffb92266
  To:                  0x3347b4d90ebe72befb30444c9966b2b990ae9fcb

[32meth_chainId[0m
[32meth_call[0m
  Contract call:       <UnrecognizedContract>
  From:                0xf39fd6e51aad88f6f4ce6ab8827279cfffb92266
  To:                  0x3347b4d90ebe72befb30444c9966b2b990ae9fcb

[32meth_chainId[0m
[32meth_call[0m
  Contract call:       <UnrecognizedContract>
  From:                0xf39fd6e51aad88f6f4ce6ab8827279cfffb92266
  To:                  0x3347b4d90ebe72befb30444c9966b2b990ae9fcb

[32meth_call[0m
  Contract call:       <UnrecognizedContract>
  From:                0xf39fd6e51aad88f6f4ce6ab8827279cfffb92266
  To:                  0x3347b4d90ebe72befb30444c9966b2b990ae9fcb

[32meth_chainId[0m
[32meth_call[0m
  Contract call:       <UnrecognizedContract>
  From:                0xf39fd6e51aad88f6f4ce6ab8827279cfffb92266
  To:                  0x3347b4d90ebe72befb30444c9966b2b990ae9fcb

[32meth_chainId[0m
[32meth_call[0m
  Contract call:       <UnrecognizedContract>
  From:                0xf39fd6e51aad88f6f4ce6ab8827279cfffb92266
  To:                  0x3347b4d90ebe72befb30444c9966b2b990ae9fcb

[32meth_chainId[0m
[32meth_call[0m
  Contract call:       <UnrecognizedContract>
  From:                0xf39fd6e51aad88f6f4ce6ab8827279cfffb92266
  To:                  0x3347b4d90ebe72befb30444c9966b2b990ae9fcb

[32meth_call[0m
  Contract call:       <UnrecognizedContract>
  From:                0xf39fd6e51aad88f6f4ce6ab8827279cfffb92266
  To:                  0x3347b4d90ebe72befb30444c9966b2b990ae9fcb

[32meth_chainId[0m
[32meth_call[0m
  Contract call:       <UnrecognizedContract>
  From:                0xf39fd6e51aad88f6f4ce6ab8827279cfffb92266
  To:                  0x3347b4d90ebe72befb30444c9966b2b990ae9fcb

[32meth_chainId[0m
[32meth_call[0m
  Contract call:       <UnrecognizedContract>
  From:                0xf39fd6e51aad88f6f4ce6ab8827279cfffb92266
  To:                  0x3347b4d90ebe72befb30444c9966b2b990ae9fcb

[32meth_chainId[0m
[32meth_call[0m
  Contract call:       <UnrecognizedContract>
  From:                0xf39fd6e51aad88f6f4ce6ab8827279cfffb92266
  To:                  0x3347b4d90ebe72befb30444c9966b2b990ae9fcb

[32meth_call[0m
  Contract call:       <UnrecognizedContract>
  From:                0xf39fd6e51aad88f6f4ce6ab8827279cfffb92266
  To:                  0x3347b4d90ebe72befb30444c9966b2b990ae9fcb

[32meth_chainId[0m
[32meth_call[0m
  Contract call:       <UnrecognizedContract>
  From:                0xf39fd6e51aad88f6f4ce6ab8827279cfffb92266
  To:                  0x3347b4d90ebe72befb30444c9966b2b990ae9fcb

[32meth_chainId[0m
[32meth_call[0m
  Contract call:       <UnrecognizedContract>
  From:                0xf39fd6e51aad88f6f4ce6ab8827279cfffb92266
  To:                  0x3347b4d90ebe72befb30444c9966b2b990ae9fcb

[32meth_chainId[0m
[32meth_call[0m
  Contract call:       <UnrecognizedContract>
  From:                0xf39fd6e51aad88f6f4ce6ab8827279cfffb92266
  To:                  0x3347b4d90ebe72befb30444c9966b2b990ae9fcb

[32meth_call[0m
  Contract call:       <UnrecognizedContract>
  From:                0xf39fd6e51aad88f6f4ce6ab8827279cfffb92266
  To:                  0x3347b4d90ebe72befb30444c9966b2b990ae9fcb

[32meth_chainId[0m
[32meth_call[0m
  Contract call:       <UnrecognizedContract>
  From:                0xf39fd6e51aad88f6f4ce6ab8827279cfffb92266
  To:                  0x3347b4d90ebe72befb30444c9966b2b990ae9fcb

[32meth_chainId[0m
[32meth_call[0m
  Contract call:       <UnrecognizedContract>
  From:                0xf39fd6e51aad88f6f4ce6ab8827279cfffb92266
  To:                  0x3347b4d90ebe72befb30444c9966b2b990ae9fcb

[32meth_chainId[0m
[32meth_call[0m
  Contract call:       <UnrecognizedContract>
  From:                0xf39fd6e51aad88f6f4ce6ab8827279cfffb92266
  To:                  0x3347b4d90ebe72befb30444c9966b2b990ae9fcb

[32meth_call[0m
  Contract call:       <UnrecognizedContract>
  From:                0xf39fd6e51aad88f6f4ce6ab8827279cfffb92266
  To:                  0x3347b4d90ebe72befb30444c9966b2b990ae9fcb

[32meth_chainId[0m
[32meth_call[0m
  Contract call:       <UnrecognizedContract>
  From:                0xf39fd6e51aad88f6f4ce6ab8827279cfffb92266
  To:                  0x3347b4d90ebe72befb30444c9966b2b990ae9fcb

[32meth_chainId[0m
[32meth_call[0m
  Contract call:       <UnrecognizedContract>
  From:                0xf39fd6e51aad88f6f4ce6ab8827279cfffb92266
  To:                  0x3347b4d90ebe72befb30444c9966b2b990ae9fcb

[32meth_chainId[0m
[32meth_call[0m
  Contract call:       <UnrecognizedContract>
  From:                0xf39fd6e51aad88f6f4ce6ab8827279cfffb92266
  To:                  0x3347b4d90ebe72befb30444c9966b2b990ae9fcb

[32meth_call[0m
  Contract call:       <UnrecognizedContract>
  From:                0xf39fd6e51aad88f6f4ce6ab8827279cfffb92266
  To:                  0x3347b4d90ebe72befb30444c9966b2b990ae9fcb

[32meth_chainId[0m
[32meth_call[0m
  Contract call:       <UnrecognizedContract>
  From:                0xf39fd6e51aad88f6f4ce6ab8827279cfffb92266
  To:                  0x3347b4d90ebe72befb30444c9966b2b990ae9fcb

[32meth_chainId[0m
[32meth_call[0m
  Contract call:       <UnrecognizedContract>
  From:                0xf39fd6e51aad88f6f4ce6ab8827279cfffb92266
  To:                  0x3347b4d90ebe72befb30444c9966b2b990ae9fcb

[32meth_chainId[0m
[32meth_call[0m
  Contract call:       <UnrecognizedContract>
  From:                0xf39fd6e51aad88f6f4ce6ab8827279cfffb92266
  To:                  0x3347b4d90ebe72befb30444c9966b2b990ae9fcb

[32meth_call[0m
  Contract call:       <UnrecognizedContract>
  From:                0xf39fd6e51aad88f6f4ce6ab8827279cfffb92266
  To:                  0x3347b4d90ebe72befb30444c9966b2b990ae9fcb

[32meth_chainId[0m
[32meth_call[0m
  Contract call:       <UnrecognizedContract>
  From:                0xf39fd6e51aad88f6f4ce6ab8827279cfffb92266
  To:                  0x3347b4d90ebe72befb30444c9966b2b990ae9fcb

[32meth_chainId[0m
[32meth_call[0m
  Contract call:       <UnrecognizedContract>
  From:                0xf39fd6e51aad88f6f4ce6ab8827279cfffb92266
  To:                  0x3347b4d90ebe72befb30444c9966b2b990ae9fcb

[32meth_chainId[0m
[32meth_call[0m
  Contract call:       <UnrecognizedContract>
  From:                0xf39fd6e51aad88f6f4ce6ab8827279cfffb92266
  To:                  0x3347b4d90ebe72befb30444c9966b2b990ae9fcb

[32meth_call[0m
  Contract call:       <UnrecognizedContract>
  From:                0xf39fd6e51aad88f6f4ce6ab8827279cfffb92266
  To:                  0x3347b4d90ebe72befb30444c9966b2b990ae9fcb

[32meth_chainId[0m
[32meth_call[0m
  Contract call:       <UnrecognizedContract>
  From:                0xf39fd6e51aad88f6f4ce6ab8827279cfffb92266
  To:                  0x3347b4d90ebe72befb30444c9966b2b990ae9fcb

[32meth_chainId[0m
[32meth_call[0m
  Contract call:       <UnrecognizedContract>
  From:                0xf39fd6e51aad88f6f4ce6ab8827279cfffb92266
  To:                  0x3347b4d90ebe72befb30444c9966b2b990ae9fcb

[32meth_chainId[0m
[32meth_call[0m
  Contract call:       <UnrecognizedContract>
  From:                0xf39fd6e51aad88f6f4ce6ab8827279cfffb92266
  To:                  0x3347b4d90ebe72befb30444c9966b2b990ae9fcb

[32meth_call[0m
  Contract call:       <UnrecognizedContract>
  From:                0xf39fd6e51aad88f6f4ce6ab8827279cfffb92266
  To:                  0x3347b4d90ebe72befb30444c9966b2b990ae9fcb

[32meth_chainId[0m
[32meth_call[0m
  Contract call:       <UnrecognizedContract>
  From:                0xf39fd6e51aad88f6f4ce6ab8827279cfffb92266
  To:                  0x3347b4d90ebe72befb30444c9966b2b990ae9fcb

[32meth_chainId[0m
[32meth_call[0m
  Contract call:       <UnrecognizedContract>
  From:                0xf39fd6e51aad88f6f4ce6ab8827279cfffb92266
  To:                  0x3347b4d90ebe72befb30444c9966b2b990ae9fcb

[32meth_chainId[0m
[32meth_call[0m
  Contract call:       <UnrecognizedContract>
  From:                0xf39fd6e51aad88f6f4ce6ab8827279cfffb92266
  To:                  0x3347b4d90ebe72befb30444c9966b2b990ae9fcb

[32meth_call[0m
  Contract call:       <UnrecognizedContract>
  From:                0xf39fd6e51aad88f6f4ce6ab8827279cfffb92266
  To:                  0x3347b4d90ebe72befb30444c9966b2b990ae9fcb

[32meth_chainId[0m
[32meth_call[0m
  Contract call:       <UnrecognizedContract>
  From:                0xf39fd6e51aad88f6f4ce6ab8827279cfffb92266
  To:                  0x3347b4d90ebe72befb30444c9966b2b990ae9fcb

[32meth_chainId[0m
[32meth_call[0m
  Contract call:       <UnrecognizedContract>
  From:                0xf39fd6e51aad88f6f4ce6ab8827279cfffb92266
  To:                  0x3347b4d90ebe72befb30444c9966b2b990ae9fcb

[32meth_chainId[0m
[32meth_call[0m
  Contract call:       <UnrecognizedContract>
  From:                0xf39fd6e51aad88f6f4ce6ab8827279cfffb92266
  To:                  0x3347b4d90ebe72befb30444c9966b2b990ae9fcb

[32meth_call[0m
  Contract call:       <UnrecognizedContract>
  From:                0xf39fd6e51aad88f6f4ce6ab8827279cfffb92266
  To:                  0x3347b4d90ebe72befb30444c9966b2b990ae9fcb

[32meth_chainId[0m
[32meth_call[0m
  Contract call:       <UnrecognizedContract>
  From:                0xf39fd6e51aad88f6f4ce6ab8827279cfffb92266
  To:                  0x3347b4d90ebe72befb30444c9966b2b990ae9fcb

[32meth_chainId[0m
[32meth_call[0m
  Contract call:       <UnrecognizedContract>
  From:                0xf39fd6e51aad88f6f4ce6ab8827279cfffb92266
  To:                  0x3347b4d90ebe72befb30444c9966b2b990ae9fcb

[32meth_chainId[0m
[32meth_call[0m
  Contract call:       <UnrecognizedContract>
  From:                0xf39fd6e51aad88f6f4ce6ab8827279cfffb92266
  To:                  0x3347b4d90ebe72befb30444c9966b2b990ae9fcb

[32meth_call[0m
  Contract call:       <UnrecognizedContract>
  From:                0xf39fd6e51aad88f6f4ce6ab8827279cfffb92266
  To:                  0x3347b4d90ebe72befb30444c9966b2b990ae9fcb

[32meth_chainId[0m
[32meth_call[0m
  Contract call:       <UnrecognizedContract>
  From:                0xf39fd6e51aad88f6f4ce6ab8827279cfffb92266
  To:                  0x3347b4d90ebe72befb30444c9966b2b990ae9fcb

[32meth_chainId[0m
[32meth_call[0m
  Contract call:       <UnrecognizedContract>
  From:                0xf39fd6e51aad88f6f4ce6ab8827279cfffb92266
  To:                  0x3347b4d90ebe72befb30444c9966b2b990ae9fcb

[32meth_chainId[0m
[32meth_call[0m
  Contract call:       <UnrecognizedContract>
  From:                0xf39fd6e51aad88f6f4ce6ab8827279cfffb92266
  To:                  0x3347b4d90ebe72befb30444c9966b2b990ae9fcb

[32meth_call[0m
  Contract call:       <UnrecognizedContract>
  From:                0xf39fd6e51aad88f6f4ce6ab8827279cfffb92266
  To:                  0x3347b4d90ebe72befb30444c9966b2b990ae9fcb

[32meth_chainId[0m
[32meth_call[0m
  Contract call:       <UnrecognizedContract>
  From:                0xf39fd6e51aad88f6f4ce6ab8827279cfffb92266
  To:                  0x3347b4d90ebe72befb30444c9966b2b990ae9fcb

[32meth_chainId[0m
[32meth_call[0m
  Contract call:       <UnrecognizedContract>
  From:                0xf39fd6e51aad88f6f4ce6ab8827279cfffb92266
  To:                  0x3347b4d90ebe72befb30444c9966b2b990ae9fcb

[32meth_chainId[0m
[32meth_call[0m
  Contract call:       <UnrecognizedContract>
  From:                0xf39fd6e51aad88f6f4ce6ab8827279cfffb92266
  To:                  0x3347b4d90ebe72befb30444c9966b2b990ae9fcb

[32meth_call[0m
  Contract call:       <UnrecognizedContract>
  From:                0xf39fd6e51aad88f6f4ce6ab8827279cfffb92266
  To:                  0x3347b4d90ebe72befb30444c9966b2b990ae9fcb

[32meth_chainId[0m
[32meth_call[0m
  Contract call:       <UnrecognizedContract>
  From:                0xf39fd6e51aad88f6f4ce6ab8827279cfffb92266
  To:                  0x3347b4d90ebe72befb30444c9966b2b990ae9fcb

[32meth_chainId[0m
[32meth_call[0m
  Contract call:       <UnrecognizedContract>
  From:                0xf39fd6e51aad88f6f4ce6ab8827279cfffb92266
  To:                  0x3347b4d90ebe72befb30444c9966b2b990ae9fcb

[32meth_chainId[0m
[32meth_call[0m
  Contract call:       <UnrecognizedContract>
  From:                0xf39fd6e51aad88f6f4ce6ab8827279cfffb92266
  To:                  0x3347b4d90ebe72befb30444c9966b2b990ae9fcb

[32meth_call[0m
  Contract call:       <UnrecognizedContract>
  From:                0xf39fd6e51aad88f6f4ce6ab8827279cfffb92266
  To:                  0x3347b4d90ebe72befb30444c9966b2b990ae9fcb

[32meth_chainId[0m
[32meth_call[0m
  Contract call:       <UnrecognizedContract>
  From:                0xf39fd6e51aad88f6f4ce6ab8827279cfffb92266
  To:                  0x3347b4d90ebe72befb30444c9966b2b990ae9fcb

[32meth_chainId[0m
[32meth_call[0m
  Contract call:       <UnrecognizedContract>
  From:                0xf39fd6e51aad88f6f4ce6ab8827279cfffb92266
  To:                  0x3347b4d90ebe72befb30444c9966b2b990ae9fcb

[32meth_chainId[0m
[32meth_call[0m
  Contract call:       <UnrecognizedContract>
  From:                0xf39fd6e51aad88f6f4ce6ab8827279cfffb92266
  To:                  0x3347b4d90ebe72befb30444c9966b2b990ae9fcb

[32meth_call[0m
  Contract call:       <UnrecognizedContract>
  From:                0xf39fd6e51aad88f6f4ce6ab8827279cfffb92266
  To:                  0x3347b4d90ebe72befb30444c9966b2b990ae9fcb

[32meth_chainId[0m
[32meth_call[0m
  Contract call:       <UnrecognizedContract>
  From:                0xf39fd6e51aad88f6f4ce6ab8827279cfffb92266
  To:                  0x3347b4d90ebe72befb30444c9966b2b990ae9fcb

[32meth_chainId[0m
[32meth_call[0m
  Contract call:       <UnrecognizedContract>
  From:                0xf39fd6e51aad88f6f4ce6ab8827279cfffb92266
  To:                  0x3347b4d90ebe72befb30444c9966b2b990ae9fcb

[32meth_chainId[0m
[32meth_call[0m
  Contract call:       <UnrecognizedContract>
  From:                0xf39fd6e51aad88f6f4ce6ab8827279cfffb92266
  To:                  0x3347b4d90ebe72befb30444c9966b2b990ae9fcb

[32meth_call[0m
  Contract call:       <UnrecognizedContract>
  From:                0xf39fd6e51aad88f6f4ce6ab8827279cfffb92266
  To:                  0x3347b4d90ebe72befb30444c9966b2b990ae9fcb

[32meth_chainId[0m
[32meth_call[0m
  Contract call:       <UnrecognizedContract>
  From:                0xf39fd6e51aad88f6f4ce6ab8827279cfffb92266
  To:                  0x3347b4d90ebe72befb30444c9966b2b990ae9fcb

[32meth_chainId[0m
[32meth_call[0m
  Contract call:       <UnrecognizedContract>
  From:                0xf39fd6e51aad88f6f4ce6ab8827279cfffb92266
  To:                  0x3347b4d90ebe72befb30444c9966b2b990ae9fcb

[32meth_getTransactionCount[0m
[32meth_chainId[0m
[32meth_estimateGas[0m
[32meth_chainId[0m
[32meth_chainId (2)[0m
[32meth_getBlockByNumber[0m
[32meth_gasPrice[0m
[32meth_maxPriorityFeePerGas[0m
[32meth_chainId[0m
[32meth_blockNumber[0m
[32meth_sendRawTransaction[0m
  Contract call:       <UnrecognizedContract>
  Transaction:         0xb376223ef9c87f3faa2eaac5c49af3505f3b408b002268916ad7ccde2fd80b1a
  From:                0xf39fd6e51aad88f6f4ce6ab8827279cfffb92266
  To:                  0x3347b4d90ebe72befb30444c9966b2b990ae9fcb
  Value:               0 ETH
  Gas used:            215799 of 215799
  Block #186:          0xcb07d13b12620ac294caf8e9e11f329cdf13321e4781983baf5e43b8d6dfc0e8

[32meth_chainId[0m
[32meth_chainId (2)[0m
[32meth_getTransactionReceipt[0m
[32meth_chainId[0m
[32meth_call[0m
  Contract call:       <UnrecognizedContract>
  From:                0xf39fd6e51aad88f6f4ce6ab8827279cfffb92266
  To:                  0x3347b4d90ebe72befb30444c9966b2b990ae9fcb

[32meth_call[0m
  Contract call:       <UnrecognizedContract>
  From:                0xf39fd6e51aad88f6f4ce6ab8827279cfffb92266
  To:                  0x3347b4d90ebe72befb30444c9966b2b990ae9fcb

[32meth_chainId[0m
[32meth_call[0m
  Contract call:       <UnrecognizedContract>
  From:                0xf39fd6e51aad88f6f4ce6ab8827279cfffb92266
  To:                  0x3347b4d90ebe72befb30444c9966b2b990ae9fcb

[32meth_chainId[0m
[32meth_call[0m
  Contract call:       <UnrecognizedContract>
  From:                0xf39fd6e51aad88f6f4ce6ab8827279cfffb92266
  To:                  0x3347b4d90ebe72befb30444c9966b2b990ae9fcb

[32meth_chainId[0m
[32meth_call[0m
  Contract call:       <UnrecognizedContract>
  From:                0xf39fd6e51aad88f6f4ce6ab8827279cfffb92266
  To:                  0x3347b4d90ebe72befb30444c9966b2b990ae9fcb

[32meth_call[0m
  Contract call:       <UnrecognizedContract>
  From:                0xf39fd6e51aad88f6f4ce6ab8827279cfffb92266
  To:                  0x3347b4d90ebe72befb30444c9966b2b990ae9fcb

[32meth_call[0m
  Contract call:       <UnrecognizedContract>
  From:                0xf39fd6e51aad88f6f4ce6ab8827279cfffb92266
  To:                  0x3347b4d90ebe72befb30444c9966b2b990ae9fcb

[32meth_chainId[0m
[32meth_call[0m
  Contract call:       <UnrecognizedContract>
  From:                0xf39fd6e51aad88f6f4ce6ab8827279cfffb92266
  To:                  0x3347b4d90ebe72befb30444c9966b2b990ae9fcb

[32meth_getTransactionCount[0m
[32meth_chainId[0m
[32meth_estimateGas[0m
[32meth_chainId[0m
[32meth_chainId (2)[0m
[32meth_getBlockByNumber[0m
[32meth_gasPrice[0m
[32meth_maxPriorityFeePerGas[0m
[32meth_chainId[0m
[32meth_blockNumber[0m
[32meth_sendRawTransaction[0m
  Contract call:       <UnrecognizedContract>
  Transaction:         0xbe6ea295c1ae19cdbbe8c5e2adbbf566e554abf7da4f9638fb3d0d17c91d32d8
  From:                0xf39fd6e51aad88f6f4ce6ab8827279cfffb92266
  To:                  0x3347b4d90ebe72befb30444c9966b2b990ae9fcb
  Value:               0 ETH
  Gas used:            201355 of 201355
  Block #187:          0x14bf08dd610585ee4e9f9f22fac7b4f745216dd751b6973cc7d12f2614137c9d

[32meth_chainId[0m
[32meth_chainId (2)[0m
[32meth_getTransactionReceipt[0m
[32meth_chainId[0m
[32meth_call[0m
  Contract call:       <UnrecognizedContract>
  From:                0xf39fd6e51aad88f6f4ce6ab8827279cfffb92266
  To:                  0x3347b4d90ebe72befb30444c9966b2b990ae9fcb

[32meth_call[0m
  Contract call:       <UnrecognizedContract>
  From:                0xf39fd6e51aad88f6f4ce6ab8827279cfffb92266
  To:                  0x3347b4d90ebe72befb30444c9966b2b990ae9fcb

[32meth_call[0m
  Contract call:       <UnrecognizedContract>
  From:                0xf39fd6e51aad88f6f4ce6ab8827279cfffb92266
  To:                  0x3347b4d90ebe72befb30444c9966b2b990ae9fcb

[32meth_chainId[0m
[32meth_call[0m
  Contract call:       <UnrecognizedContract>
  From:                0xf39fd6e51aad88f6f4ce6ab8827279cfffb92266
  To:                  0x3347b4d90ebe72befb30444c9966b2b990ae9fcb

[32meth_chainId[0m
[32meth_call[0m
  Contract call:       <UnrecognizedContract>
  From:                0xf39fd6e51aad88f6f4ce6ab8827279cfffb92266
  To:                  0x3347b4d90ebe72befb30444c9966b2b990ae9fcb

[32meth_call[0m
  Contract call:       <UnrecognizedContract>
  From:                0xf39fd6e51aad88f6f4ce6ab8827279cfffb92266
  To:                  0x3347b4d90ebe72befb30444c9966b2b990ae9fcb

[32meth_chainId[0m
[32meth_call[0m
  Contract call:       <UnrecognizedContract>
  From:                0xf39fd6e51aad88f6f4ce6ab8827279cfffb92266
  To:                  0x3347b4d90ebe72befb30444c9966b2b990ae9fcb

[32meth_chainId[0m
[32meth_call[0m
  Contract call:       <UnrecognizedContract>
  From:                0xf39fd6e51aad88f6f4ce6ab8827279cfffb92266
  To:                  0x3347b4d90ebe72befb30444c9966b2b990ae9fcb

[32meth_chainId[0m
[32meth_call[0m
  Contract call:       <UnrecognizedContract>
  From:                0xf39fd6e51aad88f6f4ce6ab8827279cfffb92266
  To:                  0x3347b4d90ebe72befb30444c9966b2b990ae9fcb

[32meth_call[0m
  Contract call:       <UnrecognizedContract>
  From:                0xf39fd6e51aad88f6f4ce6ab8827279cfffb92266
  To:                  0x3347b4d90ebe72befb30444c9966b2b990ae9fcb

[32meth_chainId[0m
[32meth_call[0m
  Contract call:       <UnrecognizedContract>
  From:                0xf39fd6e51aad88f6f4ce6ab8827279cfffb92266
  To:                  0x3347b4d90ebe72befb30444c9966b2b990ae9fcb

[32meth_chainId[0m
[32meth_call[0m
  Contract call:       <UnrecognizedContract>
  From:                0xf39fd6e51aad88f6f4ce6ab8827279cfffb92266
  To:                  0x3347b4d90ebe72befb30444c9966b2b990ae9fcb

[32meth_chainId[0m
[32meth_call[0m
  Contract call:       <UnrecognizedContract>
  From:                0xf39fd6e51aad88f6f4ce6ab8827279cfffb92266
  To:                  0x3347b4d90ebe72befb30444c9966b2b990ae9fcb

[32meth_call[0m
  Contract call:       <UnrecognizedContract>
  From:                0xf39fd6e51aad88f6f4ce6ab8827279cfffb92266
  To:                  0x3347b4d90ebe72befb30444c9966b2b990ae9fcb

[32meth_chainId[0m
[32meth_call[0m
  Contract call:       <UnrecognizedContract>
  From:                0xf39fd6e51aad88f6f4ce6ab8827279cfffb92266
  To:                  0x3347b4d90ebe72befb30444c9966b2b990ae9fcb

[32meth_chainId[0m
[32meth_call[0m
  Contract call:       <UnrecognizedContract>
  From:                0xf39fd6e51aad88f6f4ce6ab8827279cfffb92266
  To:                  0x3347b4d90ebe72befb30444c9966b2b990ae9fcb

[32meth_chainId[0m
[32meth_call[0m
  Contract call:       <UnrecognizedContract>
  From:                0xf39fd6e51aad88f6f4ce6ab8827279cfffb92266
  To:                  0x3347b4d90ebe72befb30444c9966b2b990ae9fcb

[32meth_getStorageAt[0m
[32meth_chainId[0m
[32meth_call[0m
  Contract call:       <UnrecognizedContract>
  From:                0xf39fd6e51aad88f6f4ce6ab8827279cfffb92266
  To:                  0x3347b4d90ebe72befb30444c9966b2b990ae9fcb

[32meth_call[0m
  Contract call:       <UnrecognizedContract>
  From:                0xf39fd6e51aad88f6f4ce6ab8827279cfffb92266
  To:                  0x3347b4d90ebe72befb30444c9966b2b990ae9fcb

[32meth_chainId[0m
[32meth_call[0m
  Contract call:       <UnrecognizedContract>
  From:                0xf39fd6e51aad88f6f4ce6ab8827279cfffb92266
  To:                  0x3347b4d90ebe72befb30444c9966b2b990ae9fcb

[32meth_chainId[0m
[32meth_call[0m
  Contract call:       <UnrecognizedContract>
  From:                0xf39fd6e51aad88f6f4ce6ab8827279cfffb92266
  To:                  0x3347b4d90ebe72befb30444c9966b2b990ae9fcb

[32meth_chainId[0m
[32meth_call[0m
  Contract call:       <UnrecognizedContract>
  From:                0xf39fd6e51aad88f6f4ce6ab8827279cfffb92266
  To:                  0x3347b4d90ebe72befb30444c9966b2b990ae9fcb

[32meth_call[0m
  Contract call:       <UnrecognizedContract>
  From:                0xf39fd6e51aad88f6f4ce6ab8827279cfffb92266
  To:                  0x3347b4d90ebe72befb30444c9966b2b990ae9fcb

[32meth_chainId[0m
[32meth_call[0m
  Contract call:       <UnrecognizedContract>
  From:                0xf39fd6e51aad88f6f4ce6ab8827279cfffb92266
  To:                  0x3347b4d90ebe72befb30444c9966b2b990ae9fcb

[32meth_chainId[0m
[32meth_call[0m
  Contract call:       <UnrecognizedContract>
  From:                0xf39fd6e51aad88f6f4ce6ab8827279cfffb92266
  To:                  0x3347b4d90ebe72befb30444c9966b2b990ae9fcb

[32meth_chainId[0m
[32meth_call[0m
  Contract call:       <UnrecognizedContract>
  From:                0xf39fd6e51aad88f6f4ce6ab8827279cfffb92266
  To:                  0x3347b4d90ebe72befb30444c9966b2b990ae9fcb

[32meth_call[0m
  Contract call:       <UnrecognizedContract>
  From:                0xf39fd6e51aad88f6f4ce6ab8827279cfffb92266
  To:                  0x3347b4d90ebe72befb30444c9966b2b990ae9fcb

[32meth_chainId[0m
[32meth_call[0m
  Contract call:       <UnrecognizedContract>
  From:                0xf39fd6e51aad88f6f4ce6ab8827279cfffb92266
  To:                  0x3347b4d90ebe72befb30444c9966b2b990ae9fcb

[32meth_chainId[0m
[32meth_call[0m
  Contract call:       <UnrecognizedContract>
  From:                0xf39fd6e51aad88f6f4ce6ab8827279cfffb92266
  To:                  0x3347b4d90ebe72befb30444c9966b2b990ae9fcb

[32meth_chainId[0m
[32meth_call[0m
  Contract call:       <UnrecognizedContract>
  From:                0xf39fd6e51aad88f6f4ce6ab8827279cfffb92266
  To:                  0x3347b4d90ebe72befb30444c9966b2b990ae9fcb

[32meth_call[0m
  Contract call:       <UnrecognizedContract>
  From:                0xf39fd6e51aad88f6f4ce6ab8827279cfffb92266
  To:                  0x3347b4d90ebe72befb30444c9966b2b990ae9fcb

[32meth_chainId[0m
[32meth_call[0m
  Contract call:       <UnrecognizedContract>
  From:                0xf39fd6e51aad88f6f4ce6ab8827279cfffb92266
  To:                  0x3347b4d90ebe72befb30444c9966b2b990ae9fcb

[32meth_chainId[0m
[32meth_call[0m
  Contract call:       <UnrecognizedContract>
  From:                0xf39fd6e51aad88f6f4ce6ab8827279cfffb92266
  To:                  0x3347b4d90ebe72befb30444c9966b2b990ae9fcb

[32meth_chainId[0m
[32meth_call[0m
  Contract call:       <UnrecognizedContract>
  From:                0xf39fd6e51aad88f6f4ce6ab8827279cfffb92266
  To:                  0x3347b4d90ebe72befb30444c9966b2b990ae9fcb

[32meth_call[0m
  Contract call:       <UnrecognizedContract>
  From:                0xf39fd6e51aad88f6f4ce6ab8827279cfffb92266
  To:                  0x3347b4d90ebe72befb30444c9966b2b990ae9fcb

[32meth_chainId[0m
[32meth_call[0m
  Contract call:       <UnrecognizedContract>
  From:                0xf39fd6e51aad88f6f4ce6ab8827279cfffb92266
  To:                  0x3347b4d90ebe72befb30444c9966b2b990ae9fcb

[32meth_chainId[0m
[32meth_call[0m
  Contract call:       <UnrecognizedContract>
  From:                0xf39fd6e51aad88f6f4ce6ab8827279cfffb92266
  To:                  0x3347b4d90ebe72befb30444c9966b2b990ae9fcb

[32meth_chainId[0m
[32meth_call[0m
  Contract call:       <UnrecognizedContract>
  From:                0xf39fd6e51aad88f6f4ce6ab8827279cfffb92266
  To:                  0x3347b4d90ebe72befb30444c9966b2b990ae9fcb

[32meth_call[0m
  Contract call:       <UnrecognizedContract>
  From:                0xf39fd6e51aad88f6f4ce6ab8827279cfffb92266
  To:                  0x3347b4d90ebe72befb30444c9966b2b990ae9fcb

[32meth_chainId[0m
[32meth_call[0m
  Contract call:       <UnrecognizedContract>
  From:                0xf39fd6e51aad88f6f4ce6ab8827279cfffb92266
  To:                  0x3347b4d90ebe72befb30444c9966b2b990ae9fcb

[32meth_chainId[0m
[32meth_call[0m
  Contract call:       <UnrecognizedContract>
  From:                0xf39fd6e51aad88f6f4ce6ab8827279cfffb92266
  To:                  0x3347b4d90ebe72befb30444c9966b2b990ae9fcb

[32meth_chainId[0m
[32meth_call[0m
  Contract call:       <UnrecognizedContract>
  From:                0xf39fd6e51aad88f6f4ce6ab8827279cfffb92266
  To:                  0x3347b4d90ebe72befb30444c9966b2b990ae9fcb

[32meth_call[0m
  Contract call:       <UnrecognizedContract>
  From:                0xf39fd6e51aad88f6f4ce6ab8827279cfffb92266
  To:                  0x3347b4d90ebe72befb30444c9966b2b990ae9fcb

[32meth_chainId[0m
[32meth_call[0m
  Contract call:       <UnrecognizedContract>
  From:                0xf39fd6e51aad88f6f4ce6ab8827279cfffb92266
  To:                  0x3347b4d90ebe72befb30444c9966b2b990ae9fcb

[32meth_chainId[0m
[32meth_call[0m
  Contract call:       <UnrecognizedContract>
  From:                0xf39fd6e51aad88f6f4ce6ab8827279cfffb92266
  To:                  0x3347b4d90ebe72befb30444c9966b2b990ae9fcb

[32meth_chainId[0m
[32meth_call[0m
  Contract call:       <UnrecognizedContract>
  From:                0xf39fd6e51aad88f6f4ce6ab8827279cfffb92266
  To:                  0x3347b4d90ebe72befb30444c9966b2b990ae9fcb

[32meth_call[0m
  Contract call:       <UnrecognizedContract>
  From:                0xf39fd6e51aad88f6f4ce6ab8827279cfffb92266
  To:                  0x3347b4d90ebe72befb30444c9966b2b990ae9fcb

[32meth_chainId[0m
[32meth_call[0m
  Contract call:       <UnrecognizedContract>
  From:                0xf39fd6e51aad88f6f4ce6ab8827279cfffb92266
  To:                  0x3347b4d90ebe72befb30444c9966b2b990ae9fcb

[32meth_chainId[0m
[32meth_call[0m
  Contract call:       <UnrecognizedContract>
  From:                0xf39fd6e51aad88f6f4ce6ab8827279cfffb92266
  To:                  0x3347b4d90ebe72befb30444c9966b2b990ae9fcb

[32meth_chainId[0m
[32meth_call[0m
  Contract call:       <UnrecognizedContract>
  From:                0xf39fd6e51aad88f6f4ce6ab8827279cfffb92266
  To:                  0x3347b4d90ebe72befb30444c9966b2b990ae9fcb

[32meth_call[0m
  Contract call:       <UnrecognizedContract>
  From:                0xf39fd6e51aad88f6f4ce6ab8827279cfffb92266
  To:                  0x3347b4d90ebe72befb30444c9966b2b990ae9fcb

[32meth_chainId[0m
[32meth_call[0m
  Contract call:       <UnrecognizedContract>
  From:                0xf39fd6e51aad88f6f4ce6ab8827279cfffb92266
  To:                  0x3347b4d90ebe72befb30444c9966b2b990ae9fcb

[32meth_chainId[0m
[32meth_call[0m
  Contract call:       <UnrecognizedContract>
  From:                0xf39fd6e51aad88f6f4ce6ab8827279cfffb92266
  To:                  0x3347b4d90ebe72befb30444c9966b2b990ae9fcb

[32meth_chainId[0m
[32meth_call[0m
  Contract call:       <UnrecognizedContract>
  From:                0xf39fd6e51aad88f6f4ce6ab8827279cfffb92266
  To:                  0x3347b4d90ebe72befb30444c9966b2b990ae9fcb

[32meth_call[0m
  Contract call:       <UnrecognizedContract>
  From:                0xf39fd6e51aad88f6f4ce6ab8827279cfffb92266
  To:                  0x3347b4d90ebe72befb30444c9966b2b990ae9fcb

[32meth_chainId[0m
[32meth_call[0m
  Contract call:       <UnrecognizedContract>
  From:                0xf39fd6e51aad88f6f4ce6ab8827279cfffb92266
  To:                  0x3347b4d90ebe72befb30444c9966b2b990ae9fcb

[32meth_chainId[0m
[32meth_call[0m
  Contract call:       <UnrecognizedContract>
  From:                0xf39fd6e51aad88f6f4ce6ab8827279cfffb92266
  To:                  0x3347b4d90ebe72befb30444c9966b2b990ae9fcb

[32meth_chainId[0m
[32meth_call[0m
  Contract call:       <UnrecognizedContract>
  From:                0xf39fd6e51aad88f6f4ce6ab8827279cfffb92266
  To:                  0x3347b4d90ebe72befb30444c9966b2b990ae9fcb

[32meth_call[0m
  Contract call:       <UnrecognizedContract>
  From:                0xf39fd6e51aad88f6f4ce6ab8827279cfffb92266
  To:                  0x3347b4d90ebe72befb30444c9966b2b990ae9fcb

[32meth_chainId[0m
[32meth_call[0m
  Contract call:       <UnrecognizedContract>
  From:                0xf39fd6e51aad88f6f4ce6ab8827279cfffb92266
  To:                  0x3347b4d90ebe72befb30444c9966b2b990ae9fcb

[32meth_chainId[0m
[32meth_call[0m
  Contract call:       <UnrecognizedContract>
  From:                0xf39fd6e51aad88f6f4ce6ab8827279cfffb92266
  To:                  0x3347b4d90ebe72befb30444c9966b2b990ae9fcb

[32meth_chainId[0m
[32meth_call[0m
  Contract call:       <UnrecognizedContract>
  From:                0xf39fd6e51aad88f6f4ce6ab8827279cfffb92266
  To:                  0x3347b4d90ebe72befb30444c9966b2b990ae9fcb

[32meth_call[0m
  Contract call:       <UnrecognizedContract>
  From:                0xf39fd6e51aad88f6f4ce6ab8827279cfffb92266
  To:                  0x3347b4d90ebe72befb30444c9966b2b990ae9fcb

[32meth_chainId[0m
[32meth_call[0m
  Contract call:       <UnrecognizedContract>
  From:                0xf39fd6e51aad88f6f4ce6ab8827279cfffb92266
  To:                  0x3347b4d90ebe72befb30444c9966b2b990ae9fcb

[32meth_chainId[0m
[32meth_call[0m
  Contract call:       <UnrecognizedContract>
  From:                0xf39fd6e51aad88f6f4ce6ab8827279cfffb92266
  To:                  0x3347b4d90ebe72befb30444c9966b2b990ae9fcb

[32meth_chainId[0m
[32meth_call[0m
  Contract call:       <UnrecognizedContract>
  From:                0xf39fd6e51aad88f6f4ce6ab8827279cfffb92266
  To:                  0x3347b4d90ebe72befb30444c9966b2b990ae9fcb

[32meth_call[0m
  Contract call:       <UnrecognizedContract>
  From:                0xf39fd6e51aad88f6f4ce6ab8827279cfffb92266
  To:                  0x3347b4d90ebe72befb30444c9966b2b990ae9fcb

[32meth_chainId[0m
[32meth_call[0m
  Contract call:       <UnrecognizedContract>
  From:                0xf39fd6e51aad88f6f4ce6ab8827279cfffb92266
  To:                  0x3347b4d90ebe72befb30444c9966b2b990ae9fcb

[32meth_chainId[0m
[32meth_call[0m
  Contract call:       <UnrecognizedContract>
  From:                0xf39fd6e51aad88f6f4ce6ab8827279cfffb92266
  To:                  0x3347b4d90ebe72befb30444c9966b2b990ae9fcb

[32meth_chainId[0m
[32meth_call[0m
  Contract call:       <UnrecognizedContract>
  From:                0xf39fd6e51aad88f6f4ce6ab8827279cfffb92266
  To:                  0x3347b4d90ebe72befb30444c9966b2b990ae9fcb

[32meth_call[0m
  Contract call:       <UnrecognizedContract>
  From:                0xf39fd6e51aad88f6f4ce6ab8827279cfffb92266
  To:                  0x3347b4d90ebe72befb30444c9966b2b990ae9fcb

[32meth_chainId[0m
[32meth_call[0m
  Contract call:       <UnrecognizedContract>
  From:                0xf39fd6e51aad88f6f4ce6ab8827279cfffb92266
  To:                  0x3347b4d90ebe72befb30444c9966b2b990ae9fcb

[32meth_chainId[0m
[32meth_call[0m
  Contract call:       <UnrecognizedContract>
  From:                0xf39fd6e51aad88f6f4ce6ab8827279cfffb92266
  To:                  0x3347b4d90ebe72befb30444c9966b2b990ae9fcb

[32meth_chainId[0m
[32meth_call[0m
  Contract call:       <UnrecognizedContract>
  From:                0xf39fd6e51aad88f6f4ce6ab8827279cfffb92266
  To:                  0x3347b4d90ebe72befb30444c9966b2b990ae9fcb

[32meth_call[0m
  Contract call:       <UnrecognizedContract>
  From:                0xf39fd6e51aad88f6f4ce6ab8827279cfffb92266
  To:                  0x3347b4d90ebe72befb30444c9966b2b990ae9fcb

[32meth_chainId[0m
[32meth_call[0m
  Contract call:       <UnrecognizedContract>
  From:                0xf39fd6e51aad88f6f4ce6ab8827279cfffb92266
  To:                  0x3347b4d90ebe72befb30444c9966b2b990ae9fcb

[32meth_chainId[0m
[32meth_call[0m
  Contract call:       <UnrecognizedContract>
  From:                0xf39fd6e51aad88f6f4ce6ab8827279cfffb92266
  To:                  0x3347b4d90ebe72befb30444c9966b2b990ae9fcb

[32meth_chainId[0m
[32meth_call[0m
  Contract call:       <UnrecognizedContract>
  From:                0xf39fd6e51aad88f6f4ce6ab8827279cfffb92266
  To:                  0x3347b4d90ebe72befb30444c9966b2b990ae9fcb

[32meth_call[0m
  Contract call:       <UnrecognizedContract>
  From:                0xf39fd6e51aad88f6f4ce6ab8827279cfffb92266
  To:                  0x3347b4d90ebe72befb30444c9966b2b990ae9fcb

[32meth_chainId[0m
[32meth_call[0m
  Contract call:       <UnrecognizedContract>
  From:                0xf39fd6e51aad88f6f4ce6ab8827279cfffb92266
  To:                  0x3347b4d90ebe72befb30444c9966b2b990ae9fcb

[32meth_chainId[0m
[32meth_call[0m
  Contract call:       <UnrecognizedContract>
  From:                0xf39fd6e51aad88f6f4ce6ab8827279cfffb92266
  To:                  0x3347b4d90ebe72befb30444c9966b2b990ae9fcb

[32meth_getTransactionCount[0m
[32meth_chainId[0m
[32meth_estimateGas[0m
[32meth_chainId[0m
[32meth_chainId (2)[0m
[32meth_getBlockByNumber[0m
[32meth_gasPrice[0m
[32meth_maxPriorityFeePerGas[0m
[32meth_chainId[0m
[32meth_blockNumber[0m
[32meth_sendRawTransaction[0m
  Contract call:       <UnrecognizedContract>
  Transaction:         0x8ce60d6ab2b69888b18bc1d0cfee65a29a55761198705dac8b6dbb2920b47ca7
  From:                0xf39fd6e51aad88f6f4ce6ab8827279cfffb92266
  To:                  0x3347b4d90ebe72befb30444c9966b2b990ae9fcb
  Value:               0 ETH
  Gas used:            269398 of 269398
  Block #188:          0x41bdcdb84dfa2382ddfa5fb8de76830444588694d1bceab91340a06a715b1944

[32meth_chainId[0m
[32meth_chainId (2)[0m
[32meth_getTransactionReceipt[0m
[32meth_chainId[0m
[32meth_call[0m
  Contract call:       <UnrecognizedContract>
  From:                0xf39fd6e51aad88f6f4ce6ab8827279cfffb92266
  To:                  0x3347b4d90ebe72befb30444c9966b2b990ae9fcb

[32meth_call[0m
  Contract call:       <UnrecognizedContract>
  From:                0xf39fd6e51aad88f6f4ce6ab8827279cfffb92266
  To:                  0x3347b4d90ebe72befb30444c9966b2b990ae9fcb

[32meth_chainId[0m
[32meth_call[0m
  Contract call:       <UnrecognizedContract>
  From:                0xf39fd6e51aad88f6f4ce6ab8827279cfffb92266
  To:                  0x3347b4d90ebe72befb30444c9966b2b990ae9fcb

[32meth_chainId[0m
[32meth_call[0m
  Contract call:       <UnrecognizedContract>
  From:                0xf39fd6e51aad88f6f4ce6ab8827279cfffb92266
  To:                  0x3347b4d90ebe72befb30444c9966b2b990ae9fcb

[32meth_getTransactionCount[0m
[32meth_chainId[0m
[32meth_estimateGas[0m
[32meth_chainId[0m
[32meth_chainId (2)[0m
[32meth_getBlockByNumber[0m
[32meth_gasPrice[0m
[32meth_maxPriorityFeePerGas[0m
[32meth_chainId[0m
[32meth_blockNumber[0m
[32meth_sendRawTransaction[0m
  Contract call:       <UnrecognizedContract>
  Transaction:         0x2d81e91243101091b613f51b2153f532a85af17e1701cff50979b27e06886c8e
  From:                0xf39fd6e51aad88f6f4ce6ab8827279cfffb92266
  To:                  0x3347b4d90ebe72befb30444c9966b2b990ae9fcb
  Value:               0 ETH
  Gas used:            246809 of 246809
  Block #189:          0x8ed1521b932d7b4de81320130e7bb8b6169fece71ae42772c13b7e1d8a3634a6

[32meth_chainId[0m
[32meth_chainId (2)[0m
[32meth_getTransactionReceipt[0m
[32meth_chainId[0m
[32meth_call[0m
  Contract call:       <UnrecognizedContract>
  From:                0xf39fd6e51aad88f6f4ce6ab8827279cfffb92266
  To:                  0x3347b4d90ebe72befb30444c9966b2b990ae9fcb

[32meth_call[0m
  Contract call:       <UnrecognizedContract>
  From:                0xf39fd6e51aad88f6f4ce6ab8827279cfffb92266
  To:                  0x3347b4d90ebe72befb30444c9966b2b990ae9fcb

[32meth_chainId[0m
[32meth_call[0m
  Contract call:       <UnrecognizedContract>
  From:                0xf39fd6e51aad88f6f4ce6ab8827279cfffb92266
  To:                  0x3347b4d90ebe72befb30444c9966b2b990ae9fcb

[32meth_chainId[0m
[32meth_call[0m
  Contract call:       <UnrecognizedContract>
  From:                0xf39fd6e51aad88f6f4ce6ab8827279cfffb92266
  To:                  0x3347b4d90ebe72befb30444c9966b2b990ae9fcb

[32meth_chainId[0m
[32meth_call[0m
  Contract call:       <UnrecognizedContract>
  From:                0xf39fd6e51aad88f6f4ce6ab8827279cfffb92266
  To:                  0x3347b4d90ebe72befb30444c9966b2b990ae9fcb

[32meth_call[0m
  Contract call:       <UnrecognizedContract>
  From:                0xf39fd6e51aad88f6f4ce6ab8827279cfffb92266
  To:                  0x3347b4d90ebe72befb30444c9966b2b990ae9fcb

[32meth_call[0m
  Contract call:       <UnrecognizedContract>
  From:                0xf39fd6e51aad88f6f4ce6ab8827279cfffb92266
  To:                  0x3347b4d90ebe72befb30444c9966b2b990ae9fcb

[32meth_chainId[0m
[32meth_call[0m
  Contract call:       <UnrecognizedContract>
  From:                0xf39fd6e51aad88f6f4ce6ab8827279cfffb92266
  To:                  0x3347b4d90ebe72befb30444c9966b2b990ae9fcb

[32meth_chainId[0m
[32meth_call[0m
  Contract call:       <UnrecognizedContract>
  From:                0xf39fd6e51aad88f6f4ce6ab8827279cfffb92266
  To:                  0x3347b4d90ebe72befb30444c9966b2b990ae9fcb

[32meth_call[0m
  Contract call:       <UnrecognizedContract>
  From:                0xf39fd6e51aad88f6f4ce6ab8827279cfffb92266
  To:                  0x3347b4d90ebe72befb30444c9966b2b990ae9fcb

[32meth_call[0m
  Contract call:       <UnrecognizedContract>
  From:                0xf39fd6e51aad88f6f4ce6ab8827279cfffb92266
  To:                  0x3347b4d90ebe72befb30444c9966b2b990ae9fcb

[32meth_chainId[0m
[32meth_call[0m
  Contract call:       <UnrecognizedContract>
  From:                0xf39fd6e51aad88f6f4ce6ab8827279cfffb92266
  To:                  0x3347b4d90ebe72befb30444c9966b2b990ae9fcb

[32meth_chainId[0m
[32meth_call[0m
  Contract call:       <UnrecognizedContract>
  From:                0xf39fd6e51aad88f6f4ce6ab8827279cfffb92266
  To:                  0x3347b4d90ebe72befb30444c9966b2b990ae9fcb

[32meth_call[0m
  Contract call:       <UnrecognizedContract>
  From:                0xf39fd6e51aad88f6f4ce6ab8827279cfffb92266
  To:                  0x3347b4d90ebe72befb30444c9966b2b990ae9fcb

[32meth_chainId[0m
[32meth_call[0m
  Contract call:       <UnrecognizedContract>
  From:                0xf39fd6e51aad88f6f4ce6ab8827279cfffb92266
  To:                  0x3347b4d90ebe72befb30444c9966b2b990ae9fcb

[32meth_chainId[0m
[32meth_call[0m
  Contract call:       <UnrecognizedContract>
  From:                0xf39fd6e51aad88f6f4ce6ab8827279cfffb92266
  To:                  0x3347b4d90ebe72befb30444c9966b2b990ae9fcb

[32meth_chainId[0m
[32meth_call[0m
  Contract call:       <UnrecognizedContract>
  From:                0xf39fd6e51aad88f6f4ce6ab8827279cfffb92266
  To:                  0x3347b4d90ebe72befb30444c9966b2b990ae9fcb

[32meth_call[0m
  Contract call:       <UnrecognizedContract>
  From:                0xf39fd6e51aad88f6f4ce6ab8827279cfffb92266
  To:                  0x3347b4d90ebe72befb30444c9966b2b990ae9fcb

[32meth_chainId[0m
[32meth_call[0m
  Contract call:       <UnrecognizedContract>
  From:                0xf39fd6e51aad88f6f4ce6ab8827279cfffb92266
  To:                  0x3347b4d90ebe72befb30444c9966b2b990ae9fcb

[32meth_chainId[0m
[32meth_call[0m
  Contract call:       <UnrecognizedContract>
  From:                0xf39fd6e51aad88f6f4ce6ab8827279cfffb92266
  To:                  0x3347b4d90ebe72befb30444c9966b2b990ae9fcb

[32meth_chainId[0m
[32meth_call[0m
  Contract call:       <UnrecognizedContract>
  From:                0xf39fd6e51aad88f6f4ce6ab8827279cfffb92266
  To:                  0x3347b4d90ebe72befb30444c9966b2b990ae9fcb

[32meth_call[0m
  Contract call:       <UnrecognizedContract>
  From:                0xf39fd6e51aad88f6f4ce6ab8827279cfffb92266
  To:                  0x3347b4d90ebe72befb30444c9966b2b990ae9fcb

[32meth_call[0m
  Contract call:       <UnrecognizedContract>
  From:                0xf39fd6e51aad88f6f4ce6ab8827279cfffb92266
  To:                  0x3347b4d90ebe72befb30444c9966b2b990ae9fcb

[32meth_chainId[0m
[32meth_call[0m
  Contract call:       <UnrecognizedContract>
  From:                0xf39fd6e51aad88f6f4ce6ab8827279cfffb92266
  To:                  0x3347b4d90ebe72befb30444c9966b2b990ae9fcb

[32meth_chainId[0m
[32meth_call[0m
  Contract call:       <UnrecognizedContract>
  From:                0xf39fd6e51aad88f6f4ce6ab8827279cfffb92266
  To:                  0x3347b4d90ebe72befb30444c9966b2b990ae9fcb

[32meth_call[0m
  Contract call:       <UnrecognizedContract>
  From:                0xf39fd6e51aad88f6f4ce6ab8827279cfffb92266
  To:                  0x3347b4d90ebe72befb30444c9966b2b990ae9fcb

[32meth_call[0m
  Contract call:       <UnrecognizedContract>
  From:                0xf39fd6e51aad88f6f4ce6ab8827279cfffb92266
  To:                  0x3347b4d90ebe72befb30444c9966b2b990ae9fcb

[32meth_chainId[0m
[32meth_call[0m
  Contract call:       <UnrecognizedContract>
  From:                0xf39fd6e51aad88f6f4ce6ab8827279cfffb92266
  To:                  0x3347b4d90ebe72befb30444c9966b2b990ae9fcb

[32meth_chainId[0m
[32meth_call[0m
  Contract call:       <UnrecognizedContract>
  From:                0xf39fd6e51aad88f6f4ce6ab8827279cfffb92266
  To:                  0x3347b4d90ebe72befb30444c9966b2b990ae9fcb

[32meth_call[0m
  Contract call:       <UnrecognizedContract>
  From:                0xf39fd6e51aad88f6f4ce6ab8827279cfffb92266
  To:                  0x3347b4d90ebe72befb30444c9966b2b990ae9fcb

[32meth_call[0m
  Contract call:       <UnrecognizedContract>
  From:                0xf39fd6e51aad88f6f4ce6ab8827279cfffb92266
  To:                  0x3347b4d90ebe72befb30444c9966b2b990ae9fcb

[32meth_chainId[0m
[32meth_call[0m
  Contract call:       <UnrecognizedContract>
  From:                0xf39fd6e51aad88f6f4ce6ab8827279cfffb92266
  To:                  0x3347b4d90ebe72befb30444c9966b2b990ae9fcb

[32meth_chainId[0m
[32meth_call[0m
  Contract call:       <UnrecognizedContract>
  From:                0xf39fd6e51aad88f6f4ce6ab8827279cfffb92266
  To:                  0x3347b4d90ebe72befb30444c9966b2b990ae9fcb

[32meth_call[0m
  Contract call:       <UnrecognizedContract>
  From:                0xf39fd6e51aad88f6f4ce6ab8827279cfffb92266
  To:                  0x3347b4d90ebe72befb30444c9966b2b990ae9fcb

[32meth_chainId[0m
[32meth_call[0m
  Contract call:       <UnrecognizedContract>
  From:                0xf39fd6e51aad88f6f4ce6ab8827279cfffb92266
  To:                  0x3347b4d90ebe72befb30444c9966b2b990ae9fcb

[32meth_chainId[0m
[32meth_call[0m
  Contract call:       <UnrecognizedContract>
  From:                0xf39fd6e51aad88f6f4ce6ab8827279cfffb92266
  To:                  0x3347b4d90ebe72befb30444c9966b2b990ae9fcb

[32meth_chainId[0m
[32meth_call[0m
  Contract call:       <UnrecognizedContract>
  From:                0xf39fd6e51aad88f6f4ce6ab8827279cfffb92266
  To:                  0x3347b4d90ebe72befb30444c9966b2b990ae9fcb

[32meth_call[0m
  Contract call:       <UnrecognizedContract>
  From:                0xf39fd6e51aad88f6f4ce6ab8827279cfffb92266
  To:                  0x3347b4d90ebe72befb30444c9966b2b990ae9fcb

[32meth_chainId[0m
[32meth_call[0m
  Contract call:       <UnrecognizedContract>
  From:                0xf39fd6e51aad88f6f4ce6ab8827279cfffb92266
  To:                  0x3347b4d90ebe72befb30444c9966b2b990ae9fcb

[32meth_chainId[0m
[32meth_call[0m
  Contract call:       <UnrecognizedContract>
  From:                0xf39fd6e51aad88f6f4ce6ab8827279cfffb92266
  To:                  0x3347b4d90ebe72befb30444c9966b2b990ae9fcb

[32meth_chainId[0m
[32meth_call[0m
  Contract call:       <UnrecognizedContract>
  From:                0xf39fd6e51aad88f6f4ce6ab8827279cfffb92266
  To:                  0x3347b4d90ebe72befb30444c9966b2b990ae9fcb

[32meth_call[0m
  Contract call:       <UnrecognizedContract>
  From:                0xf39fd6e51aad88f6f4ce6ab8827279cfffb92266
  To:                  0x3347b4d90ebe72befb30444c9966b2b990ae9fcb

[32meth_chainId[0m
[32meth_call[0m
  Contract call:       <UnrecognizedContract>
  From:                0xf39fd6e51aad88f6f4ce6ab8827279cfffb92266
  To:                  0x3347b4d90ebe72befb30444c9966b2b990ae9fcb

[32meth_chainId[0m
[32meth_call[0m
  Contract call:       <UnrecognizedContract>
  From:                0xf39fd6e51aad88f6f4ce6ab8827279cfffb92266
  To:                  0x3347b4d90ebe72befb30444c9966b2b990ae9fcb

[32meth_chainId[0m
[32meth_call[0m
  Contract call:       <UnrecognizedContract>
  From:                0xf39fd6e51aad88f6f4ce6ab8827279cfffb92266
  To:                  0x3347b4d90ebe72befb30444c9966b2b990ae9fcb

[32meth_call[0m
  Contract call:       <UnrecognizedContract>
  From:                0xf39fd6e51aad88f6f4ce6ab8827279cfffb92266
  To:                  0x3347b4d90ebe72befb30444c9966b2b990ae9fcb

[32meth_chainId[0m
[32meth_call[0m
  Contract call:       <UnrecognizedContract>
  From:                0xf39fd6e51aad88f6f4ce6ab8827279cfffb92266
  To:                  0x3347b4d90ebe72befb30444c9966b2b990ae9fcb

[32meth_chainId[0m
[32meth_call[0m
  Contract call:       <UnrecognizedContract>
  From:                0xf39fd6e51aad88f6f4ce6ab8827279cfffb92266
  To:                  0x3347b4d90ebe72befb30444c9966b2b990ae9fcb

[32meth_chainId[0m
[32meth_call[0m
  Contract call:       <UnrecognizedContract>
  From:                0xf39fd6e51aad88f6f4ce6ab8827279cfffb92266
  To:                  0x3347b4d90ebe72befb30444c9966b2b990ae9fcb

[32meth_call[0m
  Contract call:       <UnrecognizedContract>
  From:                0xf39fd6e51aad88f6f4ce6ab8827279cfffb92266
  To:                  0x3347b4d90ebe72befb30444c9966b2b990ae9fcb

[32meth_chainId[0m
[32meth_call[0m
  Contract call:       <UnrecognizedContract>
  From:                0xf39fd6e51aad88f6f4ce6ab8827279cfffb92266
  To:                  0x3347b4d90ebe72befb30444c9966b2b990ae9fcb

[32meth_chainId[0m
[32meth_call[0m
  Contract call:       <UnrecognizedContract>
  From:                0xf39fd6e51aad88f6f4ce6ab8827279cfffb92266
  To:                  0x3347b4d90ebe72befb30444c9966b2b990ae9fcb

[32meth_chainId[0m
[32meth_call[0m
  Contract call:       <UnrecognizedContract>
  From:                0xf39fd6e51aad88f6f4ce6ab8827279cfffb92266
  To:                  0x3347b4d90ebe72befb30444c9966b2b990ae9fcb

[32meth_call[0m
  Contract call:       <UnrecognizedContract>
  From:                0xf39fd6e51aad88f6f4ce6ab8827279cfffb92266
  To:                  0x3347b4d90ebe72befb30444c9966b2b990ae9fcb

[32meth_chainId[0m
[32meth_call[0m
  Contract call:       <UnrecognizedContract>
  From:                0xf39fd6e51aad88f6f4ce6ab8827279cfffb92266
  To:                  0x3347b4d90ebe72befb30444c9966b2b990ae9fcb

[32meth_chainId[0m
[32meth_call[0m
  Contract call:       <UnrecognizedContract>
  From:                0xf39fd6e51aad88f6f4ce6ab8827279cfffb92266
  To:                  0x3347b4d90ebe72befb30444c9966b2b990ae9fcb

[32meth_chainId[0m
[32meth_call[0m
  Contract call:       <UnrecognizedContract>
  From:                0xf39fd6e51aad88f6f4ce6ab8827279cfffb92266
  To:                  0x3347b4d90ebe72befb30444c9966b2b990ae9fcb

[32meth_call[0m
  Contract call:       <UnrecognizedContract>
  From:                0xf39fd6e51aad88f6f4ce6ab8827279cfffb92266
  To:                  0x3347b4d90ebe72befb30444c9966b2b990ae9fcb

[32meth_chainId[0m
[32meth_call[0m
  Contract call:       <UnrecognizedContract>
  From:                0xf39fd6e51aad88f6f4ce6ab8827279cfffb92266
  To:                  0x3347b4d90ebe72befb30444c9966b2b990ae9fcb

[32meth_chainId[0m
[32meth_call[0m
  Contract call:       <UnrecognizedContract>
  From:                0xf39fd6e51aad88f6f4ce6ab8827279cfffb92266
  To:                  0x3347b4d90ebe72befb30444c9966b2b990ae9fcb

[32meth_chainId[0m
[32meth_call[0m
  Contract call:       <UnrecognizedContract>
  From:                0xf39fd6e51aad88f6f4ce6ab8827279cfffb92266
  To:                  0x3347b4d90ebe72befb30444c9966b2b990ae9fcb

[32meth_call[0m
  Contract call:       <UnrecognizedContract>
  From:                0xf39fd6e51aad88f6f4ce6ab8827279cfffb92266
  To:                  0x3347b4d90ebe72befb30444c9966b2b990ae9fcb

[32meth_chainId[0m
[32meth_call[0m
  Contract call:       <UnrecognizedContract>
  From:                0xf39fd6e51aad88f6f4ce6ab8827279cfffb92266
  To:                  0x3347b4d90ebe72befb30444c9966b2b990ae9fcb

[32meth_chainId[0m
[32meth_call[0m
  Contract call:       <UnrecognizedContract>
  From:                0xf39fd6e51aad88f6f4ce6ab8827279cfffb92266
  To:                  0x3347b4d90ebe72befb30444c9966b2b990ae9fcb

[32meth_chainId[0m
[32meth_call[0m
  Contract call:       <UnrecognizedContract>
  From:                0xf39fd6e51aad88f6f4ce6ab8827279cfffb92266
  To:                  0x3347b4d90ebe72befb30444c9966b2b990ae9fcb

[32meth_call[0m
  Contract call:       <UnrecognizedContract>
  From:                0xf39fd6e51aad88f6f4ce6ab8827279cfffb92266
  To:                  0x3347b4d90ebe72befb30444c9966b2b990ae9fcb

[32meth_chainId[0m
[32meth_call[0m
  Contract call:       <UnrecognizedContract>
  From:                0xf39fd6e51aad88f6f4ce6ab8827279cfffb92266
  To:                  0x3347b4d90ebe72befb30444c9966b2b990ae9fcb

[32meth_chainId[0m
[32meth_call[0m
  Contract call:       <UnrecognizedContract>
  From:                0xf39fd6e51aad88f6f4ce6ab8827279cfffb92266
  To:                  0x3347b4d90ebe72befb30444c9966b2b990ae9fcb

[32meth_chainId[0m
[32meth_call[0m
  Contract call:       <UnrecognizedContract>
  From:                0xf39fd6e51aad88f6f4ce6ab8827279cfffb92266
  To:                  0x3347b4d90ebe72befb30444c9966b2b990ae9fcb

[32meth_call[0m
  Contract call:       <UnrecognizedContract>
  From:                0xf39fd6e51aad88f6f4ce6ab8827279cfffb92266
  To:                  0x3347b4d90ebe72befb30444c9966b2b990ae9fcb

[32meth_chainId[0m
[32meth_call[0m
  Contract call:       <UnrecognizedContract>
  From:                0xf39fd6e51aad88f6f4ce6ab8827279cfffb92266
  To:                  0x3347b4d90ebe72befb30444c9966b2b990ae9fcb

[32meth_chainId[0m
[32meth_call[0m
  Contract call:       <UnrecognizedContract>
  From:                0xf39fd6e51aad88f6f4ce6ab8827279cfffb92266
  To:                  0x3347b4d90ebe72befb30444c9966b2b990ae9fcb

[32meth_chainId[0m
[32meth_call[0m
  Contract call:       <UnrecognizedContract>
  From:                0xf39fd6e51aad88f6f4ce6ab8827279cfffb92266
  To:                  0x3347b4d90ebe72befb30444c9966b2b990ae9fcb

[32meth_call[0m
  Contract call:       <UnrecognizedContract>
  From:                0xf39fd6e51aad88f6f4ce6ab8827279cfffb92266
  To:                  0x3347b4d90ebe72befb30444c9966b2b990ae9fcb

[32meth_chainId[0m
[32meth_call[0m
  Contract call:       <UnrecognizedContract>
  From:                0xf39fd6e51aad88f6f4ce6ab8827279cfffb92266
  To:                  0x3347b4d90ebe72befb30444c9966b2b990ae9fcb

[32meth_chainId[0m
[32meth_call[0m
  Contract call:       <UnrecognizedContract>
  From:                0xf39fd6e51aad88f6f4ce6ab8827279cfffb92266
  To:                  0x3347b4d90ebe72befb30444c9966b2b990ae9fcb

[32meth_chainId[0m
[32meth_call[0m
  Contract call:       <UnrecognizedContract>
  From:                0xf39fd6e51aad88f6f4ce6ab8827279cfffb92266
  To:                  0x3347b4d90ebe72befb30444c9966b2b990ae9fcb

[32meth_call[0m
  Contract call:       <UnrecognizedContract>
  From:                0xf39fd6e51aad88f6f4ce6ab8827279cfffb92266
  To:                  0x3347b4d90ebe72befb30444c9966b2b990ae9fcb

[32meth_chainId[0m
[32meth_call[0m
  Contract call:       <UnrecognizedContract>
  From:                0xf39fd6e51aad88f6f4ce6ab8827279cfffb92266
  To:                  0x3347b4d90ebe72befb30444c9966b2b990ae9fcb

[32meth_chainId[0m
[32meth_call[0m
  Contract call:       <UnrecognizedContract>
  From:                0xf39fd6e51aad88f6f4ce6ab8827279cfffb92266
  To:                  0x3347b4d90ebe72befb30444c9966b2b990ae9fcb

[32meth_getTransactionCount[0m
[32meth_chainId[0m
[32meth_estimateGas[0m
[32meth_chainId[0m
[32meth_chainId (2)[0m
[32meth_getBlockByNumber[0m
[32meth_gasPrice[0m
[32meth_maxPriorityFeePerGas[0m
[32meth_chainId[0m
[32meth_blockNumber[0m
[32meth_sendRawTransaction[0m
  Contract call:       <UnrecognizedContract>
  Transaction:         0x3cea2586569320f9b68c5d128b1d1de37b686be1d6f3f88759f5ffc97599a72b
  From:                0xf39fd6e51aad88f6f4ce6ab8827279cfffb92266
  To:                  0x3347b4d90ebe72befb30444c9966b2b990ae9fcb
  Value:               0 ETH
  Gas used:            215799 of 215799
  Block #190:          0xc234c6d2c3427434c6005dd653dba66920e3fde3575a2416afeb8dedca8cc0ef

[32meth_chainId[0m
[32meth_chainId (2)[0m
[32meth_getTransactionReceipt[0m
[32meth_chainId[0m
[32meth_call[0m
  Contract call:       <UnrecognizedContract>
  From:                0xf39fd6e51aad88f6f4ce6ab8827279cfffb92266
  To:                  0x3347b4d90ebe72befb30444c9966b2b990ae9fcb

[32meth_call[0m
  Contract call:       <UnrecognizedContract>
  From:                0xf39fd6e51aad88f6f4ce6ab8827279cfffb92266
  To:                  0x3347b4d90ebe72befb30444c9966b2b990ae9fcb

[32meth_call[0m
  Contract call:       <UnrecognizedContract>
  From:                0xf39fd6e51aad88f6f4ce6ab8827279cfffb92266
  To:                  0x3347b4d90ebe72befb30444c9966b2b990ae9fcb

[32meth_chainId[0m
[32meth_call[0m
  Contract call:       <UnrecognizedContract>
  From:                0xf39fd6e51aad88f6f4ce6ab8827279cfffb92266
  To:                  0x3347b4d90ebe72befb30444c9966b2b990ae9fcb

[32meth_getTransactionCount[0m
[32meth_chainId[0m
[32meth_estimateGas[0m
[32meth_chainId[0m
[32meth_chainId (2)[0m
[32meth_getBlockByNumber[0m
[32meth_gasPrice[0m
[32meth_maxPriorityFeePerGas[0m
[32meth_chainId[0m
[32meth_blockNumber[0m
[32meth_sendRawTransaction[0m
  Contract call:       <UnrecognizedContract>
  Transaction:         0x9db3ac5ebe85872d43d6859021e65654348f4d4b1bc4dcb1cc421a478ca27bb9
  From:                0xf39fd6e51aad88f6f4ce6ab8827279cfffb92266
  To:                  0x3347b4d90ebe72befb30444c9966b2b990ae9fcb
  Value:               0 ETH
  Gas used:            201343 of 201343
  Block #191:          0x121b1e302807814adc892ce85c453416dcb28f6311ada7283517fbb99a23827d

[32meth_chainId[0m
[32meth_chainId (2)[0m
[32meth_getTransactionReceipt[0m
[32meth_chainId[0m
[32meth_call[0m
  Contract call:       <UnrecognizedContract>
  From:                0xf39fd6e51aad88f6f4ce6ab8827279cfffb92266
  To:                  0x3347b4d90ebe72befb30444c9966b2b990ae9fcb

[32meth_call[0m
  Contract call:       <UnrecognizedContract>
  From:                0xf39fd6e51aad88f6f4ce6ab8827279cfffb92266
  To:                  0x3347b4d90ebe72befb30444c9966b2b990ae9fcb

[32meth_call[0m
  Contract call:       <UnrecognizedContract>
  From:                0xf39fd6e51aad88f6f4ce6ab8827279cfffb92266
  To:                  0x3347b4d90ebe72befb30444c9966b2b990ae9fcb

[32meth_chainId[0m
[32meth_call[0m
  Contract call:       <UnrecognizedContract>
  From:                0xf39fd6e51aad88f6f4ce6ab8827279cfffb92266
  To:                  0x3347b4d90ebe72befb30444c9966b2b990ae9fcb

[32meth_chainId[0m
[32meth_call[0m
  Contract call:       <UnrecognizedContract>
  From:                0xf39fd6e51aad88f6f4ce6ab8827279cfffb92266
  To:                  0x3347b4d90ebe72befb30444c9966b2b990ae9fcb

[32meth_call[0m
  Contract call:       <UnrecognizedContract>
  From:                0xf39fd6e51aad88f6f4ce6ab8827279cfffb92266
  To:                  0x3347b4d90ebe72befb30444c9966b2b990ae9fcb

[32meth_call[0m
  Contract call:       <UnrecognizedContract>
  From:                0xf39fd6e51aad88f6f4ce6ab8827279cfffb92266
  To:                  0x3347b4d90ebe72befb30444c9966b2b990ae9fcb

[32meth_chainId[0m
[32meth_call[0m
  Contract call:       <UnrecognizedContract>
  From:                0xf39fd6e51aad88f6f4ce6ab8827279cfffb92266
  To:                  0x3347b4d90ebe72befb30444c9966b2b990ae9fcb

[32meth_chainId[0m
[32meth_call[0m
  Contract call:       <UnrecognizedContract>
  From:                0xf39fd6e51aad88f6f4ce6ab8827279cfffb92266
  To:                  0x3347b4d90ebe72befb30444c9966b2b990ae9fcb

[32meth_call[0m
  Contract call:       <UnrecognizedContract>
  From:                0xf39fd6e51aad88f6f4ce6ab8827279cfffb92266
  To:                  0x3347b4d90ebe72befb30444c9966b2b990ae9fcb

[32meth_call[0m
  Contract call:       <UnrecognizedContract>
  From:                0xf39fd6e51aad88f6f4ce6ab8827279cfffb92266
  To:                  0x3347b4d90ebe72befb30444c9966b2b990ae9fcb

[32meth_chainId[0m
[32meth_call[0m
  Contract call:       <UnrecognizedContract>
  From:                0xf39fd6e51aad88f6f4ce6ab8827279cfffb92266
  To:                  0x3347b4d90ebe72befb30444c9966b2b990ae9fcb

[32meth_chainId[0m
[32meth_call[0m
  Contract call:       <UnrecognizedContract>
  From:                0xf39fd6e51aad88f6f4ce6ab8827279cfffb92266
  To:                  0x3347b4d90ebe72befb30444c9966b2b990ae9fcb

[32meth_call[0m
  Contract call:       <UnrecognizedContract>
  From:                0xf39fd6e51aad88f6f4ce6ab8827279cfffb92266
  To:                  0x3347b4d90ebe72befb30444c9966b2b990ae9fcb

[32meth_chainId[0m
[32meth_call[0m
  Contract call:       <UnrecognizedContract>
  From:                0xf39fd6e51aad88f6f4ce6ab8827279cfffb92266
  To:                  0x3347b4d90ebe72befb30444c9966b2b990ae9fcb

[32meth_chainId[0m
[32meth_call[0m
  Contract call:       <UnrecognizedContract>
  From:                0xf39fd6e51aad88f6f4ce6ab8827279cfffb92266
  To:                  0x3347b4d90ebe72befb30444c9966b2b990ae9fcb

[32meth_chainId[0m
[32meth_call[0m
  Contract call:       <UnrecognizedContract>
  From:                0xf39fd6e51aad88f6f4ce6ab8827279cfffb92266
  To:                  0x3347b4d90ebe72befb30444c9966b2b990ae9fcb

[32meth_call[0m
  Contract call:       <UnrecognizedContract>
  From:                0xf39fd6e51aad88f6f4ce6ab8827279cfffb92266
  To:                  0x3347b4d90ebe72befb30444c9966b2b990ae9fcb

[32meth_chainId[0m
[32meth_call[0m
  Contract call:       <UnrecognizedContract>
  From:                0xf39fd6e51aad88f6f4ce6ab8827279cfffb92266
  To:                  0x3347b4d90ebe72befb30444c9966b2b990ae9fcb

[32meth_chainId[0m
[32meth_call[0m
  Contract call:       <UnrecognizedContract>
  From:                0xf39fd6e51aad88f6f4ce6ab8827279cfffb92266
  To:                  0x3347b4d90ebe72befb30444c9966b2b990ae9fcb

[32meth_chainId[0m
[32meth_call[0m
  Contract call:       <UnrecognizedContract>
  From:                0xf39fd6e51aad88f6f4ce6ab8827279cfffb92266
  To:                  0x3347b4d90ebe72befb30444c9966b2b990ae9fcb

[32meth_call[0m
  Contract call:       <UnrecognizedContract>
  From:                0xf39fd6e51aad88f6f4ce6ab8827279cfffb92266
  To:                  0x3347b4d90ebe72befb30444c9966b2b990ae9fcb

[32meth_chainId[0m
[32meth_call[0m
  Contract call:       <UnrecognizedContract>
  From:                0xf39fd6e51aad88f6f4ce6ab8827279cfffb92266
  To:                  0x3347b4d90ebe72befb30444c9966b2b990ae9fcb

[32meth_chainId[0m
[32meth_call[0m
  Contract call:       <UnrecognizedContract>
  From:                0xf39fd6e51aad88f6f4ce6ab8827279cfffb92266
  To:                  0x3347b4d90ebe72befb30444c9966b2b990ae9fcb

[32meth_chainId[0m
[32meth_call[0m
  Contract call:       <UnrecognizedContract>
  From:                0xf39fd6e51aad88f6f4ce6ab8827279cfffb92266
  To:                  0x3347b4d90ebe72befb30444c9966b2b990ae9fcb

[32meth_call[0m
  Contract call:       <UnrecognizedContract>
  From:                0xf39fd6e51aad88f6f4ce6ab8827279cfffb92266
  To:                  0x3347b4d90ebe72befb30444c9966b2b990ae9fcb

[32meth_chainId[0m
[32meth_call[0m
  Contract call:       <UnrecognizedContract>
  From:                0xf39fd6e51aad88f6f4ce6ab8827279cfffb92266
  To:                  0x3347b4d90ebe72befb30444c9966b2b990ae9fcb

[32meth_chainId[0m
[32meth_call[0m
  Contract call:       <UnrecognizedContract>
  From:                0xf39fd6e51aad88f6f4ce6ab8827279cfffb92266
  To:                  0x3347b4d90ebe72befb30444c9966b2b990ae9fcb

[32meth_chainId[0m
[32meth_call[0m
  Contract call:       <UnrecognizedContract>
  From:                0xf39fd6e51aad88f6f4ce6ab8827279cfffb92266
  To:                  0x3347b4d90ebe72befb30444c9966b2b990ae9fcb

[32meth_call[0m
  Contract call:       <UnrecognizedContract>
  From:                0xf39fd6e51aad88f6f4ce6ab8827279cfffb92266
  To:                  0x3347b4d90ebe72befb30444c9966b2b990ae9fcb

[32meth_chainId[0m
[32meth_call[0m
  Contract call:       <UnrecognizedContract>
  From:                0xf39fd6e51aad88f6f4ce6ab8827279cfffb92266
  To:                  0x3347b4d90ebe72befb30444c9966b2b990ae9fcb

[32meth_chainId[0m
[32meth_call[0m
  Contract call:       <UnrecognizedContract>
  From:                0xf39fd6e51aad88f6f4ce6ab8827279cfffb92266
  To:                  0x3347b4d90ebe72befb30444c9966b2b990ae9fcb

[32meth_chainId[0m
[32meth_call[0m
  Contract call:       <UnrecognizedContract>
  From:                0xf39fd6e51aad88f6f4ce6ab8827279cfffb92266
  To:                  0x3347b4d90ebe72befb30444c9966b2b990ae9fcb

[32meth_call[0m
  Contract call:       <UnrecognizedContract>
  From:                0xf39fd6e51aad88f6f4ce6ab8827279cfffb92266
  To:                  0x3347b4d90ebe72befb30444c9966b2b990ae9fcb

[32meth_chainId[0m
[32meth_call[0m
  Contract call:       <UnrecognizedContract>
  From:                0xf39fd6e51aad88f6f4ce6ab8827279cfffb92266
  To:                  0x3347b4d90ebe72befb30444c9966b2b990ae9fcb

[32meth_chainId[0m
[32meth_call[0m
  Contract call:       <UnrecognizedContract>
  From:                0xf39fd6e51aad88f6f4ce6ab8827279cfffb92266
  To:                  0x3347b4d90ebe72befb30444c9966b2b990ae9fcb

[32meth_chainId[0m
[32meth_call[0m
  Contract call:       <UnrecognizedContract>
  From:                0xf39fd6e51aad88f6f4ce6ab8827279cfffb92266
  To:                  0x3347b4d90ebe72befb30444c9966b2b990ae9fcb

[32meth_call[0m
  Contract call:       <UnrecognizedContract>
  From:                0xf39fd6e51aad88f6f4ce6ab8827279cfffb92266
  To:                  0x3347b4d90ebe72befb30444c9966b2b990ae9fcb

[32meth_chainId[0m
[32meth_call[0m
  Contract call:       <UnrecognizedContract>
  From:                0xf39fd6e51aad88f6f4ce6ab8827279cfffb92266
  To:                  0x3347b4d90ebe72befb30444c9966b2b990ae9fcb

[32meth_chainId[0m
[32meth_call[0m
  Contract call:       <UnrecognizedContract>
  From:                0xf39fd6e51aad88f6f4ce6ab8827279cfffb92266
  To:                  0x3347b4d90ebe72befb30444c9966b2b990ae9fcb

[32meth_chainId[0m
[32meth_call[0m
  Contract call:       <UnrecognizedContract>
  From:                0xf39fd6e51aad88f6f4ce6ab8827279cfffb92266
  To:                  0x3347b4d90ebe72befb30444c9966b2b990ae9fcb

[32meth_call[0m
  Contract call:       <UnrecognizedContract>
  From:                0xf39fd6e51aad88f6f4ce6ab8827279cfffb92266
  To:                  0x3347b4d90ebe72befb30444c9966b2b990ae9fcb

[32meth_chainId[0m
[32meth_call[0m
  Contract call:       <UnrecognizedContract>
  From:                0xf39fd6e51aad88f6f4ce6ab8827279cfffb92266
  To:                  0x3347b4d90ebe72befb30444c9966b2b990ae9fcb

[32meth_chainId[0m
[32meth_call[0m
  Contract call:       <UnrecognizedContract>
  From:                0xf39fd6e51aad88f6f4ce6ab8827279cfffb92266
  To:                  0x3347b4d90ebe72befb30444c9966b2b990ae9fcb

[32meth_chainId[0m
[32meth_call[0m
  Contract call:       <UnrecognizedContract>
  From:                0xf39fd6e51aad88f6f4ce6ab8827279cfffb92266
  To:                  0x3347b4d90ebe72befb30444c9966b2b990ae9fcb

[32meth_call[0m
  Contract call:       <UnrecognizedContract>
  From:                0xf39fd6e51aad88f6f4ce6ab8827279cfffb92266
  To:                  0x3347b4d90ebe72befb30444c9966b2b990ae9fcb

[32meth_chainId[0m
[32meth_call[0m
  Contract call:       <UnrecognizedContract>
  From:                0xf39fd6e51aad88f6f4ce6ab8827279cfffb92266
  To:                  0x3347b4d90ebe72befb30444c9966b2b990ae9fcb

[32meth_chainId[0m
[32meth_call[0m
  Contract call:       <UnrecognizedContract>
  From:                0xf39fd6e51aad88f6f4ce6ab8827279cfffb92266
  To:                  0x3347b4d90ebe72befb30444c9966b2b990ae9fcb

[32meth_chainId[0m
[32meth_call[0m
  Contract call:       <UnrecognizedContract>
  From:                0xf39fd6e51aad88f6f4ce6ab8827279cfffb92266
  To:                  0x3347b4d90ebe72befb30444c9966b2b990ae9fcb

[32meth_call[0m
  Contract call:       <UnrecognizedContract>
  From:                0xf39fd6e51aad88f6f4ce6ab8827279cfffb92266
  To:                  0x3347b4d90ebe72befb30444c9966b2b990ae9fcb

[32meth_chainId[0m
[32meth_call[0m
  Contract call:       <UnrecognizedContract>
  From:                0xf39fd6e51aad88f6f4ce6ab8827279cfffb92266
  To:                  0x3347b4d90ebe72befb30444c9966b2b990ae9fcb

[32meth_chainId[0m
[32meth_call[0m
  Contract call:       <UnrecognizedContract>
  From:                0xf39fd6e51aad88f6f4ce6ab8827279cfffb92266
  To:                  0x3347b4d90ebe72befb30444c9966b2b990ae9fcb

[32meth_chainId[0m
[32meth_call[0m
  Contract call:       <UnrecognizedContract>
  From:                0xf39fd6e51aad88f6f4ce6ab8827279cfffb92266
  To:                  0x3347b4d90ebe72befb30444c9966b2b990ae9fcb

[32meth_call[0m
  Contract call:       <UnrecognizedContract>
  From:                0xf39fd6e51aad88f6f4ce6ab8827279cfffb92266
  To:                  0x3347b4d90ebe72befb30444c9966b2b990ae9fcb

[32meth_chainId[0m
[32meth_call[0m
  Contract call:       <UnrecognizedContract>
  From:                0xf39fd6e51aad88f6f4ce6ab8827279cfffb92266
  To:                  0x3347b4d90ebe72befb30444c9966b2b990ae9fcb

[32meth_chainId[0m
[32meth_call[0m
  Contract call:       <UnrecognizedContract>
  From:                0xf39fd6e51aad88f6f4ce6ab8827279cfffb92266
  To:                  0x3347b4d90ebe72befb30444c9966b2b990ae9fcb

[32meth_getTransactionCount[0m
[32meth_chainId[0m
[32meth_estimateGas[0m
[32meth_chainId[0m
[32meth_chainId (2)[0m
[32meth_getBlockByNumber[0m
[32meth_gasPrice[0m
[32meth_maxPriorityFeePerGas[0m
[32meth_chainId[0m
[32meth_blockNumber[0m
[32meth_sendRawTransaction[0m
  Contract call:       <UnrecognizedContract>
  Transaction:         0x281404ea4217f2450343af01121b67d149d0a9fc54b3e15471bca6b5d658f757
  From:                0xf39fd6e51aad88f6f4ce6ab8827279cfffb92266
  To:                  0x3347b4d90ebe72befb30444c9966b2b990ae9fcb
  Value:               0 ETH
  Gas used:            215811 of 215811
  Block #192:          0x694cec9d7a917369732f53e73d17e15ed19de211887add683b8eb73ccd7d7315

[32meth_chainId[0m
[32meth_chainId (2)[0m
[32meth_getTransactionReceipt[0m
[32meth_chainId[0m
[32meth_call[0m
  Contract call:       <UnrecognizedContract>
  From:                0xf39fd6e51aad88f6f4ce6ab8827279cfffb92266
  To:                  0x3347b4d90ebe72befb30444c9966b2b990ae9fcb

[32meth_call[0m
  Contract call:       <UnrecognizedContract>
  From:                0xf39fd6e51aad88f6f4ce6ab8827279cfffb92266
  To:                  0x3347b4d90ebe72befb30444c9966b2b990ae9fcb

[32meth_chainId[0m
[32meth_call[0m
  Contract call:       <UnrecognizedContract>
  From:                0xf39fd6e51aad88f6f4ce6ab8827279cfffb92266
  To:                  0x3347b4d90ebe72befb30444c9966b2b990ae9fcb

[32meth_chainId[0m
[32meth_call[0m
  Contract call:       <UnrecognizedContract>
  From:                0xf39fd6e51aad88f6f4ce6ab8827279cfffb92266
  To:                  0x3347b4d90ebe72befb30444c9966b2b990ae9fcb

[32meth_chainId[0m
[32meth_call[0m
  Contract call:       <UnrecognizedContract>
  From:                0xf39fd6e51aad88f6f4ce6ab8827279cfffb92266
  To:                  0x3347b4d90ebe72befb30444c9966b2b990ae9fcb

[32meth_call[0m
  Contract call:       <UnrecognizedContract>
  From:                0xf39fd6e51aad88f6f4ce6ab8827279cfffb92266
  To:                  0x3347b4d90ebe72befb30444c9966b2b990ae9fcb

[32meth_chainId[0m
[32meth_call[0m
  Contract call:       <UnrecognizedContract>
  From:                0xf39fd6e51aad88f6f4ce6ab8827279cfffb92266
  To:                  0x3347b4d90ebe72befb30444c9966b2b990ae9fcb

[32meth_chainId[0m
[32meth_call[0m
  Contract call:       <UnrecognizedContract>
  From:                0xf39fd6e51aad88f6f4ce6ab8827279cfffb92266
  To:                  0x3347b4d90ebe72befb30444c9966b2b990ae9fcb

[32meth_getTransactionCount[0m
[32meth_chainId[0m
[32meth_estimateGas[0m
[32meth_chainId[0m
[32meth_chainId (2)[0m
[32meth_getBlockByNumber[0m
[32meth_gasPrice[0m
[32meth_maxPriorityFeePerGas[0m
[32meth_chainId[0m
[32meth_blockNumber[0m
[32meth_sendRawTransaction[0m
  Contract call:       <UnrecognizedContract>
  Transaction:         0xa1b958d260a1de4c2895815ef511a50a5901d1c811d398fa11dbb5b8a4a4bfae
  From:                0xf39fd6e51aad88f6f4ce6ab8827279cfffb92266
  To:                  0x3347b4d90ebe72befb30444c9966b2b990ae9fcb
  Value:               0 ETH
  Gas used:            224052 of 224052
  Block #193:          0xc19cbb0cc93abaada63f9ef2a4f7dc692c6362e7ea93185340fca068ed4267fd

[32meth_chainId[0m
[32meth_chainId (2)[0m
[32meth_getTransactionReceipt[0m
[32meth_chainId[0m
[32meth_call[0m
  Contract call:       <UnrecognizedContract>
  From:                0xf39fd6e51aad88f6f4ce6ab8827279cfffb92266
  To:                  0x3347b4d90ebe72befb30444c9966b2b990ae9fcb

[32meth_call[0m
  Contract call:       <UnrecognizedContract>
  From:                0xf39fd6e51aad88f6f4ce6ab8827279cfffb92266
  To:                  0x3347b4d90ebe72befb30444c9966b2b990ae9fcb

[32meth_chainId[0m
[32meth_call[0m
  Contract call:       <UnrecognizedContract>
  From:                0xf39fd6e51aad88f6f4ce6ab8827279cfffb92266
  To:                  0x3347b4d90ebe72befb30444c9966b2b990ae9fcb

[32meth_chainId[0m
[32meth_call[0m
  Contract call:       <UnrecognizedContract>
  From:                0xf39fd6e51aad88f6f4ce6ab8827279cfffb92266
  To:                  0x3347b4d90ebe72befb30444c9966b2b990ae9fcb

[32meth_chainId[0m
[32meth_call[0m
  Contract call:       <UnrecognizedContract>
  From:                0xf39fd6e51aad88f6f4ce6ab8827279cfffb92266
  To:                  0x3347b4d90ebe72befb30444c9966b2b990ae9fcb

[32meth_call[0m
  Contract call:       <UnrecognizedContract>
  From:                0xf39fd6e51aad88f6f4ce6ab8827279cfffb92266
  To:                  0x3347b4d90ebe72befb30444c9966b2b990ae9fcb

[32meth_chainId[0m
[32meth_call[0m
  Contract call:       <UnrecognizedContract>
  From:                0xf39fd6e51aad88f6f4ce6ab8827279cfffb92266
  To:                  0x3347b4d90ebe72befb30444c9966b2b990ae9fcb

[32meth_chainId[0m
[32meth_call[0m
  Contract call:       <UnrecognizedContract>
  From:                0xf39fd6e51aad88f6f4ce6ab8827279cfffb92266
  To:                  0x3347b4d90ebe72befb30444c9966b2b990ae9fcb

[32meth_chainId[0m
[32meth_call[0m
  Contract call:       <UnrecognizedContract>
  From:                0xf39fd6e51aad88f6f4ce6ab8827279cfffb92266
  To:                  0x3347b4d90ebe72befb30444c9966b2b990ae9fcb

[32meth_chainId[0m
[32meth_call[0m
  Contract call:       <UnrecognizedContract>
  From:                0xf39fd6e51aad88f6f4ce6ab8827279cfffb92266
  To:                  0x3347b4d90ebe72befb30444c9966b2b990ae9fcb

[32meth_chainId[0m
[32meth_call[0m
  Contract call:       <UnrecognizedContract>
  From:                0xf39fd6e51aad88f6f4ce6ab8827279cfffb92266
  To:                  0x3347b4d90ebe72befb30444c9966b2b990ae9fcb

[32meth_chainId[0m
[32meth_call[0m
  Contract call:       <UnrecognizedContract>
  From:                0xf39fd6e51aad88f6f4ce6ab8827279cfffb92266
  To:                  0x3347b4d90ebe72befb30444c9966b2b990ae9fcb

[32meth_chainId[0m
[32meth_call[0m
  Contract call:       <UnrecognizedContract>
  From:                0xf39fd6e51aad88f6f4ce6ab8827279cfffb92266
  To:                  0x3347b4d90ebe72befb30444c9966b2b990ae9fcb

[32meth_chainId[0m
[32meth_call[0m
  Contract call:       <UnrecognizedContract>
  From:                0xf39fd6e51aad88f6f4ce6ab8827279cfffb92266
  To:                  0x3347b4d90ebe72befb30444c9966b2b990ae9fcb

[32meth_chainId[0m
[32meth_call[0m
  Contract call:       <UnrecognizedContract>
  From:                0xf39fd6e51aad88f6f4ce6ab8827279cfffb92266
  To:                  0x3347b4d90ebe72befb30444c9966b2b990ae9fcb

[32meth_chainId[0m
[32meth_call[0m
  Contract call:       <UnrecognizedContract>
  From:                0xf39fd6e51aad88f6f4ce6ab8827279cfffb92266
  To:                  0x3347b4d90ebe72befb30444c9966b2b990ae9fcb

[32meth_chainId[0m
[32meth_call[0m
  Contract call:       <UnrecognizedContract>
  From:                0xf39fd6e51aad88f6f4ce6ab8827279cfffb92266
  To:                  0x3347b4d90ebe72befb30444c9966b2b990ae9fcb

[32meth_call[0m
  Contract call:       <UnrecognizedContract>
  From:                0xf39fd6e51aad88f6f4ce6ab8827279cfffb92266
  To:                  0x3347b4d90ebe72befb30444c9966b2b990ae9fcb

[32meth_chainId[0m
[32meth_call[0m
  Contract call:       <UnrecognizedContract>
  From:                0xf39fd6e51aad88f6f4ce6ab8827279cfffb92266
  To:                  0x3347b4d90ebe72befb30444c9966b2b990ae9fcb

[32meth_chainId[0m
[32meth_call[0m
  Contract call:       <UnrecognizedContract>
  From:                0xf39fd6e51aad88f6f4ce6ab8827279cfffb92266
  To:                  0x3347b4d90ebe72befb30444c9966b2b990ae9fcb

[32meth_chainId[0m
[32meth_call[0m
  Contract call:       <UnrecognizedContract>
  From:                0xf39fd6e51aad88f6f4ce6ab8827279cfffb92266
  To:                  0x3347b4d90ebe72befb30444c9966b2b990ae9fcb

[32meth_call[0m
  Contract call:       <UnrecognizedContract>
  From:                0xf39fd6e51aad88f6f4ce6ab8827279cfffb92266
  To:                  0x3347b4d90ebe72befb30444c9966b2b990ae9fcb

[32meth_chainId[0m
[32meth_call[0m
  Contract call:       <UnrecognizedContract>
  From:                0xf39fd6e51aad88f6f4ce6ab8827279cfffb92266
  To:                  0x3347b4d90ebe72befb30444c9966b2b990ae9fcb

[32meth_chainId[0m
[32meth_call[0m
  Contract call:       <UnrecognizedContract>
  From:                0xf39fd6e51aad88f6f4ce6ab8827279cfffb92266
  To:                  0x3347b4d90ebe72befb30444c9966b2b990ae9fcb

[32meth_chainId[0m
[32meth_call[0m
  Contract call:       <UnrecognizedContract>
  From:                0xf39fd6e51aad88f6f4ce6ab8827279cfffb92266
  To:                  0x3347b4d90ebe72befb30444c9966b2b990ae9fcb

[32meth_call[0m
  Contract call:       <UnrecognizedContract>
  From:                0xf39fd6e51aad88f6f4ce6ab8827279cfffb92266
  To:                  0x3347b4d90ebe72befb30444c9966b2b990ae9fcb

[32meth_chainId[0m
[32meth_call[0m
  Contract call:       <UnrecognizedContract>
  From:                0xf39fd6e51aad88f6f4ce6ab8827279cfffb92266
  To:                  0x3347b4d90ebe72befb30444c9966b2b990ae9fcb

[32meth_chainId[0m
[32meth_call[0m
  Contract call:       <UnrecognizedContract>
  From:                0xf39fd6e51aad88f6f4ce6ab8827279cfffb92266
  To:                  0x3347b4d90ebe72befb30444c9966b2b990ae9fcb

[32meth_chainId[0m
[32meth_call[0m
  Contract call:       <UnrecognizedContract>
  From:                0xf39fd6e51aad88f6f4ce6ab8827279cfffb92266
  To:                  0x3347b4d90ebe72befb30444c9966b2b990ae9fcb

[32meth_call[0m
  Contract call:       <UnrecognizedContract>
  From:                0xf39fd6e51aad88f6f4ce6ab8827279cfffb92266
  To:                  0x3347b4d90ebe72befb30444c9966b2b990ae9fcb

[32meth_chainId[0m
[32meth_call[0m
  Contract call:       <UnrecognizedContract>
  From:                0xf39fd6e51aad88f6f4ce6ab8827279cfffb92266
  To:                  0x3347b4d90ebe72befb30444c9966b2b990ae9fcb

[32meth_chainId[0m
[32meth_call[0m
  Contract call:       <UnrecognizedContract>
  From:                0xf39fd6e51aad88f6f4ce6ab8827279cfffb92266
  To:                  0x3347b4d90ebe72befb30444c9966b2b990ae9fcb

[32meth_chainId[0m
[32meth_call[0m
  Contract call:       <UnrecognizedContract>
  From:                0xf39fd6e51aad88f6f4ce6ab8827279cfffb92266
  To:                  0x3347b4d90ebe72befb30444c9966b2b990ae9fcb

[32meth_call[0m
  Contract call:       <UnrecognizedContract>
  From:                0xf39fd6e51aad88f6f4ce6ab8827279cfffb92266
  To:                  0x3347b4d90ebe72befb30444c9966b2b990ae9fcb

[32meth_chainId[0m
[32meth_call[0m
  Contract call:       <UnrecognizedContract>
  From:                0xf39fd6e51aad88f6f4ce6ab8827279cfffb92266
  To:                  0x3347b4d90ebe72befb30444c9966b2b990ae9fcb

[32meth_chainId[0m
[32meth_call[0m
  Contract call:       <UnrecognizedContract>
  From:                0xf39fd6e51aad88f6f4ce6ab8827279cfffb92266
  To:                  0x3347b4d90ebe72befb30444c9966b2b990ae9fcb

[32meth_chainId[0m
[32meth_call[0m
  Contract call:       <UnrecognizedContract>
  From:                0xf39fd6e51aad88f6f4ce6ab8827279cfffb92266
  To:                  0x3347b4d90ebe72befb30444c9966b2b990ae9fcb

[32meth_call[0m
  Contract call:       <UnrecognizedContract>
  From:                0xf39fd6e51aad88f6f4ce6ab8827279cfffb92266
  To:                  0x3347b4d90ebe72befb30444c9966b2b990ae9fcb

[32meth_chainId[0m
[32meth_call[0m
  Contract call:       <UnrecognizedContract>
  From:                0xf39fd6e51aad88f6f4ce6ab8827279cfffb92266
  To:                  0x3347b4d90ebe72befb30444c9966b2b990ae9fcb

[32meth_chainId[0m
[32meth_call[0m
  Contract call:       <UnrecognizedContract>
  From:                0xf39fd6e51aad88f6f4ce6ab8827279cfffb92266
  To:                  0x3347b4d90ebe72befb30444c9966b2b990ae9fcb

[32meth_chainId[0m
[32meth_call[0m
  Contract call:       <UnrecognizedContract>
  From:                0xf39fd6e51aad88f6f4ce6ab8827279cfffb92266
  To:                  0x3347b4d90ebe72befb30444c9966b2b990ae9fcb

[32meth_call[0m
  Contract call:       <UnrecognizedContract>
  From:                0xf39fd6e51aad88f6f4ce6ab8827279cfffb92266
  To:                  0x3347b4d90ebe72befb30444c9966b2b990ae9fcb

[32meth_chainId[0m
[32meth_call[0m
  Contract call:       <UnrecognizedContract>
  From:                0xf39fd6e51aad88f6f4ce6ab8827279cfffb92266
  To:                  0x3347b4d90ebe72befb30444c9966b2b990ae9fcb

[32meth_chainId[0m
[32meth_call[0m
  Contract call:       <UnrecognizedContract>
  From:                0xf39fd6e51aad88f6f4ce6ab8827279cfffb92266
  To:                  0x3347b4d90ebe72befb30444c9966b2b990ae9fcb

[32meth_chainId[0m
[32meth_call[0m
  Contract call:       <UnrecognizedContract>
  From:                0xf39fd6e51aad88f6f4ce6ab8827279cfffb92266
  To:                  0x3347b4d90ebe72befb30444c9966b2b990ae9fcb

[32meth_call[0m
  Contract call:       <UnrecognizedContract>
  From:                0xf39fd6e51aad88f6f4ce6ab8827279cfffb92266
  To:                  0x3347b4d90ebe72befb30444c9966b2b990ae9fcb

[32meth_chainId[0m
[32meth_call[0m
  Contract call:       <UnrecognizedContract>
  From:                0xf39fd6e51aad88f6f4ce6ab8827279cfffb92266
  To:                  0x3347b4d90ebe72befb30444c9966b2b990ae9fcb

[32meth_chainId[0m
[32meth_call[0m
  Contract call:       <UnrecognizedContract>
  From:                0xf39fd6e51aad88f6f4ce6ab8827279cfffb92266
  To:                  0x3347b4d90ebe72befb30444c9966b2b990ae9fcb

[32meth_chainId[0m
[32meth_call[0m
  Contract call:       <UnrecognizedContract>
  From:                0xf39fd6e51aad88f6f4ce6ab8827279cfffb92266
  To:                  0x3347b4d90ebe72befb30444c9966b2b990ae9fcb

[32meth_call[0m
  Contract call:       <UnrecognizedContract>
  From:                0xf39fd6e51aad88f6f4ce6ab8827279cfffb92266
  To:                  0x3347b4d90ebe72befb30444c9966b2b990ae9fcb

[32meth_chainId[0m
[32meth_call[0m
  Contract call:       <UnrecognizedContract>
  From:                0xf39fd6e51aad88f6f4ce6ab8827279cfffb92266
  To:                  0x3347b4d90ebe72befb30444c9966b2b990ae9fcb

[32meth_chainId[0m
[32meth_call[0m
  Contract call:       <UnrecognizedContract>
  From:                0xf39fd6e51aad88f6f4ce6ab8827279cfffb92266
  To:                  0x3347b4d90ebe72befb30444c9966b2b990ae9fcb

[32meth_chainId[0m
[32meth_call[0m
  Contract call:       <UnrecognizedContract>
  From:                0xf39fd6e51aad88f6f4ce6ab8827279cfffb92266
  To:                  0x3347b4d90ebe72befb30444c9966b2b990ae9fcb

[32meth_call[0m
  Contract call:       <UnrecognizedContract>
  From:                0xf39fd6e51aad88f6f4ce6ab8827279cfffb92266
  To:                  0x3347b4d90ebe72befb30444c9966b2b990ae9fcb

[32meth_chainId[0m
[32meth_call[0m
  Contract call:       <UnrecognizedContract>
  From:                0xf39fd6e51aad88f6f4ce6ab8827279cfffb92266
  To:                  0x3347b4d90ebe72befb30444c9966b2b990ae9fcb

[32meth_chainId[0m
[32meth_call[0m
  Contract call:       <UnrecognizedContract>
  From:                0xf39fd6e51aad88f6f4ce6ab8827279cfffb92266
  To:                  0x3347b4d90ebe72befb30444c9966b2b990ae9fcb

[32meth_chainId[0m
[32meth_call[0m
  Contract call:       <UnrecognizedContract>
  From:                0xf39fd6e51aad88f6f4ce6ab8827279cfffb92266
  To:                  0x3347b4d90ebe72befb30444c9966b2b990ae9fcb

[32meth_call[0m
  Contract call:       <UnrecognizedContract>
  From:                0xf39fd6e51aad88f6f4ce6ab8827279cfffb92266
  To:                  0x3347b4d90ebe72befb30444c9966b2b990ae9fcb

[32meth_chainId[0m
[32meth_call[0m
  Contract call:       <UnrecognizedContract>
  From:                0xf39fd6e51aad88f6f4ce6ab8827279cfffb92266
  To:                  0x3347b4d90ebe72befb30444c9966b2b990ae9fcb

[32meth_chainId[0m
[32meth_call[0m
  Contract call:       <UnrecognizedContract>
  From:                0xf39fd6e51aad88f6f4ce6ab8827279cfffb92266
  To:                  0x3347b4d90ebe72befb30444c9966b2b990ae9fcb

[32meth_chainId[0m
[32meth_call[0m
  Contract call:       <UnrecognizedContract>
  From:                0xf39fd6e51aad88f6f4ce6ab8827279cfffb92266
  To:                  0x3347b4d90ebe72befb30444c9966b2b990ae9fcb

[32meth_call[0m
  Contract call:       <UnrecognizedContract>
  From:                0xf39fd6e51aad88f6f4ce6ab8827279cfffb92266
  To:                  0x3347b4d90ebe72befb30444c9966b2b990ae9fcb

[32meth_chainId[0m
[32meth_call[0m
  Contract call:       <UnrecognizedContract>
  From:                0xf39fd6e51aad88f6f4ce6ab8827279cfffb92266
  To:                  0x3347b4d90ebe72befb30444c9966b2b990ae9fcb

[32meth_chainId[0m
[32meth_call[0m
  Contract call:       <UnrecognizedContract>
  From:                0xf39fd6e51aad88f6f4ce6ab8827279cfffb92266
  To:                  0x3347b4d90ebe72befb30444c9966b2b990ae9fcb

[32meth_chainId[0m
[32meth_call[0m
  Contract call:       <UnrecognizedContract>
  From:                0xf39fd6e51aad88f6f4ce6ab8827279cfffb92266
  To:                  0x3347b4d90ebe72befb30444c9966b2b990ae9fcb

[32meth_call[0m
  Contract call:       <UnrecognizedContract>
  From:                0xf39fd6e51aad88f6f4ce6ab8827279cfffb92266
  To:                  0x3347b4d90ebe72befb30444c9966b2b990ae9fcb

[32meth_chainId[0m
[32meth_call[0m
  Contract call:       <UnrecognizedContract>
  From:                0xf39fd6e51aad88f6f4ce6ab8827279cfffb92266
  To:                  0x3347b4d90ebe72befb30444c9966b2b990ae9fcb

[32meth_chainId[0m
[32meth_call[0m
  Contract call:       <UnrecognizedContract>
  From:                0xf39fd6e51aad88f6f4ce6ab8827279cfffb92266
  To:                  0x3347b4d90ebe72befb30444c9966b2b990ae9fcb

[32meth_chainId[0m
[32meth_call[0m
  Contract call:       <UnrecognizedContract>
  From:                0xf39fd6e51aad88f6f4ce6ab8827279cfffb92266
  To:                  0x3347b4d90ebe72befb30444c9966b2b990ae9fcb

[32meth_call[0m
  Contract call:       <UnrecognizedContract>
  From:                0xf39fd6e51aad88f6f4ce6ab8827279cfffb92266
  To:                  0x3347b4d90ebe72befb30444c9966b2b990ae9fcb

[32meth_chainId[0m
[32meth_call[0m
  Contract call:       <UnrecognizedContract>
  From:                0xf39fd6e51aad88f6f4ce6ab8827279cfffb92266
  To:                  0x3347b4d90ebe72befb30444c9966b2b990ae9fcb

[32meth_chainId[0m
[32meth_call[0m
  Contract call:       <UnrecognizedContract>
  From:                0xf39fd6e51aad88f6f4ce6ab8827279cfffb92266
  To:                  0x3347b4d90ebe72befb30444c9966b2b990ae9fcb

[32meth_chainId[0m
[32meth_call[0m
  Contract call:       <UnrecognizedContract>
  From:                0xf39fd6e51aad88f6f4ce6ab8827279cfffb92266
  To:                  0x3347b4d90ebe72befb30444c9966b2b990ae9fcb

[32meth_call[0m
  Contract call:       <UnrecognizedContract>
  From:                0xf39fd6e51aad88f6f4ce6ab8827279cfffb92266
  To:                  0x3347b4d90ebe72befb30444c9966b2b990ae9fcb

[32meth_chainId[0m
[32meth_call[0m
  Contract call:       <UnrecognizedContract>
  From:                0xf39fd6e51aad88f6f4ce6ab8827279cfffb92266
  To:                  0x3347b4d90ebe72befb30444c9966b2b990ae9fcb

[32meth_chainId[0m
[32meth_call[0m
  Contract call:       <UnrecognizedContract>
  From:                0xf39fd6e51aad88f6f4ce6ab8827279cfffb92266
  To:                  0x3347b4d90ebe72befb30444c9966b2b990ae9fcb

[32meth_chainId[0m
[32meth_call[0m
  Contract call:       <UnrecognizedContract>
  From:                0xf39fd6e51aad88f6f4ce6ab8827279cfffb92266
  To:                  0x3347b4d90ebe72befb30444c9966b2b990ae9fcb

[32meth_call[0m
  Contract call:       <UnrecognizedContract>
  From:                0xf39fd6e51aad88f6f4ce6ab8827279cfffb92266
  To:                  0x3347b4d90ebe72befb30444c9966b2b990ae9fcb

[32meth_chainId[0m
[32meth_call[0m
  Contract call:       <UnrecognizedContract>
  From:                0xf39fd6e51aad88f6f4ce6ab8827279cfffb92266
  To:                  0x3347b4d90ebe72befb30444c9966b2b990ae9fcb

[32meth_chainId[0m
[32meth_call[0m
  Contract call:       <UnrecognizedContract>
  From:                0xf39fd6e51aad88f6f4ce6ab8827279cfffb92266
  To:                  0x3347b4d90ebe72befb30444c9966b2b990ae9fcb

[32meth_chainId[0m
[32meth_call[0m
  Contract call:       <UnrecognizedContract>
  From:                0xf39fd6e51aad88f6f4ce6ab8827279cfffb92266
  To:                  0x3347b4d90ebe72befb30444c9966b2b990ae9fcb

[32meth_call[0m
  Contract call:       <UnrecognizedContract>
  From:                0xf39fd6e51aad88f6f4ce6ab8827279cfffb92266
  To:                  0x3347b4d90ebe72befb30444c9966b2b990ae9fcb

[32meth_chainId[0m
[32meth_call[0m
  Contract call:       <UnrecognizedContract>
  From:                0xf39fd6e51aad88f6f4ce6ab8827279cfffb92266
  To:                  0x3347b4d90ebe72befb30444c9966b2b990ae9fcb

[32meth_chainId[0m
[32meth_call[0m
  Contract call:       <UnrecognizedContract>
  From:                0xf39fd6e51aad88f6f4ce6ab8827279cfffb92266
  To:                  0x3347b4d90ebe72befb30444c9966b2b990ae9fcb

[32meth_chainId[0m
[32meth_call[0m
  Contract call:       <UnrecognizedContract>
  From:                0xf39fd6e51aad88f6f4ce6ab8827279cfffb92266
  To:                  0x3347b4d90ebe72befb30444c9966b2b990ae9fcb

[32meth_call[0m
  Contract call:       <UnrecognizedContract>
  From:                0xf39fd6e51aad88f6f4ce6ab8827279cfffb92266
  To:                  0x3347b4d90ebe72befb30444c9966b2b990ae9fcb

[32meth_chainId[0m
[32meth_call[0m
  Contract call:       <UnrecognizedContract>
  From:                0xf39fd6e51aad88f6f4ce6ab8827279cfffb92266
  To:                  0x3347b4d90ebe72befb30444c9966b2b990ae9fcb

[32meth_chainId[0m
[32meth_call[0m
  Contract call:       <UnrecognizedContract>
  From:                0xf39fd6e51aad88f6f4ce6ab8827279cfffb92266
  To:                  0x3347b4d90ebe72befb30444c9966b2b990ae9fcb

[32meth_chainId[0m
[32meth_call[0m
  Contract call:       <UnrecognizedContract>
  From:                0xf39fd6e51aad88f6f4ce6ab8827279cfffb92266
  To:                  0x3347b4d90ebe72befb30444c9966b2b990ae9fcb

[32meth_call[0m
  Contract call:       <UnrecognizedContract>
  From:                0xf39fd6e51aad88f6f4ce6ab8827279cfffb92266
  To:                  0x3347b4d90ebe72befb30444c9966b2b990ae9fcb

[32meth_chainId[0m
[32meth_call[0m
  Contract call:       <UnrecognizedContract>
  From:                0xf39fd6e51aad88f6f4ce6ab8827279cfffb92266
  To:                  0x3347b4d90ebe72befb30444c9966b2b990ae9fcb

[32meth_chainId[0m
[32meth_call[0m
  Contract call:       <UnrecognizedContract>
  From:                0xf39fd6e51aad88f6f4ce6ab8827279cfffb92266
  To:                  0x3347b4d90ebe72befb30444c9966b2b990ae9fcb

[32meth_chainId[0m
[32meth_call[0m
  Contract call:       <UnrecognizedContract>
  From:                0xf39fd6e51aad88f6f4ce6ab8827279cfffb92266
  To:                  0x3347b4d90ebe72befb30444c9966b2b990ae9fcb

[32meth_call[0m
  Contract call:       <UnrecognizedContract>
  From:                0xf39fd6e51aad88f6f4ce6ab8827279cfffb92266
  To:                  0x3347b4d90ebe72befb30444c9966b2b990ae9fcb

[32meth_chainId[0m
[32meth_call[0m
  Contract call:       <UnrecognizedContract>
  From:                0xf39fd6e51aad88f6f4ce6ab8827279cfffb92266
  To:                  0x3347b4d90ebe72befb30444c9966b2b990ae9fcb

[32meth_chainId[0m
[32meth_call[0m
  Contract call:       <UnrecognizedContract>
  From:                0xf39fd6e51aad88f6f4ce6ab8827279cfffb92266
  To:                  0x3347b4d90ebe72befb30444c9966b2b990ae9fcb

[32meth_chainId[0m
[32meth_call[0m
  Contract call:       <UnrecognizedContract>
  From:                0xf39fd6e51aad88f6f4ce6ab8827279cfffb92266
  To:                  0x3347b4d90ebe72befb30444c9966b2b990ae9fcb

[32meth_call[0m
  Contract call:       <UnrecognizedContract>
  From:                0xf39fd6e51aad88f6f4ce6ab8827279cfffb92266
  To:                  0x3347b4d90ebe72befb30444c9966b2b990ae9fcb

[32meth_chainId[0m
[32meth_call[0m
  Contract call:       <UnrecognizedContract>
  From:                0xf39fd6e51aad88f6f4ce6ab8827279cfffb92266
  To:                  0x3347b4d90ebe72befb30444c9966b2b990ae9fcb

[32meth_chainId[0m
[32meth_call[0m
  Contract call:       <UnrecognizedContract>
  From:                0xf39fd6e51aad88f6f4ce6ab8827279cfffb92266
  To:                  0x3347b4d90ebe72befb30444c9966b2b990ae9fcb

[32meth_chainId[0m
[32meth_call[0m
  Contract call:       <UnrecognizedContract>
  From:                0xf39fd6e51aad88f6f4ce6ab8827279cfffb92266
  To:                  0x3347b4d90ebe72befb30444c9966b2b990ae9fcb

[32meth_call[0m
  Contract call:       <UnrecognizedContract>
  From:                0xf39fd6e51aad88f6f4ce6ab8827279cfffb92266
  To:                  0x3347b4d90ebe72befb30444c9966b2b990ae9fcb

[32meth_chainId[0m
[32meth_call[0m
  Contract call:       <UnrecognizedContract>
  From:                0xf39fd6e51aad88f6f4ce6ab8827279cfffb92266
  To:                  0x3347b4d90ebe72befb30444c9966b2b990ae9fcb

[32meth_chainId[0m
[32meth_call[0m
  Contract call:       <UnrecognizedContract>
  From:                0xf39fd6e51aad88f6f4ce6ab8827279cfffb92266
  To:                  0x3347b4d90ebe72befb30444c9966b2b990ae9fcb

[32meth_chainId[0m
[32meth_call[0m
  Contract call:       <UnrecognizedContract>
  From:                0xf39fd6e51aad88f6f4ce6ab8827279cfffb92266
  To:                  0x3347b4d90ebe72befb30444c9966b2b990ae9fcb

[32meth_call[0m
  Contract call:       <UnrecognizedContract>
  From:                0xf39fd6e51aad88f6f4ce6ab8827279cfffb92266
  To:                  0x3347b4d90ebe72befb30444c9966b2b990ae9fcb

[32meth_chainId[0m
[32meth_call[0m
  Contract call:       <UnrecognizedContract>
  From:                0xf39fd6e51aad88f6f4ce6ab8827279cfffb92266
  To:                  0x3347b4d90ebe72befb30444c9966b2b990ae9fcb

[32meth_chainId[0m
[32meth_call[0m
  Contract call:       <UnrecognizedContract>
  From:                0xf39fd6e51aad88f6f4ce6ab8827279cfffb92266
  To:                  0x3347b4d90ebe72befb30444c9966b2b990ae9fcb

[32meth_chainId[0m
[32meth_call[0m
  Contract call:       <UnrecognizedContract>
  From:                0xf39fd6e51aad88f6f4ce6ab8827279cfffb92266
  To:                  0x3347b4d90ebe72befb30444c9966b2b990ae9fcb

[32meth_call[0m
  Contract call:       <UnrecognizedContract>
  From:                0xf39fd6e51aad88f6f4ce6ab8827279cfffb92266
  To:                  0x3347b4d90ebe72befb30444c9966b2b990ae9fcb

[32meth_chainId[0m
[32meth_call[0m
  Contract call:       <UnrecognizedContract>
  From:                0xf39fd6e51aad88f6f4ce6ab8827279cfffb92266
  To:                  0x3347b4d90ebe72befb30444c9966b2b990ae9fcb

[32meth_chainId[0m
[32meth_call[0m
  Contract call:       <UnrecognizedContract>
  From:                0xf39fd6e51aad88f6f4ce6ab8827279cfffb92266
  To:                  0x3347b4d90ebe72befb30444c9966b2b990ae9fcb

[32meth_chainId[0m
[32meth_call[0m
  Contract call:       <UnrecognizedContract>
  From:                0xf39fd6e51aad88f6f4ce6ab8827279cfffb92266
  To:                  0x3347b4d90ebe72befb30444c9966b2b990ae9fcb

[32meth_call[0m
  Contract call:       <UnrecognizedContract>
  From:                0xf39fd6e51aad88f6f4ce6ab8827279cfffb92266
  To:                  0x3347b4d90ebe72befb30444c9966b2b990ae9fcb

[32meth_chainId[0m
[32meth_call[0m
  Contract call:       <UnrecognizedContract>
  From:                0xf39fd6e51aad88f6f4ce6ab8827279cfffb92266
  To:                  0x3347b4d90ebe72befb30444c9966b2b990ae9fcb

[32meth_chainId[0m
[32meth_call[0m
  Contract call:       <UnrecognizedContract>
  From:                0xf39fd6e51aad88f6f4ce6ab8827279cfffb92266
  To:                  0x3347b4d90ebe72befb30444c9966b2b990ae9fcb

[32meth_chainId[0m
[32meth_call[0m
  Contract call:       <UnrecognizedContract>
  From:                0xf39fd6e51aad88f6f4ce6ab8827279cfffb92266
  To:                  0x3347b4d90ebe72befb30444c9966b2b990ae9fcb

[32meth_call[0m
  Contract call:       <UnrecognizedContract>
  From:                0xf39fd6e51aad88f6f4ce6ab8827279cfffb92266
  To:                  0x3347b4d90ebe72befb30444c9966b2b990ae9fcb

[32meth_chainId[0m
[32meth_call[0m
  Contract call:       <UnrecognizedContract>
  From:                0xf39fd6e51aad88f6f4ce6ab8827279cfffb92266
  To:                  0x3347b4d90ebe72befb30444c9966b2b990ae9fcb

[32meth_chainId[0m
[32meth_call[0m
  Contract call:       <UnrecognizedContract>
  From:                0xf39fd6e51aad88f6f4ce6ab8827279cfffb92266
  To:                  0x3347b4d90ebe72befb30444c9966b2b990ae9fcb

[32meth_chainId[0m
[32meth_call[0m
  Contract call:       <UnrecognizedContract>
  From:                0xf39fd6e51aad88f6f4ce6ab8827279cfffb92266
  To:                  0x3347b4d90ebe72befb30444c9966b2b990ae9fcb

[32meth_call[0m
  Contract call:       <UnrecognizedContract>
  From:                0xf39fd6e51aad88f6f4ce6ab8827279cfffb92266
  To:                  0x3347b4d90ebe72befb30444c9966b2b990ae9fcb

[32meth_chainId[0m
[32meth_call[0m
  Contract call:       <UnrecognizedContract>
  From:                0xf39fd6e51aad88f6f4ce6ab8827279cfffb92266
  To:                  0x3347b4d90ebe72befb30444c9966b2b990ae9fcb

[32meth_chainId[0m
[32meth_call[0m
  Contract call:       <UnrecognizedContract>
  From:                0xf39fd6e51aad88f6f4ce6ab8827279cfffb92266
  To:                  0x3347b4d90ebe72befb30444c9966b2b990ae9fcb

[32meth_chainId[0m
[32meth_call[0m
  Contract call:       <UnrecognizedContract>
  From:                0xf39fd6e51aad88f6f4ce6ab8827279cfffb92266
  To:                  0x3347b4d90ebe72befb30444c9966b2b990ae9fcb

[32meth_call[0m
  Contract call:       <UnrecognizedContract>
  From:                0xf39fd6e51aad88f6f4ce6ab8827279cfffb92266
  To:                  0x3347b4d90ebe72befb30444c9966b2b990ae9fcb

[32meth_chainId[0m
[32meth_call[0m
  Contract call:       <UnrecognizedContract>
  From:                0xf39fd6e51aad88f6f4ce6ab8827279cfffb92266
  To:                  0x3347b4d90ebe72befb30444c9966b2b990ae9fcb

[32meth_chainId[0m
[32meth_call[0m
  Contract call:       <UnrecognizedContract>
  From:                0xf39fd6e51aad88f6f4ce6ab8827279cfffb92266
  To:                  0x3347b4d90ebe72befb30444c9966b2b990ae9fcb

[32meth_chainId[0m
[32meth_call[0m
  Contract call:       <UnrecognizedContract>
  From:                0xf39fd6e51aad88f6f4ce6ab8827279cfffb92266
  To:                  0x3347b4d90ebe72befb30444c9966b2b990ae9fcb

[32meth_call[0m
  Contract call:       <UnrecognizedContract>
  From:                0xf39fd6e51aad88f6f4ce6ab8827279cfffb92266
  To:                  0x3347b4d90ebe72befb30444c9966b2b990ae9fcb

[32meth_chainId[0m
[32meth_call[0m
  Contract call:       <UnrecognizedContract>
  From:                0xf39fd6e51aad88f6f4ce6ab8827279cfffb92266
  To:                  0x3347b4d90ebe72befb30444c9966b2b990ae9fcb

[32meth_chainId[0m
[32meth_call[0m
  Contract call:       <UnrecognizedContract>
  From:                0xf39fd6e51aad88f6f4ce6ab8827279cfffb92266
  To:                  0x3347b4d90ebe72befb30444c9966b2b990ae9fcb

[32meth_chainId[0m
[32meth_call[0m
  Contract call:       <UnrecognizedContract>
  From:                0xf39fd6e51aad88f6f4ce6ab8827279cfffb92266
  To:                  0x3347b4d90ebe72befb30444c9966b2b990ae9fcb

[32meth_call[0m
  Contract call:       <UnrecognizedContract>
  From:                0xf39fd6e51aad88f6f4ce6ab8827279cfffb92266
  To:                  0x3347b4d90ebe72befb30444c9966b2b990ae9fcb

[32meth_chainId[0m
[32meth_call[0m
  Contract call:       <UnrecognizedContract>
  From:                0xf39fd6e51aad88f6f4ce6ab8827279cfffb92266
  To:                  0x3347b4d90ebe72befb30444c9966b2b990ae9fcb

[32meth_chainId[0m
[32meth_call[0m
  Contract call:       <UnrecognizedContract>
  From:                0xf39fd6e51aad88f6f4ce6ab8827279cfffb92266
  To:                  0x3347b4d90ebe72befb30444c9966b2b990ae9fcb

[32meth_chainId[0m
[32meth_call[0m
  Contract call:       <UnrecognizedContract>
  From:                0xf39fd6e51aad88f6f4ce6ab8827279cfffb92266
  To:                  0x3347b4d90ebe72befb30444c9966b2b990ae9fcb

[32meth_call[0m
  Contract call:       <UnrecognizedContract>
  From:                0xf39fd6e51aad88f6f4ce6ab8827279cfffb92266
  To:                  0x3347b4d90ebe72befb30444c9966b2b990ae9fcb

[32meth_chainId[0m
[32meth_call[0m
  Contract call:       <UnrecognizedContract>
  From:                0xf39fd6e51aad88f6f4ce6ab8827279cfffb92266
  To:                  0x3347b4d90ebe72befb30444c9966b2b990ae9fcb

[32meth_chainId[0m
[32meth_call[0m
  Contract call:       <UnrecognizedContract>
  From:                0xf39fd6e51aad88f6f4ce6ab8827279cfffb92266
  To:                  0x3347b4d90ebe72befb30444c9966b2b990ae9fcb

[32meth_chainId[0m
[32meth_call[0m
  Contract call:       <UnrecognizedContract>
  From:                0xf39fd6e51aad88f6f4ce6ab8827279cfffb92266
  To:                  0x3347b4d90ebe72befb30444c9966b2b990ae9fcb

[32meth_call[0m
  Contract call:       <UnrecognizedContract>
  From:                0xf39fd6e51aad88f6f4ce6ab8827279cfffb92266
  To:                  0x3347b4d90ebe72befb30444c9966b2b990ae9fcb

[32meth_chainId[0m
[32meth_call[0m
  Contract call:       <UnrecognizedContract>
  From:                0xf39fd6e51aad88f6f4ce6ab8827279cfffb92266
  To:                  0x3347b4d90ebe72befb30444c9966b2b990ae9fcb

[32meth_chainId[0m
[32meth_call[0m
  Contract call:       <UnrecognizedContract>
  From:                0xf39fd6e51aad88f6f4ce6ab8827279cfffb92266
  To:                  0x3347b4d90ebe72befb30444c9966b2b990ae9fcb

[32meth_chainId[0m
[32meth_call[0m
  Contract call:       <UnrecognizedContract>
  From:                0xf39fd6e51aad88f6f4ce6ab8827279cfffb92266
  To:                  0x3347b4d90ebe72befb30444c9966b2b990ae9fcb

[32meth_call[0m
  Contract call:       <UnrecognizedContract>
  From:                0xf39fd6e51aad88f6f4ce6ab8827279cfffb92266
  To:                  0x3347b4d90ebe72befb30444c9966b2b990ae9fcb

[32meth_chainId[0m
[32meth_call[0m
  Contract call:       <UnrecognizedContract>
  From:                0xf39fd6e51aad88f6f4ce6ab8827279cfffb92266
  To:                  0x3347b4d90ebe72befb30444c9966b2b990ae9fcb

[32meth_chainId[0m
[32meth_call[0m
  Contract call:       <UnrecognizedContract>
  From:                0xf39fd6e51aad88f6f4ce6ab8827279cfffb92266
  To:                  0x3347b4d90ebe72befb30444c9966b2b990ae9fcb

[32meth_getTransactionCount[0m
[32meth_chainId[0m
[32meth_estimateGas[0m
[32meth_chainId[0m
[32meth_chainId (2)[0m
[32meth_getBlockByNumber[0m
[32meth_gasPrice[0m
[32meth_maxPriorityFeePerGas[0m
[32meth_chainId[0m
[32meth_blockNumber[0m
[32meth_sendRawTransaction[0m
  Contract call:       <UnrecognizedContract>
  Transaction:         0x7cf91af4bf09efb387459d7f48f8da9241065b6bfa79630b787dc4239e43f01e
  From:                0xf39fd6e51aad88f6f4ce6ab8827279cfffb92266
  To:                  0x3347b4d90ebe72befb30444c9966b2b990ae9fcb
  Value:               0 ETH
  Gas used:            215811 of 215811
  Block #194:          0x03b1bd5fb81783acf8f34be8aa9150f39728c0c69b711e598e0a87baa590240d

[32meth_chainId[0m
[32meth_chainId (2)[0m
[32meth_getTransactionReceipt[0m
[32meth_chainId[0m
[32meth_call[0m
  Contract call:       <UnrecognizedContract>
  From:                0xf39fd6e51aad88f6f4ce6ab8827279cfffb92266
  To:                  0x3347b4d90ebe72befb30444c9966b2b990ae9fcb

[32meth_call[0m
  Contract call:       <UnrecognizedContract>
  From:                0xf39fd6e51aad88f6f4ce6ab8827279cfffb92266
  To:                  0x3347b4d90ebe72befb30444c9966b2b990ae9fcb

[32meth_chainId[0m
[32meth_call[0m
  Contract call:       <UnrecognizedContract>
  From:                0xf39fd6e51aad88f6f4ce6ab8827279cfffb92266
  To:                  0x3347b4d90ebe72befb30444c9966b2b990ae9fcb

[32meth_chainId[0m
[32meth_call[0m
  Contract call:       <UnrecognizedContract>
  From:                0xf39fd6e51aad88f6f4ce6ab8827279cfffb92266
  To:                  0x3347b4d90ebe72befb30444c9966b2b990ae9fcb

[32meth_chainId[0m
[32meth_call[0m
  Contract call:       <UnrecognizedContract>
  From:                0xf39fd6e51aad88f6f4ce6ab8827279cfffb92266
  To:                  0x3347b4d90ebe72befb30444c9966b2b990ae9fcb

[32meth_call[0m
  Contract call:       <UnrecognizedContract>
  From:                0xf39fd6e51aad88f6f4ce6ab8827279cfffb92266
  To:                  0x3347b4d90ebe72befb30444c9966b2b990ae9fcb

[32meth_chainId[0m
[32meth_call[0m
  Contract call:       <UnrecognizedContract>
  From:                0xf39fd6e51aad88f6f4ce6ab8827279cfffb92266
  To:                  0x3347b4d90ebe72befb30444c9966b2b990ae9fcb

[32meth_chainId[0m
[32meth_call[0m
  Contract call:       <UnrecognizedContract>
  From:                0xf39fd6e51aad88f6f4ce6ab8827279cfffb92266
  To:                  0x3347b4d90ebe72befb30444c9966b2b990ae9fcb

[32meth_chainId[0m
[32meth_call[0m
  Contract call:       <UnrecognizedContract>
  From:                0xf39fd6e51aad88f6f4ce6ab8827279cfffb92266
  To:                  0x3347b4d90ebe72befb30444c9966b2b990ae9fcb

[32meth_call[0m
  Contract call:       <UnrecognizedContract>
  From:                0xf39fd6e51aad88f6f4ce6ab8827279cfffb92266
  To:                  0x3347b4d90ebe72befb30444c9966b2b990ae9fcb

[32meth_chainId[0m
[32meth_call[0m
  Contract call:       <UnrecognizedContract>
  From:                0xf39fd6e51aad88f6f4ce6ab8827279cfffb92266
  To:                  0x3347b4d90ebe72befb30444c9966b2b990ae9fcb

[32meth_chainId[0m
[32meth_call[0m
  Contract call:       <UnrecognizedContract>
  From:                0xf39fd6e51aad88f6f4ce6ab8827279cfffb92266
  To:                  0x3347b4d90ebe72befb30444c9966b2b990ae9fcb

[32meth_chainId[0m
[32meth_call[0m
  Contract call:       <UnrecognizedContract>
  From:                0xf39fd6e51aad88f6f4ce6ab8827279cfffb92266
  To:                  0x3347b4d90ebe72befb30444c9966b2b990ae9fcb

[32meth_call[0m
  Contract call:       <UnrecognizedContract>
  From:                0xf39fd6e51aad88f6f4ce6ab8827279cfffb92266
  To:                  0x3347b4d90ebe72befb30444c9966b2b990ae9fcb

[32meth_call[0m
  Contract call:       <UnrecognizedContract>
  From:                0xf39fd6e51aad88f6f4ce6ab8827279cfffb92266
  To:                  0x3347b4d90ebe72befb30444c9966b2b990ae9fcb

[32meth_chainId[0m
[32meth_call[0m
  Contract call:       <UnrecognizedContract>
  From:                0xf39fd6e51aad88f6f4ce6ab8827279cfffb92266
  To:                  0x3347b4d90ebe72befb30444c9966b2b990ae9fcb

[32meth_chainId[0m
[32meth_call[0m
  Contract call:       <UnrecognizedContract>
  From:                0xf39fd6e51aad88f6f4ce6ab8827279cfffb92266
  To:                  0x3347b4d90ebe72befb30444c9966b2b990ae9fcb

[32meth_call[0m
  Contract call:       <UnrecognizedContract>
  From:                0xf39fd6e51aad88f6f4ce6ab8827279cfffb92266
  To:                  0x3347b4d90ebe72befb30444c9966b2b990ae9fcb

[32meth_call[0m
  Contract call:       <UnrecognizedContract>
  From:                0xf39fd6e51aad88f6f4ce6ab8827279cfffb92266
  To:                  0x3347b4d90ebe72befb30444c9966b2b990ae9fcb

[32meth_chainId[0m
[32meth_call[0m
  Contract call:       <UnrecognizedContract>
  From:                0xf39fd6e51aad88f6f4ce6ab8827279cfffb92266
  To:                  0x3347b4d90ebe72befb30444c9966b2b990ae9fcb

[32meth_chainId[0m
[32meth_call[0m
  Contract call:       <UnrecognizedContract>
  From:                0xf39fd6e51aad88f6f4ce6ab8827279cfffb92266
  To:                  0x3347b4d90ebe72befb30444c9966b2b990ae9fcb

[32meth_call[0m
  Contract call:       <UnrecognizedContract>
  From:                0xf39fd6e51aad88f6f4ce6ab8827279cfffb92266
  To:                  0x3347b4d90ebe72befb30444c9966b2b990ae9fcb

[32meth_chainId[0m
[32meth_call[0m
  Contract call:       <UnrecognizedContract>
  From:                0xf39fd6e51aad88f6f4ce6ab8827279cfffb92266
  To:                  0x3347b4d90ebe72befb30444c9966b2b990ae9fcb

[32meth_chainId[0m
[32meth_call[0m
  Contract call:       <UnrecognizedContract>
  From:                0xf39fd6e51aad88f6f4ce6ab8827279cfffb92266
  To:                  0x3347b4d90ebe72befb30444c9966b2b990ae9fcb

[32meth_chainId[0m
[32meth_call[0m
  Contract call:       <UnrecognizedContract>
  From:                0xf39fd6e51aad88f6f4ce6ab8827279cfffb92266
  To:                  0x3347b4d90ebe72befb30444c9966b2b990ae9fcb

[32meth_call[0m
  Contract call:       <UnrecognizedContract>
  From:                0xf39fd6e51aad88f6f4ce6ab8827279cfffb92266
  To:                  0x3347b4d90ebe72befb30444c9966b2b990ae9fcb

[32meth_call[0m
  Contract call:       <UnrecognizedContract>
  From:                0xf39fd6e51aad88f6f4ce6ab8827279cfffb92266
  To:                  0x3347b4d90ebe72befb30444c9966b2b990ae9fcb

[32meth_chainId[0m
[32meth_call[0m
  Contract call:       <UnrecognizedContract>
  From:                0xf39fd6e51aad88f6f4ce6ab8827279cfffb92266
  To:                  0x3347b4d90ebe72befb30444c9966b2b990ae9fcb

[32meth_chainId[0m
[32meth_call[0m
  Contract call:       <UnrecognizedContract>
  From:                0xf39fd6e51aad88f6f4ce6ab8827279cfffb92266
  To:                  0x3347b4d90ebe72befb30444c9966b2b990ae9fcb

[32meth_call[0m
  Contract call:       <UnrecognizedContract>
  From:                0xf39fd6e51aad88f6f4ce6ab8827279cfffb92266
  To:                  0x3347b4d90ebe72befb30444c9966b2b990ae9fcb

[32meth_call[0m
  Contract call:       <UnrecognizedContract>
  From:                0xf39fd6e51aad88f6f4ce6ab8827279cfffb92266
  To:                  0x3347b4d90ebe72befb30444c9966b2b990ae9fcb

[32meth_chainId[0m
[32meth_call[0m
  Contract call:       <UnrecognizedContract>
  From:                0xf39fd6e51aad88f6f4ce6ab8827279cfffb92266
  To:                  0x3347b4d90ebe72befb30444c9966b2b990ae9fcb

[32meth_chainId[0m
[32meth_call[0m
  Contract call:       <UnrecognizedContract>
  From:                0xf39fd6e51aad88f6f4ce6ab8827279cfffb92266
  To:                  0x3347b4d90ebe72befb30444c9966b2b990ae9fcb

[32meth_call[0m
  Contract call:       <UnrecognizedContract>
  From:                0xf39fd6e51aad88f6f4ce6ab8827279cfffb92266
  To:                  0x3347b4d90ebe72befb30444c9966b2b990ae9fcb

[32meth_chainId[0m
[32meth_call[0m
  Contract call:       <UnrecognizedContract>
  From:                0xf39fd6e51aad88f6f4ce6ab8827279cfffb92266
  To:                  0x3347b4d90ebe72befb30444c9966b2b990ae9fcb

[32meth_chainId[0m
[32meth_call[0m
  Contract call:       <UnrecognizedContract>
  From:                0xf39fd6e51aad88f6f4ce6ab8827279cfffb92266
  To:                  0x3347b4d90ebe72befb30444c9966b2b990ae9fcb

[32meth_chainId[0m
[32meth_call[0m
  Contract call:       <UnrecognizedContract>
  From:                0xf39fd6e51aad88f6f4ce6ab8827279cfffb92266
  To:                  0x3347b4d90ebe72befb30444c9966b2b990ae9fcb

[32meth_call[0m
  Contract call:       <UnrecognizedContract>
  From:                0xf39fd6e51aad88f6f4ce6ab8827279cfffb92266
  To:                  0x3347b4d90ebe72befb30444c9966b2b990ae9fcb

[32meth_chainId[0m
[32meth_call[0m
  Contract call:       <UnrecognizedContract>
  From:                0xf39fd6e51aad88f6f4ce6ab8827279cfffb92266
  To:                  0x3347b4d90ebe72befb30444c9966b2b990ae9fcb

[32meth_chainId[0m
[32meth_call[0m
  Contract call:       <UnrecognizedContract>
  From:                0xf39fd6e51aad88f6f4ce6ab8827279cfffb92266
  To:                  0x3347b4d90ebe72befb30444c9966b2b990ae9fcb

[32meth_chainId[0m
[32meth_call[0m
  Contract call:       <UnrecognizedContract>
  From:                0xf39fd6e51aad88f6f4ce6ab8827279cfffb92266
  To:                  0x3347b4d90ebe72befb30444c9966b2b990ae9fcb

[32meth_call[0m
  Contract call:       <UnrecognizedContract>
  From:                0xf39fd6e51aad88f6f4ce6ab8827279cfffb92266
  To:                  0x3347b4d90ebe72befb30444c9966b2b990ae9fcb

[32meth_getTransactionCount[0m
[32meth_chainId[0m
[32meth_estimateGas[0m
[32meth_chainId[0m
[32meth_chainId (2)[0m
[32meth_getBlockByNumber[0m
[32meth_gasPrice[0m
[32meth_maxPriorityFeePerGas[0m
[32meth_chainId[0m
[32meth_call[0m
  Contract call:       <UnrecognizedContract>
  From:                0xf39fd6e51aad88f6f4ce6ab8827279cfffb92266
  To:                  0x3347b4d90ebe72befb30444c9966b2b990ae9fcb

[32meth_blockNumber[0m
[32meth_sendRawTransaction[0m
  Contract call:       <UnrecognizedContract>
  Transaction:         0x7ab5cd3303e13b50dd7837d863959d30b176698e31b480c143351348a7eca9d3
  From:                0xf39fd6e51aad88f6f4ce6ab8827279cfffb92266
  To:                  0x3347b4d90ebe72befb30444c9966b2b990ae9fcb
  Value:               0 ETH
  Gas used:            224052 of 224052
  Block #195:          0xdbb0beb99b08f1a6c46cf21dc003626075030353f8bb702f173d44ad064d9345

[32meth_chainId[0m
[32meth_call[0m
  Contract call:       <UnrecognizedContract>
  From:                0xf39fd6e51aad88f6f4ce6ab8827279cfffb92266
  To:                  0x3347b4d90ebe72befb30444c9966b2b990ae9fcb

[32meth_chainId[0m
[32meth_getTransactionReceipt[0m
[32meth_chainId[0m
[32meth_call[0m
  Contract call:       <UnrecognizedContract>
  From:                0xf39fd6e51aad88f6f4ce6ab8827279cfffb92266
  To:                  0x3347b4d90ebe72befb30444c9966b2b990ae9fcb

[32meth_call[0m
  Contract call:       <UnrecognizedContract>
  From:                0xf39fd6e51aad88f6f4ce6ab8827279cfffb92266
  To:                  0x3347b4d90ebe72befb30444c9966b2b990ae9fcb

[32meth_chainId[0m
[32meth_call[0m
  Contract call:       <UnrecognizedContract>
  From:                0xf39fd6e51aad88f6f4ce6ab8827279cfffb92266
  To:                  0x3347b4d90ebe72befb30444c9966b2b990ae9fcb

[32meth_chainId[0m
[32meth_call[0m
  Contract call:       <UnrecognizedContract>
  From:                0xf39fd6e51aad88f6f4ce6ab8827279cfffb92266
  To:                  0x3347b4d90ebe72befb30444c9966b2b990ae9fcb

[32meth_chainId[0m
[32meth_call[0m
  Contract call:       <UnrecognizedContract>
  From:                0xf39fd6e51aad88f6f4ce6ab8827279cfffb92266
  To:                  0x3347b4d90ebe72befb30444c9966b2b990ae9fcb

[32meth_call[0m
  Contract call:       <UnrecognizedContract>
  From:                0xf39fd6e51aad88f6f4ce6ab8827279cfffb92266
  To:                  0x3347b4d90ebe72befb30444c9966b2b990ae9fcb

[32meth_chainId[0m
[32meth_call[0m
  Contract call:       <UnrecognizedContract>
  From:                0xf39fd6e51aad88f6f4ce6ab8827279cfffb92266
  To:                  0x3347b4d90ebe72befb30444c9966b2b990ae9fcb

[32meth_chainId[0m
[32meth_call[0m
  Contract call:       <UnrecognizedContract>
  From:                0xf39fd6e51aad88f6f4ce6ab8827279cfffb92266
  To:                  0x3347b4d90ebe72befb30444c9966b2b990ae9fcb

[32meth_chainId[0m
[32meth_call[0m
  Contract call:       <UnrecognizedContract>
  From:                0xf39fd6e51aad88f6f4ce6ab8827279cfffb92266
  To:                  0x3347b4d90ebe72befb30444c9966b2b990ae9fcb

[32meth_call[0m
  Contract call:       <UnrecognizedContract>
  From:                0xf39fd6e51aad88f6f4ce6ab8827279cfffb92266
  To:                  0x3347b4d90ebe72befb30444c9966b2b990ae9fcb

[32meth_chainId[0m
[32meth_call[0m
  Contract call:       <UnrecognizedContract>
  From:                0xf39fd6e51aad88f6f4ce6ab8827279cfffb92266
  To:                  0x3347b4d90ebe72befb30444c9966b2b990ae9fcb

[32meth_chainId[0m
[32meth_call[0m
  Contract call:       <UnrecognizedContract>
  From:                0xf39fd6e51aad88f6f4ce6ab8827279cfffb92266
  To:                  0x3347b4d90ebe72befb30444c9966b2b990ae9fcb

[32meth_chainId[0m
[32meth_call[0m
  Contract call:       <UnrecognizedContract>
  From:                0xf39fd6e51aad88f6f4ce6ab8827279cfffb92266
  To:                  0x3347b4d90ebe72befb30444c9966b2b990ae9fcb

[32meth_call[0m
  Contract call:       <UnrecognizedContract>
  From:                0xf39fd6e51aad88f6f4ce6ab8827279cfffb92266
  To:                  0x3347b4d90ebe72befb30444c9966b2b990ae9fcb

[32meth_chainId[0m
[32meth_call[0m
  Contract call:       <UnrecognizedContract>
  From:                0xf39fd6e51aad88f6f4ce6ab8827279cfffb92266
  To:                  0x3347b4d90ebe72befb30444c9966b2b990ae9fcb

[32meth_chainId[0m
[32meth_call[0m
  Contract call:       <UnrecognizedContract>
  From:                0xf39fd6e51aad88f6f4ce6ab8827279cfffb92266
  To:                  0x3347b4d90ebe72befb30444c9966b2b990ae9fcb

[32meth_chainId[0m
[32meth_call[0m
  Contract call:       <UnrecognizedContract>
  From:                0xf39fd6e51aad88f6f4ce6ab8827279cfffb92266
  To:                  0x3347b4d90ebe72befb30444c9966b2b990ae9fcb

[32meth_call[0m
  Contract call:       <UnrecognizedContract>
  From:                0xf39fd6e51aad88f6f4ce6ab8827279cfffb92266
  To:                  0x3347b4d90ebe72befb30444c9966b2b990ae9fcb

[32meth_chainId[0m
[32meth_call[0m
  Contract call:       <UnrecognizedContract>
  From:                0xf39fd6e51aad88f6f4ce6ab8827279cfffb92266
  To:                  0x3347b4d90ebe72befb30444c9966b2b990ae9fcb

[32meth_chainId[0m
[32meth_call[0m
  Contract call:       <UnrecognizedContract>
  From:                0xf39fd6e51aad88f6f4ce6ab8827279cfffb92266
  To:                  0x3347b4d90ebe72befb30444c9966b2b990ae9fcb

[32meth_chainId[0m
[32meth_call[0m
  Contract call:       <UnrecognizedContract>
  From:                0xf39fd6e51aad88f6f4ce6ab8827279cfffb92266
  To:                  0x3347b4d90ebe72befb30444c9966b2b990ae9fcb

[32meth_call[0m
  Contract call:       <UnrecognizedContract>
  From:                0xf39fd6e51aad88f6f4ce6ab8827279cfffb92266
  To:                  0x3347b4d90ebe72befb30444c9966b2b990ae9fcb

[32meth_chainId[0m
[32meth_call[0m
  Contract call:       <UnrecognizedContract>
  From:                0xf39fd6e51aad88f6f4ce6ab8827279cfffb92266
  To:                  0x3347b4d90ebe72befb30444c9966b2b990ae9fcb

[32meth_chainId[0m
[32meth_call[0m
  Contract call:       <UnrecognizedContract>
  From:                0xf39fd6e51aad88f6f4ce6ab8827279cfffb92266
  To:                  0x3347b4d90ebe72befb30444c9966b2b990ae9fcb

[32meth_chainId[0m
[32meth_call[0m
  Contract call:       <UnrecognizedContract>
  From:                0xf39fd6e51aad88f6f4ce6ab8827279cfffb92266
  To:                  0x3347b4d90ebe72befb30444c9966b2b990ae9fcb

[32meth_call[0m
  Contract call:       <UnrecognizedContract>
  From:                0xf39fd6e51aad88f6f4ce6ab8827279cfffb92266
  To:                  0x3347b4d90ebe72befb30444c9966b2b990ae9fcb

[32meth_chainId[0m
[32meth_call[0m
  Contract call:       <UnrecognizedContract>
  From:                0xf39fd6e51aad88f6f4ce6ab8827279cfffb92266
  To:                  0x3347b4d90ebe72befb30444c9966b2b990ae9fcb

[32meth_chainId[0m
[32meth_call[0m
  Contract call:       <UnrecognizedContract>
  From:                0xf39fd6e51aad88f6f4ce6ab8827279cfffb92266
  To:                  0x3347b4d90ebe72befb30444c9966b2b990ae9fcb

[32meth_chainId[0m
[32meth_call[0m
  Contract call:       <UnrecognizedContract>
  From:                0xf39fd6e51aad88f6f4ce6ab8827279cfffb92266
  To:                  0x3347b4d90ebe72befb30444c9966b2b990ae9fcb

[32meth_call[0m
  Contract call:       <UnrecognizedContract>
  From:                0xf39fd6e51aad88f6f4ce6ab8827279cfffb92266
  To:                  0x3347b4d90ebe72befb30444c9966b2b990ae9fcb

[32meth_chainId[0m
[32meth_call[0m
  Contract call:       <UnrecognizedContract>
  From:                0xf39fd6e51aad88f6f4ce6ab8827279cfffb92266
  To:                  0x3347b4d90ebe72befb30444c9966b2b990ae9fcb

[32meth_chainId[0m
[32meth_call[0m
  Contract call:       <UnrecognizedContract>
  From:                0xf39fd6e51aad88f6f4ce6ab8827279cfffb92266
  To:                  0x3347b4d90ebe72befb30444c9966b2b990ae9fcb

[32meth_chainId[0m
[32meth_call[0m
  Contract call:       <UnrecognizedContract>
  From:                0xf39fd6e51aad88f6f4ce6ab8827279cfffb92266
  To:                  0x3347b4d90ebe72befb30444c9966b2b990ae9fcb

[32meth_call[0m
  Contract call:       <UnrecognizedContract>
  From:                0xf39fd6e51aad88f6f4ce6ab8827279cfffb92266
  To:                  0x3347b4d90ebe72befb30444c9966b2b990ae9fcb

[32meth_chainId[0m
[32meth_call[0m
  Contract call:       <UnrecognizedContract>
  From:                0xf39fd6e51aad88f6f4ce6ab8827279cfffb92266
  To:                  0x3347b4d90ebe72befb30444c9966b2b990ae9fcb

[32meth_chainId[0m
[32meth_call[0m
  Contract call:       <UnrecognizedContract>
  From:                0xf39fd6e51aad88f6f4ce6ab8827279cfffb92266
  To:                  0x3347b4d90ebe72befb30444c9966b2b990ae9fcb

[32meth_chainId[0m
[32meth_call[0m
  Contract call:       <UnrecognizedContract>
  From:                0xf39fd6e51aad88f6f4ce6ab8827279cfffb92266
  To:                  0x3347b4d90ebe72befb30444c9966b2b990ae9fcb

[32meth_call[0m
  Contract call:       <UnrecognizedContract>
  From:                0xf39fd6e51aad88f6f4ce6ab8827279cfffb92266
  To:                  0x3347b4d90ebe72befb30444c9966b2b990ae9fcb

[32meth_chainId[0m
[32meth_call[0m
  Contract call:       <UnrecognizedContract>
  From:                0xf39fd6e51aad88f6f4ce6ab8827279cfffb92266
  To:                  0x3347b4d90ebe72befb30444c9966b2b990ae9fcb

[32meth_chainId[0m
[32meth_call[0m
  Contract call:       <UnrecognizedContract>
  From:                0xf39fd6e51aad88f6f4ce6ab8827279cfffb92266
  To:                  0x3347b4d90ebe72befb30444c9966b2b990ae9fcb

[32meth_chainId[0m
[32meth_call[0m
  Contract call:       <UnrecognizedContract>
  From:                0xf39fd6e51aad88f6f4ce6ab8827279cfffb92266
  To:                  0x3347b4d90ebe72befb30444c9966b2b990ae9fcb

[32meth_call[0m
  Contract call:       <UnrecognizedContract>
  From:                0xf39fd6e51aad88f6f4ce6ab8827279cfffb92266
  To:                  0x3347b4d90ebe72befb30444c9966b2b990ae9fcb

[32meth_chainId[0m
[32meth_call[0m
  Contract call:       <UnrecognizedContract>
  From:                0xf39fd6e51aad88f6f4ce6ab8827279cfffb92266
  To:                  0x3347b4d90ebe72befb30444c9966b2b990ae9fcb

[32meth_chainId[0m
[32meth_call[0m
  Contract call:       <UnrecognizedContract>
  From:                0xf39fd6e51aad88f6f4ce6ab8827279cfffb92266
  To:                  0x3347b4d90ebe72befb30444c9966b2b990ae9fcb

[32meth_chainId[0m
[32meth_call[0m
  Contract call:       <UnrecognizedContract>
  From:                0xf39fd6e51aad88f6f4ce6ab8827279cfffb92266
  To:                  0x3347b4d90ebe72befb30444c9966b2b990ae9fcb

[32meth_call[0m
  Contract call:       <UnrecognizedContract>
  From:                0xf39fd6e51aad88f6f4ce6ab8827279cfffb92266
  To:                  0x3347b4d90ebe72befb30444c9966b2b990ae9fcb

[32meth_chainId[0m
[32meth_call[0m
  Contract call:       <UnrecognizedContract>
  From:                0xf39fd6e51aad88f6f4ce6ab8827279cfffb92266
  To:                  0x3347b4d90ebe72befb30444c9966b2b990ae9fcb

[32meth_chainId[0m
[32meth_call[0m
  Contract call:       <UnrecognizedContract>
  From:                0xf39fd6e51aad88f6f4ce6ab8827279cfffb92266
  To:                  0x3347b4d90ebe72befb30444c9966b2b990ae9fcb

[32meth_chainId[0m
[32meth_call[0m
  Contract call:       <UnrecognizedContract>
  From:                0xf39fd6e51aad88f6f4ce6ab8827279cfffb92266
  To:                  0x3347b4d90ebe72befb30444c9966b2b990ae9fcb

[32meth_call[0m
  Contract call:       <UnrecognizedContract>
  From:                0xf39fd6e51aad88f6f4ce6ab8827279cfffb92266
  To:                  0x3347b4d90ebe72befb30444c9966b2b990ae9fcb

[32meth_chainId[0m
[32meth_call[0m
  Contract call:       <UnrecognizedContract>
  From:                0xf39fd6e51aad88f6f4ce6ab8827279cfffb92266
  To:                  0x3347b4d90ebe72befb30444c9966b2b990ae9fcb

[32meth_chainId[0m
[32meth_call[0m
  Contract call:       <UnrecognizedContract>
  From:                0xf39fd6e51aad88f6f4ce6ab8827279cfffb92266
  To:                  0x3347b4d90ebe72befb30444c9966b2b990ae9fcb

[32meth_chainId[0m
[32meth_call[0m
  Contract call:       <UnrecognizedContract>
  From:                0xf39fd6e51aad88f6f4ce6ab8827279cfffb92266
  To:                  0x3347b4d90ebe72befb30444c9966b2b990ae9fcb

[32meth_call[0m
  Contract call:       <UnrecognizedContract>
  From:                0xf39fd6e51aad88f6f4ce6ab8827279cfffb92266
  To:                  0x3347b4d90ebe72befb30444c9966b2b990ae9fcb

[32meth_chainId[0m
[32meth_call[0m
  Contract call:       <UnrecognizedContract>
  From:                0xf39fd6e51aad88f6f4ce6ab8827279cfffb92266
  To:                  0x3347b4d90ebe72befb30444c9966b2b990ae9fcb

[32meth_chainId[0m
[32meth_call[0m
  Contract call:       <UnrecognizedContract>
  From:                0xf39fd6e51aad88f6f4ce6ab8827279cfffb92266
  To:                  0x3347b4d90ebe72befb30444c9966b2b990ae9fcb

[32meth_chainId[0m
[32meth_call[0m
  Contract call:       <UnrecognizedContract>
  From:                0xf39fd6e51aad88f6f4ce6ab8827279cfffb92266
  To:                  0x3347b4d90ebe72befb30444c9966b2b990ae9fcb

[32meth_call[0m
  Contract call:       <UnrecognizedContract>
  From:                0xf39fd6e51aad88f6f4ce6ab8827279cfffb92266
  To:                  0x3347b4d90ebe72befb30444c9966b2b990ae9fcb

[32meth_chainId[0m
[32meth_call[0m
  Contract call:       <UnrecognizedContract>
  From:                0xf39fd6e51aad88f6f4ce6ab8827279cfffb92266
  To:                  0x3347b4d90ebe72befb30444c9966b2b990ae9fcb

[32meth_chainId[0m
[32meth_call[0m
  Contract call:       <UnrecognizedContract>
  From:                0xf39fd6e51aad88f6f4ce6ab8827279cfffb92266
  To:                  0x3347b4d90ebe72befb30444c9966b2b990ae9fcb

[32meth_chainId[0m
[32meth_call[0m
  Contract call:       <UnrecognizedContract>
  From:                0xf39fd6e51aad88f6f4ce6ab8827279cfffb92266
  To:                  0x3347b4d90ebe72befb30444c9966b2b990ae9fcb

[32meth_call[0m
  Contract call:       <UnrecognizedContract>
  From:                0xf39fd6e51aad88f6f4ce6ab8827279cfffb92266
  To:                  0x3347b4d90ebe72befb30444c9966b2b990ae9fcb

[32meth_chainId[0m
[32meth_call[0m
  Contract call:       <UnrecognizedContract>
  From:                0xf39fd6e51aad88f6f4ce6ab8827279cfffb92266
  To:                  0x3347b4d90ebe72befb30444c9966b2b990ae9fcb

[32meth_chainId[0m
[32meth_call[0m
  Contract call:       <UnrecognizedContract>
  From:                0xf39fd6e51aad88f6f4ce6ab8827279cfffb92266
  To:                  0x3347b4d90ebe72befb30444c9966b2b990ae9fcb

[32meth_chainId[0m
[32meth_call[0m
  Contract call:       <UnrecognizedContract>
  From:                0xf39fd6e51aad88f6f4ce6ab8827279cfffb92266
  To:                  0x3347b4d90ebe72befb30444c9966b2b990ae9fcb

[32meth_call[0m
  Contract call:       <UnrecognizedContract>
  From:                0xf39fd6e51aad88f6f4ce6ab8827279cfffb92266
  To:                  0x3347b4d90ebe72befb30444c9966b2b990ae9fcb

[32meth_chainId[0m
[32meth_call[0m
  Contract call:       <UnrecognizedContract>
  From:                0xf39fd6e51aad88f6f4ce6ab8827279cfffb92266
  To:                  0x3347b4d90ebe72befb30444c9966b2b990ae9fcb

[32meth_chainId[0m
[32meth_call[0m
  Contract call:       <UnrecognizedContract>
  From:                0xf39fd6e51aad88f6f4ce6ab8827279cfffb92266
  To:                  0x3347b4d90ebe72befb30444c9966b2b990ae9fcb

[32meth_chainId[0m
[32meth_call[0m
  Contract call:       <UnrecognizedContract>
  From:                0xf39fd6e51aad88f6f4ce6ab8827279cfffb92266
  To:                  0x3347b4d90ebe72befb30444c9966b2b990ae9fcb

[32meth_call[0m
  Contract call:       <UnrecognizedContract>
  From:                0xf39fd6e51aad88f6f4ce6ab8827279cfffb92266
  To:                  0x3347b4d90ebe72befb30444c9966b2b990ae9fcb

[32meth_chainId[0m
[32meth_call[0m
  Contract call:       <UnrecognizedContract>
  From:                0xf39fd6e51aad88f6f4ce6ab8827279cfffb92266
  To:                  0x3347b4d90ebe72befb30444c9966b2b990ae9fcb

[32meth_chainId[0m
[32meth_call[0m
  Contract call:       <UnrecognizedContract>
  From:                0xf39fd6e51aad88f6f4ce6ab8827279cfffb92266
  To:                  0x3347b4d90ebe72befb30444c9966b2b990ae9fcb

[32meth_chainId[0m
[32meth_call[0m
  Contract call:       <UnrecognizedContract>
  From:                0xf39fd6e51aad88f6f4ce6ab8827279cfffb92266
  To:                  0x3347b4d90ebe72befb30444c9966b2b990ae9fcb

[32meth_call[0m
  Contract call:       <UnrecognizedContract>
  From:                0xf39fd6e51aad88f6f4ce6ab8827279cfffb92266
  To:                  0x3347b4d90ebe72befb30444c9966b2b990ae9fcb

[32meth_chainId[0m
[32meth_call[0m
  Contract call:       <UnrecognizedContract>
  From:                0xf39fd6e51aad88f6f4ce6ab8827279cfffb92266
  To:                  0x3347b4d90ebe72befb30444c9966b2b990ae9fcb

[32meth_chainId[0m
[32meth_call[0m
  Contract call:       <UnrecognizedContract>
  From:                0xf39fd6e51aad88f6f4ce6ab8827279cfffb92266
  To:                  0x3347b4d90ebe72befb30444c9966b2b990ae9fcb

[32meth_chainId[0m
[32meth_call[0m
  Contract call:       <UnrecognizedContract>
  From:                0xf39fd6e51aad88f6f4ce6ab8827279cfffb92266
  To:                  0x3347b4d90ebe72befb30444c9966b2b990ae9fcb

[32meth_call[0m
  Contract call:       <UnrecognizedContract>
  From:                0xf39fd6e51aad88f6f4ce6ab8827279cfffb92266
  To:                  0x3347b4d90ebe72befb30444c9966b2b990ae9fcb

[32meth_chainId[0m
[32meth_call[0m
  Contract call:       <UnrecognizedContract>
  From:                0xf39fd6e51aad88f6f4ce6ab8827279cfffb92266
  To:                  0x3347b4d90ebe72befb30444c9966b2b990ae9fcb

[32meth_chainId[0m
[32meth_call[0m
  Contract call:       <UnrecognizedContract>
  From:                0xf39fd6e51aad88f6f4ce6ab8827279cfffb92266
  To:                  0x3347b4d90ebe72befb30444c9966b2b990ae9fcb

[32meth_chainId[0m
[32meth_call[0m
  Contract call:       <UnrecognizedContract>
  From:                0xf39fd6e51aad88f6f4ce6ab8827279cfffb92266
  To:                  0x3347b4d90ebe72befb30444c9966b2b990ae9fcb

[32meth_call[0m
  Contract call:       <UnrecognizedContract>
  From:                0xf39fd6e51aad88f6f4ce6ab8827279cfffb92266
  To:                  0x3347b4d90ebe72befb30444c9966b2b990ae9fcb

[32meth_chainId[0m
[32meth_call[0m
  Contract call:       <UnrecognizedContract>
  From:                0xf39fd6e51aad88f6f4ce6ab8827279cfffb92266
  To:                  0x3347b4d90ebe72befb30444c9966b2b990ae9fcb

[32meth_chainId[0m
[32meth_call[0m
  Contract call:       <UnrecognizedContract>
  From:                0xf39fd6e51aad88f6f4ce6ab8827279cfffb92266
  To:                  0x3347b4d90ebe72befb30444c9966b2b990ae9fcb

[32meth_chainId[0m
[32meth_call[0m
  Contract call:       <UnrecognizedContract>
  From:                0xf39fd6e51aad88f6f4ce6ab8827279cfffb92266
  To:                  0x3347b4d90ebe72befb30444c9966b2b990ae9fcb

[32meth_call[0m
  Contract call:       <UnrecognizedContract>
  From:                0xf39fd6e51aad88f6f4ce6ab8827279cfffb92266
  To:                  0x3347b4d90ebe72befb30444c9966b2b990ae9fcb

[32meth_chainId[0m
[32meth_call[0m
  Contract call:       <UnrecognizedContract>
  From:                0xf39fd6e51aad88f6f4ce6ab8827279cfffb92266
  To:                  0x3347b4d90ebe72befb30444c9966b2b990ae9fcb

[32meth_chainId[0m
[32meth_call[0m
  Contract call:       <UnrecognizedContract>
  From:                0xf39fd6e51aad88f6f4ce6ab8827279cfffb92266
  To:                  0x3347b4d90ebe72befb30444c9966b2b990ae9fcb

[32meth_chainId[0m
[32meth_call[0m
  Contract call:       <UnrecognizedContract>
  From:                0xf39fd6e51aad88f6f4ce6ab8827279cfffb92266
  To:                  0x3347b4d90ebe72befb30444c9966b2b990ae9fcb

[32meth_call[0m
  Contract call:       <UnrecognizedContract>
  From:                0xf39fd6e51aad88f6f4ce6ab8827279cfffb92266
  To:                  0x3347b4d90ebe72befb30444c9966b2b990ae9fcb

[32meth_chainId[0m
[32meth_call[0m
  Contract call:       <UnrecognizedContract>
  From:                0xf39fd6e51aad88f6f4ce6ab8827279cfffb92266
  To:                  0x3347b4d90ebe72befb30444c9966b2b990ae9fcb

[32meth_chainId[0m
[32meth_call[0m
  Contract call:       <UnrecognizedContract>
  From:                0xf39fd6e51aad88f6f4ce6ab8827279cfffb92266
  To:                  0x3347b4d90ebe72befb30444c9966b2b990ae9fcb

[32meth_chainId[0m
[32meth_call[0m
  Contract call:       <UnrecognizedContract>
  From:                0xf39fd6e51aad88f6f4ce6ab8827279cfffb92266
  To:                  0x3347b4d90ebe72befb30444c9966b2b990ae9fcb

[32meth_call[0m
  Contract call:       <UnrecognizedContract>
  From:                0xf39fd6e51aad88f6f4ce6ab8827279cfffb92266
  To:                  0x3347b4d90ebe72befb30444c9966b2b990ae9fcb

[32meth_chainId[0m
[32meth_call[0m
  Contract call:       <UnrecognizedContract>
  From:                0xf39fd6e51aad88f6f4ce6ab8827279cfffb92266
  To:                  0x3347b4d90ebe72befb30444c9966b2b990ae9fcb

[32meth_chainId[0m
[32meth_call[0m
  Contract call:       <UnrecognizedContract>
  From:                0xf39fd6e51aad88f6f4ce6ab8827279cfffb92266
  To:                  0x3347b4d90ebe72befb30444c9966b2b990ae9fcb

[32meth_chainId[0m
[32meth_call[0m
  Contract call:       <UnrecognizedContract>
  From:                0xf39fd6e51aad88f6f4ce6ab8827279cfffb92266
  To:                  0x3347b4d90ebe72befb30444c9966b2b990ae9fcb

[32meth_call[0m
  Contract call:       <UnrecognizedContract>
  From:                0xf39fd6e51aad88f6f4ce6ab8827279cfffb92266
  To:                  0x3347b4d90ebe72befb30444c9966b2b990ae9fcb

[32meth_chainId[0m
[32meth_call[0m
  Contract call:       <UnrecognizedContract>
  From:                0xf39fd6e51aad88f6f4ce6ab8827279cfffb92266
  To:                  0x3347b4d90ebe72befb30444c9966b2b990ae9fcb

[32meth_chainId[0m
[32meth_call[0m
  Contract call:       <UnrecognizedContract>
  From:                0xf39fd6e51aad88f6f4ce6ab8827279cfffb92266
  To:                  0x3347b4d90ebe72befb30444c9966b2b990ae9fcb

[32meth_chainId[0m
[32meth_call[0m
  Contract call:       <UnrecognizedContract>
  From:                0xf39fd6e51aad88f6f4ce6ab8827279cfffb92266
  To:                  0x3347b4d90ebe72befb30444c9966b2b990ae9fcb

[32meth_call[0m
  Contract call:       <UnrecognizedContract>
  From:                0xf39fd6e51aad88f6f4ce6ab8827279cfffb92266
  To:                  0x3347b4d90ebe72befb30444c9966b2b990ae9fcb

[32meth_chainId[0m
[32meth_call[0m
  Contract call:       <UnrecognizedContract>
  From:                0xf39fd6e51aad88f6f4ce6ab8827279cfffb92266
  To:                  0x3347b4d90ebe72befb30444c9966b2b990ae9fcb

[32meth_chainId[0m
[32meth_call[0m
  Contract call:       <UnrecognizedContract>
  From:                0xf39fd6e51aad88f6f4ce6ab8827279cfffb92266
  To:                  0x3347b4d90ebe72befb30444c9966b2b990ae9fcb

[32meth_chainId[0m
[32meth_call[0m
  Contract call:       <UnrecognizedContract>
  From:                0xf39fd6e51aad88f6f4ce6ab8827279cfffb92266
  To:                  0x3347b4d90ebe72befb30444c9966b2b990ae9fcb

[32meth_call[0m
  Contract call:       <UnrecognizedContract>
  From:                0xf39fd6e51aad88f6f4ce6ab8827279cfffb92266
  To:                  0x3347b4d90ebe72befb30444c9966b2b990ae9fcb

[32meth_chainId[0m
[32meth_call[0m
  Contract call:       <UnrecognizedContract>
  From:                0xf39fd6e51aad88f6f4ce6ab8827279cfffb92266
  To:                  0x3347b4d90ebe72befb30444c9966b2b990ae9fcb

[32meth_chainId[0m
[32meth_call[0m
  Contract call:       <UnrecognizedContract>
  From:                0xf39fd6e51aad88f6f4ce6ab8827279cfffb92266
  To:                  0x3347b4d90ebe72befb30444c9966b2b990ae9fcb

[32meth_chainId[0m
[32meth_call[0m
  Contract call:       <UnrecognizedContract>
  From:                0xf39fd6e51aad88f6f4ce6ab8827279cfffb92266
  To:                  0x3347b4d90ebe72befb30444c9966b2b990ae9fcb

[32meth_call[0m
  Contract call:       <UnrecognizedContract>
  From:                0xf39fd6e51aad88f6f4ce6ab8827279cfffb92266
  To:                  0x3347b4d90ebe72befb30444c9966b2b990ae9fcb

[32meth_chainId[0m
[32meth_call[0m
  Contract call:       <UnrecognizedContract>
  From:                0xf39fd6e51aad88f6f4ce6ab8827279cfffb92266
  To:                  0x3347b4d90ebe72befb30444c9966b2b990ae9fcb

[32meth_chainId[0m
[32meth_call[0m
  Contract call:       <UnrecognizedContract>
  From:                0xf39fd6e51aad88f6f4ce6ab8827279cfffb92266
  To:                  0x3347b4d90ebe72befb30444c9966b2b990ae9fcb

[32meth_chainId[0m
[32meth_call[0m
  Contract call:       <UnrecognizedContract>
  From:                0xf39fd6e51aad88f6f4ce6ab8827279cfffb92266
  To:                  0x3347b4d90ebe72befb30444c9966b2b990ae9fcb

[32meth_call[0m
  Contract call:       <UnrecognizedContract>
  From:                0xf39fd6e51aad88f6f4ce6ab8827279cfffb92266
  To:                  0x3347b4d90ebe72befb30444c9966b2b990ae9fcb

[32meth_chainId[0m
[32meth_call[0m
  Contract call:       <UnrecognizedContract>
  From:                0xf39fd6e51aad88f6f4ce6ab8827279cfffb92266
  To:                  0x3347b4d90ebe72befb30444c9966b2b990ae9fcb

[32meth_chainId[0m
[32meth_call[0m
  Contract call:       <UnrecognizedContract>
  From:                0xf39fd6e51aad88f6f4ce6ab8827279cfffb92266
  To:                  0x3347b4d90ebe72befb30444c9966b2b990ae9fcb

[32meth_chainId[0m
[32meth_call[0m
  Contract call:       <UnrecognizedContract>
  From:                0xf39fd6e51aad88f6f4ce6ab8827279cfffb92266
  To:                  0x3347b4d90ebe72befb30444c9966b2b990ae9fcb

[32meth_call[0m
  Contract call:       <UnrecognizedContract>
  From:                0xf39fd6e51aad88f6f4ce6ab8827279cfffb92266
  To:                  0x3347b4d90ebe72befb30444c9966b2b990ae9fcb

[32meth_chainId[0m
[32meth_call[0m
  Contract call:       <UnrecognizedContract>
  From:                0xf39fd6e51aad88f6f4ce6ab8827279cfffb92266
  To:                  0x3347b4d90ebe72befb30444c9966b2b990ae9fcb

[32meth_chainId[0m
[32meth_call[0m
  Contract call:       <UnrecognizedContract>
  From:                0xf39fd6e51aad88f6f4ce6ab8827279cfffb92266
  To:                  0x3347b4d90ebe72befb30444c9966b2b990ae9fcb

[32meth_chainId[0m
[32meth_call[0m
  Contract call:       <UnrecognizedContract>
  From:                0xf39fd6e51aad88f6f4ce6ab8827279cfffb92266
  To:                  0x3347b4d90ebe72befb30444c9966b2b990ae9fcb

[32meth_call[0m
  Contract call:       <UnrecognizedContract>
  From:                0xf39fd6e51aad88f6f4ce6ab8827279cfffb92266
  To:                  0x3347b4d90ebe72befb30444c9966b2b990ae9fcb

[32meth_chainId[0m
[32meth_call[0m
  Contract call:       <UnrecognizedContract>
  From:                0xf39fd6e51aad88f6f4ce6ab8827279cfffb92266
  To:                  0x3347b4d90ebe72befb30444c9966b2b990ae9fcb

[32meth_chainId[0m
[32meth_call[0m
  Contract call:       <UnrecognizedContract>
  From:                0xf39fd6e51aad88f6f4ce6ab8827279cfffb92266
  To:                  0x3347b4d90ebe72befb30444c9966b2b990ae9fcb

[32meth_chainId[0m
[32meth_call[0m
  Contract call:       <UnrecognizedContract>
  From:                0xf39fd6e51aad88f6f4ce6ab8827279cfffb92266
  To:                  0x3347b4d90ebe72befb30444c9966b2b990ae9fcb

[32meth_call[0m
  Contract call:       <UnrecognizedContract>
  From:                0xf39fd6e51aad88f6f4ce6ab8827279cfffb92266
  To:                  0x3347b4d90ebe72befb30444c9966b2b990ae9fcb

[32meth_chainId[0m
[32meth_call[0m
  Contract call:       <UnrecognizedContract>
  From:                0xf39fd6e51aad88f6f4ce6ab8827279cfffb92266
  To:                  0x3347b4d90ebe72befb30444c9966b2b990ae9fcb

[32meth_chainId[0m
[32meth_call[0m
  Contract call:       <UnrecognizedContract>
  From:                0xf39fd6e51aad88f6f4ce6ab8827279cfffb92266
  To:                  0x3347b4d90ebe72befb30444c9966b2b990ae9fcb

[32meth_chainId[0m
[32meth_call[0m
  Contract call:       <UnrecognizedContract>
  From:                0xf39fd6e51aad88f6f4ce6ab8827279cfffb92266
  To:                  0x3347b4d90ebe72befb30444c9966b2b990ae9fcb

[32meth_chainId[0m
[32meth_call[0m
  Contract call:       <UnrecognizedContract>
  From:                0xf39fd6e51aad88f6f4ce6ab8827279cfffb92266
  To:                  0x3347b4d90ebe72befb30444c9966b2b990ae9fcb

[32meth_chainId[0m
[32meth_call[0m
  Contract call:       <UnrecognizedContract>
  From:                0xf39fd6e51aad88f6f4ce6ab8827279cfffb92266
  To:                  0x3347b4d90ebe72befb30444c9966b2b990ae9fcb

[32meth_chainId[0m
[32meth_call[0m
  Contract call:       <UnrecognizedContract>
  From:                0xf39fd6e51aad88f6f4ce6ab8827279cfffb92266
  To:                  0x3347b4d90ebe72befb30444c9966b2b990ae9fcb

[32meth_chainId[0m
[32meth_call[0m
  Contract call:       <UnrecognizedContract>
  From:                0xf39fd6e51aad88f6f4ce6ab8827279cfffb92266
  To:                  0x3347b4d90ebe72befb30444c9966b2b990ae9fcb

[32meth_chainId[0m
[32meth_call[0m
  Contract call:       <UnrecognizedContract>
  From:                0xf39fd6e51aad88f6f4ce6ab8827279cfffb92266
  To:                  0x3347b4d90ebe72befb30444c9966b2b990ae9fcb

[32meth_chainId[0m
[32meth_call[0m
  Contract call:       <UnrecognizedContract>
  From:                0xf39fd6e51aad88f6f4ce6ab8827279cfffb92266
  To:                  0x3347b4d90ebe72befb30444c9966b2b990ae9fcb

[32meth_chainId[0m
[32meth_call[0m
  Contract call:       <UnrecognizedContract>
  From:                0xf39fd6e51aad88f6f4ce6ab8827279cfffb92266
  To:                  0x3347b4d90ebe72befb30444c9966b2b990ae9fcb

[32meth_chainId[0m
[32meth_call[0m
  Contract call:       <UnrecognizedContract>
  From:                0xf39fd6e51aad88f6f4ce6ab8827279cfffb92266
  To:                  0x3347b4d90ebe72befb30444c9966b2b990ae9fcb

[32meth_chainId[0m
[32meth_call[0m
  Contract call:       <UnrecognizedContract>
  From:                0xf39fd6e51aad88f6f4ce6ab8827279cfffb92266
  To:                  0x3347b4d90ebe72befb30444c9966b2b990ae9fcb

[32meth_chainId[0m
[32meth_call[0m
  Contract call:       <UnrecognizedContract>
  From:                0xf39fd6e51aad88f6f4ce6ab8827279cfffb92266
  To:                  0x3347b4d90ebe72befb30444c9966b2b990ae9fcb

[32meth_chainId[0m
[32meth_call[0m
  Contract call:       <UnrecognizedContract>
  From:                0xf39fd6e51aad88f6f4ce6ab8827279cfffb92266
  To:                  0x3347b4d90ebe72befb30444c9966b2b990ae9fcb

[32meth_chainId[0m
[32meth_call[0m
  Contract call:       <UnrecognizedContract>
  From:                0xf39fd6e51aad88f6f4ce6ab8827279cfffb92266
  To:                  0x3347b4d90ebe72befb30444c9966b2b990ae9fcb

[32meth_chainId[0m
[32meth_call[0m
  Contract call:       <UnrecognizedContract>
  From:                0xf39fd6e51aad88f6f4ce6ab8827279cfffb92266
  To:                  0x3347b4d90ebe72befb30444c9966b2b990ae9fcb

[32meth_chainId[0m
[32meth_call[0m
  Contract call:       <UnrecognizedContract>
  From:                0xf39fd6e51aad88f6f4ce6ab8827279cfffb92266
  To:                  0x3347b4d90ebe72befb30444c9966b2b990ae9fcb

[32meth_chainId[0m
[32meth_call[0m
  Contract call:       <UnrecognizedContract>
  From:                0xf39fd6e51aad88f6f4ce6ab8827279cfffb92266
  To:                  0x3347b4d90ebe72befb30444c9966b2b990ae9fcb

[32meth_chainId[0m
[32meth_call[0m
  Contract call:       <UnrecognizedContract>
  From:                0xf39fd6e51aad88f6f4ce6ab8827279cfffb92266
  To:                  0x3347b4d90ebe72befb30444c9966b2b990ae9fcb

[32meth_call[0m
  Contract call:       <UnrecognizedContract>
  From:                0xf39fd6e51aad88f6f4ce6ab8827279cfffb92266
  To:                  0x3347b4d90ebe72befb30444c9966b2b990ae9fcb

[32meth_chainId[0m
[32meth_call[0m
  Contract call:       <UnrecognizedContract>
  From:                0xf39fd6e51aad88f6f4ce6ab8827279cfffb92266
  To:                  0x3347b4d90ebe72befb30444c9966b2b990ae9fcb

[32meth_chainId[0m
[32meth_call[0m
  Contract call:       <UnrecognizedContract>
  From:                0xf39fd6e51aad88f6f4ce6ab8827279cfffb92266
  To:                  0x3347b4d90ebe72befb30444c9966b2b990ae9fcb

[32meth_chainId[0m
[32meth_call[0m
  Contract call:       <UnrecognizedContract>
  From:                0xf39fd6e51aad88f6f4ce6ab8827279cfffb92266
  To:                  0x3347b4d90ebe72befb30444c9966b2b990ae9fcb

[32meth_call[0m
  Contract call:       <UnrecognizedContract>
  From:                0xf39fd6e51aad88f6f4ce6ab8827279cfffb92266
  To:                  0x3347b4d90ebe72befb30444c9966b2b990ae9fcb

[32meth_chainId[0m
[32meth_call[0m
  Contract call:       <UnrecognizedContract>
  From:                0xf39fd6e51aad88f6f4ce6ab8827279cfffb92266
  To:                  0x3347b4d90ebe72befb30444c9966b2b990ae9fcb

[32meth_chainId[0m
[32meth_call[0m
  Contract call:       <UnrecognizedContract>
  From:                0xf39fd6e51aad88f6f4ce6ab8827279cfffb92266
  To:                  0x3347b4d90ebe72befb30444c9966b2b990ae9fcb

[32meth_chainId[0m
[32meth_call[0m
  Contract call:       <UnrecognizedContract>
  From:                0xf39fd6e51aad88f6f4ce6ab8827279cfffb92266
  To:                  0x3347b4d90ebe72befb30444c9966b2b990ae9fcb

[32meth_call[0m
  Contract call:       <UnrecognizedContract>
  From:                0xf39fd6e51aad88f6f4ce6ab8827279cfffb92266
  To:                  0x3347b4d90ebe72befb30444c9966b2b990ae9fcb

[32meth_chainId[0m
[32meth_call[0m
  Contract call:       <UnrecognizedContract>
  From:                0xf39fd6e51aad88f6f4ce6ab8827279cfffb92266
  To:                  0x3347b4d90ebe72befb30444c9966b2b990ae9fcb

[32meth_chainId[0m
[32meth_call[0m
  Contract call:       <UnrecognizedContract>
  From:                0xf39fd6e51aad88f6f4ce6ab8827279cfffb92266
  To:                  0x3347b4d90ebe72befb30444c9966b2b990ae9fcb

[32meth_chainId[0m
[32meth_call[0m
  Contract call:       <UnrecognizedContract>
  From:                0xf39fd6e51aad88f6f4ce6ab8827279cfffb92266
  To:                  0x3347b4d90ebe72befb30444c9966b2b990ae9fcb

[32meth_call[0m
  Contract call:       <UnrecognizedContract>
  From:                0xf39fd6e51aad88f6f4ce6ab8827279cfffb92266
  To:                  0x3347b4d90ebe72befb30444c9966b2b990ae9fcb

[32meth_chainId[0m
[32meth_call[0m
  Contract call:       <UnrecognizedContract>
  From:                0xf39fd6e51aad88f6f4ce6ab8827279cfffb92266
  To:                  0x3347b4d90ebe72befb30444c9966b2b990ae9fcb

[32meth_chainId[0m
[32meth_call[0m
  Contract call:       <UnrecognizedContract>
  From:                0xf39fd6e51aad88f6f4ce6ab8827279cfffb92266
  To:                  0x3347b4d90ebe72befb30444c9966b2b990ae9fcb

[32meth_chainId[0m
[32meth_call[0m
  Contract call:       <UnrecognizedContract>
  From:                0xf39fd6e51aad88f6f4ce6ab8827279cfffb92266
  To:                  0x3347b4d90ebe72befb30444c9966b2b990ae9fcb

[32meth_call[0m
  Contract call:       <UnrecognizedContract>
  From:                0xf39fd6e51aad88f6f4ce6ab8827279cfffb92266
  To:                  0x3347b4d90ebe72befb30444c9966b2b990ae9fcb

[32meth_chainId[0m
[32meth_call[0m
  Contract call:       <UnrecognizedContract>
  From:                0xf39fd6e51aad88f6f4ce6ab8827279cfffb92266
  To:                  0x3347b4d90ebe72befb30444c9966b2b990ae9fcb

[32meth_chainId[0m
[32meth_call[0m
  Contract call:       <UnrecognizedContract>
  From:                0xf39fd6e51aad88f6f4ce6ab8827279cfffb92266
  To:                  0x3347b4d90ebe72befb30444c9966b2b990ae9fcb

[32meth_chainId[0m
[32meth_call[0m
  Contract call:       <UnrecognizedContract>
  From:                0xf39fd6e51aad88f6f4ce6ab8827279cfffb92266
  To:                  0x3347b4d90ebe72befb30444c9966b2b990ae9fcb

[32meth_call[0m
  Contract call:       <UnrecognizedContract>
  From:                0xf39fd6e51aad88f6f4ce6ab8827279cfffb92266
  To:                  0x3347b4d90ebe72befb30444c9966b2b990ae9fcb

[32meth_chainId[0m
[32meth_call[0m
  Contract call:       <UnrecognizedContract>
  From:                0xf39fd6e51aad88f6f4ce6ab8827279cfffb92266
  To:                  0x3347b4d90ebe72befb30444c9966b2b990ae9fcb

[32meth_chainId[0m
[32meth_call[0m
  Contract call:       <UnrecognizedContract>
  From:                0xf39fd6e51aad88f6f4ce6ab8827279cfffb92266
  To:                  0x3347b4d90ebe72befb30444c9966b2b990ae9fcb

[32meth_chainId[0m
[32meth_call[0m
  Contract call:       <UnrecognizedContract>
  From:                0xf39fd6e51aad88f6f4ce6ab8827279cfffb92266
  To:                  0x3347b4d90ebe72befb30444c9966b2b990ae9fcb

[32meth_call[0m
  Contract call:       <UnrecognizedContract>
  From:                0xf39fd6e51aad88f6f4ce6ab8827279cfffb92266
  To:                  0x3347b4d90ebe72befb30444c9966b2b990ae9fcb

[32meth_chainId[0m
[32meth_call[0m
  Contract call:       <UnrecognizedContract>
  From:                0xf39fd6e51aad88f6f4ce6ab8827279cfffb92266
  To:                  0x3347b4d90ebe72befb30444c9966b2b990ae9fcb

[32meth_chainId[0m
[32meth_call[0m
  Contract call:       <UnrecognizedContract>
  From:                0xf39fd6e51aad88f6f4ce6ab8827279cfffb92266
  To:                  0x3347b4d90ebe72befb30444c9966b2b990ae9fcb

[32meth_chainId[0m
[32meth_call[0m
  Contract call:       <UnrecognizedContract>
  From:                0xf39fd6e51aad88f6f4ce6ab8827279cfffb92266
  To:                  0x3347b4d90ebe72befb30444c9966b2b990ae9fcb

[32meth_call[0m
  Contract call:       <UnrecognizedContract>
  From:                0xf39fd6e51aad88f6f4ce6ab8827279cfffb92266
  To:                  0x3347b4d90ebe72befb30444c9966b2b990ae9fcb

[32meth_chainId[0m
[32meth_call[0m
  Contract call:       <UnrecognizedContract>
  From:                0xf39fd6e51aad88f6f4ce6ab8827279cfffb92266
  To:                  0x3347b4d90ebe72befb30444c9966b2b990ae9fcb

[32meth_chainId[0m
[32meth_call[0m
  Contract call:       <UnrecognizedContract>
  From:                0xf39fd6e51aad88f6f4ce6ab8827279cfffb92266
  To:                  0x3347b4d90ebe72befb30444c9966b2b990ae9fcb

[32meth_chainId[0m
[32meth_call[0m
  Contract call:       <UnrecognizedContract>
  From:                0xf39fd6e51aad88f6f4ce6ab8827279cfffb92266
  To:                  0x3347b4d90ebe72befb30444c9966b2b990ae9fcb

[32meth_call[0m
  Contract call:       <UnrecognizedContract>
  From:                0xf39fd6e51aad88f6f4ce6ab8827279cfffb92266
  To:                  0x3347b4d90ebe72befb30444c9966b2b990ae9fcb

[32meth_chainId[0m
[32meth_call[0m
  Contract call:       <UnrecognizedContract>
  From:                0xf39fd6e51aad88f6f4ce6ab8827279cfffb92266
  To:                  0x3347b4d90ebe72befb30444c9966b2b990ae9fcb

[32meth_chainId[0m
[32meth_call[0m
  Contract call:       <UnrecognizedContract>
  From:                0xf39fd6e51aad88f6f4ce6ab8827279cfffb92266
  To:                  0x3347b4d90ebe72befb30444c9966b2b990ae9fcb

[32meth_chainId[0m
[32meth_call[0m
  Contract call:       <UnrecognizedContract>
  From:                0xf39fd6e51aad88f6f4ce6ab8827279cfffb92266
  To:                  0x3347b4d90ebe72befb30444c9966b2b990ae9fcb

[32meth_call[0m
  Contract call:       <UnrecognizedContract>
  From:                0xf39fd6e51aad88f6f4ce6ab8827279cfffb92266
  To:                  0x3347b4d90ebe72befb30444c9966b2b990ae9fcb

[32meth_chainId[0m
[32meth_call[0m
  Contract call:       <UnrecognizedContract>
  From:                0xf39fd6e51aad88f6f4ce6ab8827279cfffb92266
  To:                  0x3347b4d90ebe72befb30444c9966b2b990ae9fcb

[32meth_chainId[0m
[32meth_call[0m
  Contract call:       <UnrecognizedContract>
  From:                0xf39fd6e51aad88f6f4ce6ab8827279cfffb92266
  To:                  0x3347b4d90ebe72befb30444c9966b2b990ae9fcb

[32meth_chainId[0m
[32meth_call[0m
  Contract call:       <UnrecognizedContract>
  From:                0xf39fd6e51aad88f6f4ce6ab8827279cfffb92266
  To:                  0x3347b4d90ebe72befb30444c9966b2b990ae9fcb

[32meth_call[0m
  Contract call:       <UnrecognizedContract>
  From:                0xf39fd6e51aad88f6f4ce6ab8827279cfffb92266
  To:                  0x3347b4d90ebe72befb30444c9966b2b990ae9fcb

[32meth_chainId[0m
[32meth_call[0m
  Contract call:       <UnrecognizedContract>
  From:                0xf39fd6e51aad88f6f4ce6ab8827279cfffb92266
  To:                  0x3347b4d90ebe72befb30444c9966b2b990ae9fcb

[32meth_chainId[0m
[32meth_call[0m
  Contract call:       <UnrecognizedContract>
  From:                0xf39fd6e51aad88f6f4ce6ab8827279cfffb92266
  To:                  0x3347b4d90ebe72befb30444c9966b2b990ae9fcb

[32meth_chainId[0m
[32meth_call[0m
  Contract call:       <UnrecognizedContract>
  From:                0xf39fd6e51aad88f6f4ce6ab8827279cfffb92266
  To:                  0x3347b4d90ebe72befb30444c9966b2b990ae9fcb

[32meth_call[0m
  Contract call:       <UnrecognizedContract>
  From:                0xf39fd6e51aad88f6f4ce6ab8827279cfffb92266
  To:                  0x3347b4d90ebe72befb30444c9966b2b990ae9fcb

[32meth_chainId[0m
[32meth_call[0m
  Contract call:       <UnrecognizedContract>
  From:                0xf39fd6e51aad88f6f4ce6ab8827279cfffb92266
  To:                  0x3347b4d90ebe72befb30444c9966b2b990ae9fcb

[32meth_chainId[0m
[32meth_call[0m
  Contract call:       <UnrecognizedContract>
  From:                0xf39fd6e51aad88f6f4ce6ab8827279cfffb92266
  To:                  0x3347b4d90ebe72befb30444c9966b2b990ae9fcb

[32meth_chainId[0m
[32meth_call[0m
  Contract call:       <UnrecognizedContract>
  From:                0xf39fd6e51aad88f6f4ce6ab8827279cfffb92266
  To:                  0x3347b4d90ebe72befb30444c9966b2b990ae9fcb

[32meth_call[0m
  Contract call:       <UnrecognizedContract>
  From:                0xf39fd6e51aad88f6f4ce6ab8827279cfffb92266
  To:                  0x3347b4d90ebe72befb30444c9966b2b990ae9fcb

[32meth_chainId[0m
[32meth_call[0m
  Contract call:       <UnrecognizedContract>
  From:                0xf39fd6e51aad88f6f4ce6ab8827279cfffb92266
  To:                  0x3347b4d90ebe72befb30444c9966b2b990ae9fcb

[32meth_chainId[0m
[32meth_call[0m
  Contract call:       <UnrecognizedContract>
  From:                0xf39fd6e51aad88f6f4ce6ab8827279cfffb92266
  To:                  0x3347b4d90ebe72befb30444c9966b2b990ae9fcb

[32meth_chainId[0m
[32meth_call[0m
  Contract call:       <UnrecognizedContract>
  From:                0xf39fd6e51aad88f6f4ce6ab8827279cfffb92266
  To:                  0x3347b4d90ebe72befb30444c9966b2b990ae9fcb

[32meth_call[0m
  Contract call:       <UnrecognizedContract>
  From:                0xf39fd6e51aad88f6f4ce6ab8827279cfffb92266
  To:                  0x3347b4d90ebe72befb30444c9966b2b990ae9fcb

[32meth_chainId[0m
[32meth_call[0m
  Contract call:       <UnrecognizedContract>
  From:                0xf39fd6e51aad88f6f4ce6ab8827279cfffb92266
  To:                  0x3347b4d90ebe72befb30444c9966b2b990ae9fcb

[32meth_chainId[0m
[32meth_call[0m
  Contract call:       <UnrecognizedContract>
  From:                0xf39fd6e51aad88f6f4ce6ab8827279cfffb92266
  To:                  0x3347b4d90ebe72befb30444c9966b2b990ae9fcb

[32meth_chainId[0m
[32meth_call[0m
  Contract call:       <UnrecognizedContract>
  From:                0xf39fd6e51aad88f6f4ce6ab8827279cfffb92266
  To:                  0x3347b4d90ebe72befb30444c9966b2b990ae9fcb

[32meth_call[0m
  Contract call:       <UnrecognizedContract>
  From:                0xf39fd6e51aad88f6f4ce6ab8827279cfffb92266
  To:                  0x3347b4d90ebe72befb30444c9966b2b990ae9fcb

[32meth_chainId[0m
[32meth_call[0m
  Contract call:       <UnrecognizedContract>
  From:                0xf39fd6e51aad88f6f4ce6ab8827279cfffb92266
  To:                  0x3347b4d90ebe72befb30444c9966b2b990ae9fcb

[32meth_chainId[0m
[32meth_call[0m
  Contract call:       <UnrecognizedContract>
  From:                0xf39fd6e51aad88f6f4ce6ab8827279cfffb92266
  To:                  0x3347b4d90ebe72befb30444c9966b2b990ae9fcb

[32meth_chainId[0m
[32meth_call[0m
  Contract call:       <UnrecognizedContract>
  From:                0xf39fd6e51aad88f6f4ce6ab8827279cfffb92266
  To:                  0x3347b4d90ebe72befb30444c9966b2b990ae9fcb

[32meth_call[0m
  Contract call:       <UnrecognizedContract>
  From:                0xf39fd6e51aad88f6f4ce6ab8827279cfffb92266
  To:                  0x3347b4d90ebe72befb30444c9966b2b990ae9fcb

[32meth_chainId[0m
[32meth_call[0m
  Contract call:       <UnrecognizedContract>
  From:                0xf39fd6e51aad88f6f4ce6ab8827279cfffb92266
  To:                  0x3347b4d90ebe72befb30444c9966b2b990ae9fcb

[32meth_chainId[0m
[32meth_call[0m
  Contract call:       <UnrecognizedContract>
  From:                0xf39fd6e51aad88f6f4ce6ab8827279cfffb92266
  To:                  0x3347b4d90ebe72befb30444c9966b2b990ae9fcb

[32meth_chainId[0m
[32meth_call[0m
  Contract call:       <UnrecognizedContract>
  From:                0xf39fd6e51aad88f6f4ce6ab8827279cfffb92266
  To:                  0x3347b4d90ebe72befb30444c9966b2b990ae9fcb

[32meth_call[0m
  Contract call:       <UnrecognizedContract>
  From:                0xf39fd6e51aad88f6f4ce6ab8827279cfffb92266
  To:                  0x3347b4d90ebe72befb30444c9966b2b990ae9fcb

[32meth_chainId[0m
[32meth_call[0m
  Contract call:       <UnrecognizedContract>
  From:                0xf39fd6e51aad88f6f4ce6ab8827279cfffb92266
  To:                  0x3347b4d90ebe72befb30444c9966b2b990ae9fcb

[32meth_chainId[0m
[32meth_call[0m
  Contract call:       <UnrecognizedContract>
  From:                0xf39fd6e51aad88f6f4ce6ab8827279cfffb92266
  To:                  0x3347b4d90ebe72befb30444c9966b2b990ae9fcb

[32meth_chainId[0m
[32meth_call[0m
  Contract call:       <UnrecognizedContract>
  From:                0xf39fd6e51aad88f6f4ce6ab8827279cfffb92266
  To:                  0x3347b4d90ebe72befb30444c9966b2b990ae9fcb

[32meth_call[0m
  Contract call:       <UnrecognizedContract>
  From:                0xf39fd6e51aad88f6f4ce6ab8827279cfffb92266
  To:                  0x3347b4d90ebe72befb30444c9966b2b990ae9fcb

[32meth_chainId[0m
[32meth_call[0m
  Contract call:       <UnrecognizedContract>
  From:                0xf39fd6e51aad88f6f4ce6ab8827279cfffb92266
  To:                  0x3347b4d90ebe72befb30444c9966b2b990ae9fcb

[32meth_chainId[0m
[32meth_call[0m
  Contract call:       <UnrecognizedContract>
  From:                0xf39fd6e51aad88f6f4ce6ab8827279cfffb92266
  To:                  0x3347b4d90ebe72befb30444c9966b2b990ae9fcb

[32meth_chainId[0m
[32meth_call[0m
  Contract call:       <UnrecognizedContract>
  From:                0xf39fd6e51aad88f6f4ce6ab8827279cfffb92266
  To:                  0x3347b4d90ebe72befb30444c9966b2b990ae9fcb

[32meth_call[0m
  Contract call:       <UnrecognizedContract>
  From:                0xf39fd6e51aad88f6f4ce6ab8827279cfffb92266
  To:                  0x3347b4d90ebe72befb30444c9966b2b990ae9fcb

[32meth_chainId[0m
[32meth_call[0m
  Contract call:       <UnrecognizedContract>
  From:                0xf39fd6e51aad88f6f4ce6ab8827279cfffb92266
  To:                  0x3347b4d90ebe72befb30444c9966b2b990ae9fcb

[32meth_chainId[0m
[32meth_call[0m
  Contract call:       <UnrecognizedContract>
  From:                0xf39fd6e51aad88f6f4ce6ab8827279cfffb92266
  To:                  0x3347b4d90ebe72befb30444c9966b2b990ae9fcb

[32meth_chainId[0m
[32meth_call[0m
  Contract call:       <UnrecognizedContract>
  From:                0xf39fd6e51aad88f6f4ce6ab8827279cfffb92266
  To:                  0x3347b4d90ebe72befb30444c9966b2b990ae9fcb

[32meth_call[0m
  Contract call:       <UnrecognizedContract>
  From:                0xf39fd6e51aad88f6f4ce6ab8827279cfffb92266
  To:                  0x3347b4d90ebe72befb30444c9966b2b990ae9fcb

[32meth_chainId[0m
[32meth_call[0m
  Contract call:       <UnrecognizedContract>
  From:                0xf39fd6e51aad88f6f4ce6ab8827279cfffb92266
  To:                  0x3347b4d90ebe72befb30444c9966b2b990ae9fcb

[32meth_chainId[0m
[32meth_call[0m
  Contract call:       <UnrecognizedContract>
  From:                0xf39fd6e51aad88f6f4ce6ab8827279cfffb92266
  To:                  0x3347b4d90ebe72befb30444c9966b2b990ae9fcb

[32meth_chainId[0m
[32meth_call[0m
  Contract call:       <UnrecognizedContract>
  From:                0xf39fd6e51aad88f6f4ce6ab8827279cfffb92266
  To:                  0x3347b4d90ebe72befb30444c9966b2b990ae9fcb

[32meth_call[0m
  Contract call:       <UnrecognizedContract>
  From:                0xf39fd6e51aad88f6f4ce6ab8827279cfffb92266
  To:                  0x3347b4d90ebe72befb30444c9966b2b990ae9fcb

[32meth_chainId[0m
[32meth_call[0m
  Contract call:       <UnrecognizedContract>
  From:                0xf39fd6e51aad88f6f4ce6ab8827279cfffb92266
  To:                  0x3347b4d90ebe72befb30444c9966b2b990ae9fcb

[32meth_chainId[0m
[32meth_call[0m
  Contract call:       <UnrecognizedContract>
  From:                0xf39fd6e51aad88f6f4ce6ab8827279cfffb92266
  To:                  0x3347b4d90ebe72befb30444c9966b2b990ae9fcb

[32meth_chainId[0m
[32meth_call[0m
  Contract call:       <UnrecognizedContract>
  From:                0xf39fd6e51aad88f6f4ce6ab8827279cfffb92266
  To:                  0x3347b4d90ebe72befb30444c9966b2b990ae9fcb

[32meth_call[0m
  Contract call:       <UnrecognizedContract>
  From:                0xf39fd6e51aad88f6f4ce6ab8827279cfffb92266
  To:                  0x3347b4d90ebe72befb30444c9966b2b990ae9fcb

[32meth_chainId[0m
[32meth_call[0m
  Contract call:       <UnrecognizedContract>
  From:                0xf39fd6e51aad88f6f4ce6ab8827279cfffb92266
  To:                  0x3347b4d90ebe72befb30444c9966b2b990ae9fcb

[32meth_chainId[0m
[32meth_call[0m
  Contract call:       <UnrecognizedContract>
  From:                0xf39fd6e51aad88f6f4ce6ab8827279cfffb92266
  To:                  0x3347b4d90ebe72befb30444c9966b2b990ae9fcb

[32meth_chainId[0m
[32meth_call[0m
  Contract call:       <UnrecognizedContract>
  From:                0xf39fd6e51aad88f6f4ce6ab8827279cfffb92266
  To:                  0x3347b4d90ebe72befb30444c9966b2b990ae9fcb

[32meth_call[0m
  Contract call:       <UnrecognizedContract>
  From:                0xf39fd6e51aad88f6f4ce6ab8827279cfffb92266
  To:                  0x3347b4d90ebe72befb30444c9966b2b990ae9fcb

[32meth_chainId[0m
[32meth_call[0m
  Contract call:       <UnrecognizedContract>
  From:                0xf39fd6e51aad88f6f4ce6ab8827279cfffb92266
  To:                  0x3347b4d90ebe72befb30444c9966b2b990ae9fcb

[32meth_chainId[0m
[32meth_call[0m
  Contract call:       <UnrecognizedContract>
  From:                0xf39fd6e51aad88f6f4ce6ab8827279cfffb92266
  To:                  0x3347b4d90ebe72befb30444c9966b2b990ae9fcb

[32meth_chainId[0m
[32meth_call[0m
  Contract call:       <UnrecognizedContract>
  From:                0xf39fd6e51aad88f6f4ce6ab8827279cfffb92266
  To:                  0x3347b4d90ebe72befb30444c9966b2b990ae9fcb

[32meth_call[0m
  Contract call:       <UnrecognizedContract>
  From:                0xf39fd6e51aad88f6f4ce6ab8827279cfffb92266
  To:                  0x3347b4d90ebe72befb30444c9966b2b990ae9fcb

[32meth_chainId[0m
[32meth_call[0m
  Contract call:       <UnrecognizedContract>
  From:                0xf39fd6e51aad88f6f4ce6ab8827279cfffb92266
  To:                  0x3347b4d90ebe72befb30444c9966b2b990ae9fcb

[32meth_chainId[0m
[32meth_call[0m
  Contract call:       <UnrecognizedContract>
  From:                0xf39fd6e51aad88f6f4ce6ab8827279cfffb92266
  To:                  0x3347b4d90ebe72befb30444c9966b2b990ae9fcb

[32meth_chainId[0m
[32meth_call[0m
  Contract call:       <UnrecognizedContract>
  From:                0xf39fd6e51aad88f6f4ce6ab8827279cfffb92266
  To:                  0x3347b4d90ebe72befb30444c9966b2b990ae9fcb

[32meth_call[0m
  Contract call:       <UnrecognizedContract>
  From:                0xf39fd6e51aad88f6f4ce6ab8827279cfffb92266
  To:                  0x3347b4d90ebe72befb30444c9966b2b990ae9fcb

[32meth_chainId[0m
[32meth_call[0m
  Contract call:       <UnrecognizedContract>
  From:                0xf39fd6e51aad88f6f4ce6ab8827279cfffb92266
  To:                  0x3347b4d90ebe72befb30444c9966b2b990ae9fcb

[32meth_chainId[0m
[32meth_call[0m
  Contract call:       <UnrecognizedContract>
  From:                0xf39fd6e51aad88f6f4ce6ab8827279cfffb92266
  To:                  0x3347b4d90ebe72befb30444c9966b2b990ae9fcb

[32meth_chainId[0m
[32meth_call[0m
  Contract call:       <UnrecognizedContract>
  From:                0xf39fd6e51aad88f6f4ce6ab8827279cfffb92266
  To:                  0x3347b4d90ebe72befb30444c9966b2b990ae9fcb

[32meth_call[0m
  Contract call:       <UnrecognizedContract>
  From:                0xf39fd6e51aad88f6f4ce6ab8827279cfffb92266
  To:                  0x3347b4d90ebe72befb30444c9966b2b990ae9fcb

[32meth_chainId[0m
[32meth_call[0m
  Contract call:       <UnrecognizedContract>
  From:                0xf39fd6e51aad88f6f4ce6ab8827279cfffb92266
  To:                  0x3347b4d90ebe72befb30444c9966b2b990ae9fcb

[32meth_chainId[0m
[32meth_call[0m
  Contract call:       <UnrecognizedContract>
  From:                0xf39fd6e51aad88f6f4ce6ab8827279cfffb92266
  To:                  0x3347b4d90ebe72befb30444c9966b2b990ae9fcb

[32meth_chainId[0m
[32meth_call[0m
  Contract call:       <UnrecognizedContract>
  From:                0xf39fd6e51aad88f6f4ce6ab8827279cfffb92266
  To:                  0x3347b4d90ebe72befb30444c9966b2b990ae9fcb

[32meth_call[0m
  Contract call:       <UnrecognizedContract>
  From:                0xf39fd6e51aad88f6f4ce6ab8827279cfffb92266
  To:                  0x3347b4d90ebe72befb30444c9966b2b990ae9fcb

[32meth_chainId[0m
[32meth_call[0m
  Contract call:       <UnrecognizedContract>
  From:                0xf39fd6e51aad88f6f4ce6ab8827279cfffb92266
  To:                  0x3347b4d90ebe72befb30444c9966b2b990ae9fcb

[32meth_chainId[0m
[32meth_call[0m
  Contract call:       <UnrecognizedContract>
  From:                0xf39fd6e51aad88f6f4ce6ab8827279cfffb92266
  To:                  0x3347b4d90ebe72befb30444c9966b2b990ae9fcb

[32meth_chainId[0m
[32meth_call[0m
  Contract call:       <UnrecognizedContract>
  From:                0xf39fd6e51aad88f6f4ce6ab8827279cfffb92266
  To:                  0x3347b4d90ebe72befb30444c9966b2b990ae9fcb

[32meth_call[0m
  Contract call:       <UnrecognizedContract>
  From:                0xf39fd6e51aad88f6f4ce6ab8827279cfffb92266
  To:                  0x3347b4d90ebe72befb30444c9966b2b990ae9fcb

[32meth_chainId[0m
[32meth_call[0m
  Contract call:       <UnrecognizedContract>
  From:                0xf39fd6e51aad88f6f4ce6ab8827279cfffb92266
  To:                  0x3347b4d90ebe72befb30444c9966b2b990ae9fcb

[32meth_chainId[0m
[32meth_call[0m
  Contract call:       <UnrecognizedContract>
  From:                0xf39fd6e51aad88f6f4ce6ab8827279cfffb92266
  To:                  0x3347b4d90ebe72befb30444c9966b2b990ae9fcb

[32meth_chainId[0m
[32meth_call[0m
  Contract call:       <UnrecognizedContract>
  From:                0xf39fd6e51aad88f6f4ce6ab8827279cfffb92266
  To:                  0x3347b4d90ebe72befb30444c9966b2b990ae9fcb

[32meth_call[0m
  Contract call:       <UnrecognizedContract>
  From:                0xf39fd6e51aad88f6f4ce6ab8827279cfffb92266
  To:                  0x3347b4d90ebe72befb30444c9966b2b990ae9fcb

[32meth_chainId[0m
[32meth_call[0m
  Contract call:       <UnrecognizedContract>
  From:                0xf39fd6e51aad88f6f4ce6ab8827279cfffb92266
  To:                  0x3347b4d90ebe72befb30444c9966b2b990ae9fcb

[32meth_chainId[0m
[32meth_call[0m
  Contract call:       <UnrecognizedContract>
  From:                0xf39fd6e51aad88f6f4ce6ab8827279cfffb92266
  To:                  0x3347b4d90ebe72befb30444c9966b2b990ae9fcb

[32meth_chainId[0m
[32meth_call[0m
  Contract call:       <UnrecognizedContract>
  From:                0xf39fd6e51aad88f6f4ce6ab8827279cfffb92266
  To:                  0x3347b4d90ebe72befb30444c9966b2b990ae9fcb

[32meth_call[0m
  Contract call:       <UnrecognizedContract>
  From:                0xf39fd6e51aad88f6f4ce6ab8827279cfffb92266
  To:                  0x3347b4d90ebe72befb30444c9966b2b990ae9fcb

[32meth_chainId[0m
[32meth_call[0m
  Contract call:       <UnrecognizedContract>
  From:                0xf39fd6e51aad88f6f4ce6ab8827279cfffb92266
  To:                  0x3347b4d90ebe72befb30444c9966b2b990ae9fcb

[32meth_chainId[0m
[32meth_call[0m
  Contract call:       <UnrecognizedContract>
  From:                0xf39fd6e51aad88f6f4ce6ab8827279cfffb92266
  To:                  0x3347b4d90ebe72befb30444c9966b2b990ae9fcb

[32meth_chainId[0m
[32meth_call[0m
  Contract call:       <UnrecognizedContract>
  From:                0xf39fd6e51aad88f6f4ce6ab8827279cfffb92266
  To:                  0x3347b4d90ebe72befb30444c9966b2b990ae9fcb

[32meth_call[0m
  Contract call:       <UnrecognizedContract>
  From:                0xf39fd6e51aad88f6f4ce6ab8827279cfffb92266
  To:                  0x3347b4d90ebe72befb30444c9966b2b990ae9fcb

[32meth_chainId[0m
[32meth_call[0m
  Contract call:       <UnrecognizedContract>
  From:                0xf39fd6e51aad88f6f4ce6ab8827279cfffb92266
  To:                  0x3347b4d90ebe72befb30444c9966b2b990ae9fcb

[32meth_chainId[0m
[32meth_call[0m
  Contract call:       <UnrecognizedContract>
  From:                0xf39fd6e51aad88f6f4ce6ab8827279cfffb92266
  To:                  0x3347b4d90ebe72befb30444c9966b2b990ae9fcb

[32meth_chainId[0m
[32meth_call[0m
  Contract call:       <UnrecognizedContract>
  From:                0xf39fd6e51aad88f6f4ce6ab8827279cfffb92266
  To:                  0x3347b4d90ebe72befb30444c9966b2b990ae9fcb

[32meth_call[0m
  Contract call:       <UnrecognizedContract>
  From:                0xf39fd6e51aad88f6f4ce6ab8827279cfffb92266
  To:                  0x3347b4d90ebe72befb30444c9966b2b990ae9fcb

[32meth_chainId[0m
[32meth_call[0m
  Contract call:       <UnrecognizedContract>
  From:                0xf39fd6e51aad88f6f4ce6ab8827279cfffb92266
  To:                  0x3347b4d90ebe72befb30444c9966b2b990ae9fcb

[32meth_chainId[0m
[32meth_call[0m
  Contract call:       <UnrecognizedContract>
  From:                0xf39fd6e51aad88f6f4ce6ab8827279cfffb92266
  To:                  0x3347b4d90ebe72befb30444c9966b2b990ae9fcb

[32meth_chainId[0m
[32meth_call[0m
  Contract call:       <UnrecognizedContract>
  From:                0xf39fd6e51aad88f6f4ce6ab8827279cfffb92266
  To:                  0x3347b4d90ebe72befb30444c9966b2b990ae9fcb

[32meth_call[0m
  Contract call:       <UnrecognizedContract>
  From:                0xf39fd6e51aad88f6f4ce6ab8827279cfffb92266
  To:                  0x3347b4d90ebe72befb30444c9966b2b990ae9fcb

[32meth_chainId[0m
[32meth_call[0m
  Contract call:       <UnrecognizedContract>
  From:                0xf39fd6e51aad88f6f4ce6ab8827279cfffb92266
  To:                  0x3347b4d90ebe72befb30444c9966b2b990ae9fcb

[32meth_chainId[0m
[32meth_call[0m
  Contract call:       <UnrecognizedContract>
  From:                0xf39fd6e51aad88f6f4ce6ab8827279cfffb92266
  To:                  0x3347b4d90ebe72befb30444c9966b2b990ae9fcb

[32meth_chainId[0m
[32meth_call[0m
  Contract call:       <UnrecognizedContract>
  From:                0xf39fd6e51aad88f6f4ce6ab8827279cfffb92266
  To:                  0x3347b4d90ebe72befb30444c9966b2b990ae9fcb

[32meth_call[0m
  Contract call:       <UnrecognizedContract>
  From:                0xf39fd6e51aad88f6f4ce6ab8827279cfffb92266
  To:                  0x3347b4d90ebe72befb30444c9966b2b990ae9fcb

[32meth_chainId[0m
[32meth_call[0m
  Contract call:       <UnrecognizedContract>
  From:                0xf39fd6e51aad88f6f4ce6ab8827279cfffb92266
  To:                  0x3347b4d90ebe72befb30444c9966b2b990ae9fcb

[32meth_chainId[0m
[32meth_call[0m
  Contract call:       <UnrecognizedContract>
  From:                0xf39fd6e51aad88f6f4ce6ab8827279cfffb92266
  To:                  0x3347b4d90ebe72befb30444c9966b2b990ae9fcb

[32meth_chainId[0m
[32meth_call[0m
  Contract call:       <UnrecognizedContract>
  From:                0xf39fd6e51aad88f6f4ce6ab8827279cfffb92266
  To:                  0x3347b4d90ebe72befb30444c9966b2b990ae9fcb

[32meth_call[0m
  Contract call:       <UnrecognizedContract>
  From:                0xf39fd6e51aad88f6f4ce6ab8827279cfffb92266
  To:                  0x3347b4d90ebe72befb30444c9966b2b990ae9fcb

[32meth_chainId[0m
[32meth_call[0m
  Contract call:       <UnrecognizedContract>
  From:                0xf39fd6e51aad88f6f4ce6ab8827279cfffb92266
  To:                  0x3347b4d90ebe72befb30444c9966b2b990ae9fcb

[32meth_chainId[0m
[32meth_call[0m
  Contract call:       <UnrecognizedContract>
  From:                0xf39fd6e51aad88f6f4ce6ab8827279cfffb92266
  To:                  0x3347b4d90ebe72befb30444c9966b2b990ae9fcb

[32meth_chainId[0m
[32meth_call[0m
  Contract call:       <UnrecognizedContract>
  From:                0xf39fd6e51aad88f6f4ce6ab8827279cfffb92266
  To:                  0x3347b4d90ebe72befb30444c9966b2b990ae9fcb

[32meth_call[0m
  Contract call:       <UnrecognizedContract>
  From:                0xf39fd6e51aad88f6f4ce6ab8827279cfffb92266
  To:                  0x3347b4d90ebe72befb30444c9966b2b990ae9fcb

[32meth_chainId[0m
[32meth_call[0m
  Contract call:       <UnrecognizedContract>
  From:                0xf39fd6e51aad88f6f4ce6ab8827279cfffb92266
  To:                  0x3347b4d90ebe72befb30444c9966b2b990ae9fcb

[32meth_chainId[0m
[32meth_call[0m
  Contract call:       <UnrecognizedContract>
  From:                0xf39fd6e51aad88f6f4ce6ab8827279cfffb92266
  To:                  0x3347b4d90ebe72befb30444c9966b2b990ae9fcb

[32meth_chainId[0m
[32meth_call[0m
  Contract call:       <UnrecognizedContract>
  From:                0xf39fd6e51aad88f6f4ce6ab8827279cfffb92266
  To:                  0x3347b4d90ebe72befb30444c9966b2b990ae9fcb

[32meth_call[0m
  Contract call:       <UnrecognizedContract>
  From:                0xf39fd6e51aad88f6f4ce6ab8827279cfffb92266
  To:                  0x3347b4d90ebe72befb30444c9966b2b990ae9fcb

[32meth_chainId[0m
[32meth_call[0m
  Contract call:       <UnrecognizedContract>
  From:                0xf39fd6e51aad88f6f4ce6ab8827279cfffb92266
  To:                  0x3347b4d90ebe72befb30444c9966b2b990ae9fcb

[32meth_chainId[0m
[32meth_call[0m
  Contract call:       <UnrecognizedContract>
  From:                0xf39fd6e51aad88f6f4ce6ab8827279cfffb92266
  To:                  0x3347b4d90ebe72befb30444c9966b2b990ae9fcb

[32meth_chainId[0m
[32meth_call[0m
  Contract call:       <UnrecognizedContract>
  From:                0xf39fd6e51aad88f6f4ce6ab8827279cfffb92266
  To:                  0x3347b4d90ebe72befb30444c9966b2b990ae9fcb

[32meth_call[0m
  Contract call:       <UnrecognizedContract>
  From:                0xf39fd6e51aad88f6f4ce6ab8827279cfffb92266
  To:                  0x3347b4d90ebe72befb30444c9966b2b990ae9fcb

[32meth_chainId[0m
[32meth_call[0m
  Contract call:       <UnrecognizedContract>
  From:                0xf39fd6e51aad88f6f4ce6ab8827279cfffb92266
  To:                  0x3347b4d90ebe72befb30444c9966b2b990ae9fcb

[32meth_chainId[0m
[32meth_call[0m
  Contract call:       <UnrecognizedContract>
  From:                0xf39fd6e51aad88f6f4ce6ab8827279cfffb92266
  To:                  0x3347b4d90ebe72befb30444c9966b2b990ae9fcb

[32meth_chainId[0m
[32meth_call[0m
  Contract call:       <UnrecognizedContract>
  From:                0xf39fd6e51aad88f6f4ce6ab8827279cfffb92266
  To:                  0x3347b4d90ebe72befb30444c9966b2b990ae9fcb

[32meth_call[0m
  Contract call:       <UnrecognizedContract>
  From:                0xf39fd6e51aad88f6f4ce6ab8827279cfffb92266
  To:                  0x3347b4d90ebe72befb30444c9966b2b990ae9fcb

[32meth_chainId[0m
[32meth_call[0m
  Contract call:       <UnrecognizedContract>
  From:                0xf39fd6e51aad88f6f4ce6ab8827279cfffb92266
  To:                  0x3347b4d90ebe72befb30444c9966b2b990ae9fcb

[32meth_chainId[0m
[32meth_call[0m
  Contract call:       <UnrecognizedContract>
  From:                0xf39fd6e51aad88f6f4ce6ab8827279cfffb92266
  To:                  0x3347b4d90ebe72befb30444c9966b2b990ae9fcb

[32meth_chainId[0m
[32meth_call[0m
  Contract call:       <UnrecognizedContract>
  From:                0xf39fd6e51aad88f6f4ce6ab8827279cfffb92266
  To:                  0x3347b4d90ebe72befb30444c9966b2b990ae9fcb

[32meth_call[0m
  Contract call:       <UnrecognizedContract>
  From:                0xf39fd6e51aad88f6f4ce6ab8827279cfffb92266
  To:                  0x3347b4d90ebe72befb30444c9966b2b990ae9fcb

[32meth_chainId[0m
[32meth_call[0m
  Contract call:       <UnrecognizedContract>
  From:                0xf39fd6e51aad88f6f4ce6ab8827279cfffb92266
  To:                  0x3347b4d90ebe72befb30444c9966b2b990ae9fcb

[32meth_chainId[0m
[32meth_call[0m
  Contract call:       <UnrecognizedContract>
  From:                0xf39fd6e51aad88f6f4ce6ab8827279cfffb92266
  To:                  0x3347b4d90ebe72befb30444c9966b2b990ae9fcb

[32meth_chainId[0m
[32meth_call[0m
  Contract call:       <UnrecognizedContract>
  From:                0xf39fd6e51aad88f6f4ce6ab8827279cfffb92266
  To:                  0x3347b4d90ebe72befb30444c9966b2b990ae9fcb

[32meth_call[0m
  Contract call:       <UnrecognizedContract>
  From:                0xf39fd6e51aad88f6f4ce6ab8827279cfffb92266
  To:                  0x3347b4d90ebe72befb30444c9966b2b990ae9fcb

[32meth_chainId[0m
[32meth_call[0m
  Contract call:       <UnrecognizedContract>
  From:                0xf39fd6e51aad88f6f4ce6ab8827279cfffb92266
  To:                  0x3347b4d90ebe72befb30444c9966b2b990ae9fcb

[32meth_chainId[0m
[32meth_call[0m
  Contract call:       <UnrecognizedContract>
  From:                0xf39fd6e51aad88f6f4ce6ab8827279cfffb92266
  To:                  0x3347b4d90ebe72befb30444c9966b2b990ae9fcb

[32meth_chainId[0m
[32meth_call[0m
  Contract call:       <UnrecognizedContract>
  From:                0xf39fd6e51aad88f6f4ce6ab8827279cfffb92266
  To:                  0x3347b4d90ebe72befb30444c9966b2b990ae9fcb

[32meth_call[0m
  Contract call:       <UnrecognizedContract>
  From:                0xf39fd6e51aad88f6f4ce6ab8827279cfffb92266
  To:                  0x3347b4d90ebe72befb30444c9966b2b990ae9fcb

[32meth_chainId[0m
[32meth_call[0m
  Contract call:       <UnrecognizedContract>
  From:                0xf39fd6e51aad88f6f4ce6ab8827279cfffb92266
  To:                  0x3347b4d90ebe72befb30444c9966b2b990ae9fcb

[32meth_chainId[0m
[32meth_call[0m
  Contract call:       <UnrecognizedContract>
  From:                0xf39fd6e51aad88f6f4ce6ab8827279cfffb92266
  To:                  0x3347b4d90ebe72befb30444c9966b2b990ae9fcb

[32meth_chainId[0m
[32meth_call[0m
  Contract call:       <UnrecognizedContract>
  From:                0xf39fd6e51aad88f6f4ce6ab8827279cfffb92266
  To:                  0x3347b4d90ebe72befb30444c9966b2b990ae9fcb

[32meth_call[0m
  Contract call:       <UnrecognizedContract>
  From:                0xf39fd6e51aad88f6f4ce6ab8827279cfffb92266
  To:                  0x3347b4d90ebe72befb30444c9966b2b990ae9fcb

[32meth_chainId[0m
[32meth_call[0m
  Contract call:       <UnrecognizedContract>
  From:                0xf39fd6e51aad88f6f4ce6ab8827279cfffb92266
  To:                  0x3347b4d90ebe72befb30444c9966b2b990ae9fcb

[32meth_chainId[0m
[32meth_call[0m
  Contract call:       <UnrecognizedContract>
  From:                0xf39fd6e51aad88f6f4ce6ab8827279cfffb92266
  To:                  0x3347b4d90ebe72befb30444c9966b2b990ae9fcb

[32meth_chainId[0m
[32meth_call[0m
  Contract call:       <UnrecognizedContract>
  From:                0xf39fd6e51aad88f6f4ce6ab8827279cfffb92266
  To:                  0x3347b4d90ebe72befb30444c9966b2b990ae9fcb

[32meth_call[0m
  Contract call:       <UnrecognizedContract>
  From:                0xf39fd6e51aad88f6f4ce6ab8827279cfffb92266
  To:                  0x3347b4d90ebe72befb30444c9966b2b990ae9fcb

[32meth_chainId[0m
[32meth_call[0m
  Contract call:       <UnrecognizedContract>
  From:                0xf39fd6e51aad88f6f4ce6ab8827279cfffb92266
  To:                  0x3347b4d90ebe72befb30444c9966b2b990ae9fcb

[32meth_chainId[0m
[32meth_call[0m
  Contract call:       <UnrecognizedContract>
  From:                0xf39fd6e51aad88f6f4ce6ab8827279cfffb92266
  To:                  0x3347b4d90ebe72befb30444c9966b2b990ae9fcb

[32meth_chainId[0m
[32meth_call[0m
  Contract call:       <UnrecognizedContract>
  From:                0xf39fd6e51aad88f6f4ce6ab8827279cfffb92266
  To:                  0x3347b4d90ebe72befb30444c9966b2b990ae9fcb

[32meth_call[0m
  Contract call:       <UnrecognizedContract>
  From:                0xf39fd6e51aad88f6f4ce6ab8827279cfffb92266
  To:                  0x3347b4d90ebe72befb30444c9966b2b990ae9fcb

[32meth_chainId[0m
[32meth_call[0m
  Contract call:       <UnrecognizedContract>
  From:                0xf39fd6e51aad88f6f4ce6ab8827279cfffb92266
  To:                  0x3347b4d90ebe72befb30444c9966b2b990ae9fcb

[32meth_chainId[0m
[32meth_call[0m
  Contract call:       <UnrecognizedContract>
  From:                0xf39fd6e51aad88f6f4ce6ab8827279cfffb92266
  To:                  0x3347b4d90ebe72befb30444c9966b2b990ae9fcb

[32meth_chainId[0m
[32meth_call[0m
  Contract call:       <UnrecognizedContract>
  From:                0xf39fd6e51aad88f6f4ce6ab8827279cfffb92266
  To:                  0x3347b4d90ebe72befb30444c9966b2b990ae9fcb

[32meth_call[0m
  Contract call:       <UnrecognizedContract>
  From:                0xf39fd6e51aad88f6f4ce6ab8827279cfffb92266
  To:                  0x3347b4d90ebe72befb30444c9966b2b990ae9fcb

[32meth_chainId[0m
[32meth_call[0m
  Contract call:       <UnrecognizedContract>
  From:                0xf39fd6e51aad88f6f4ce6ab8827279cfffb92266
  To:                  0x3347b4d90ebe72befb30444c9966b2b990ae9fcb

[32meth_chainId[0m
[32meth_call[0m
  Contract call:       <UnrecognizedContract>
  From:                0xf39fd6e51aad88f6f4ce6ab8827279cfffb92266
  To:                  0x3347b4d90ebe72befb30444c9966b2b990ae9fcb

[32meth_chainId[0m
[32meth_call[0m
  Contract call:       <UnrecognizedContract>
  From:                0xf39fd6e51aad88f6f4ce6ab8827279cfffb92266
  To:                  0x3347b4d90ebe72befb30444c9966b2b990ae9fcb

[32meth_call[0m
  Contract call:       <UnrecognizedContract>
  From:                0xf39fd6e51aad88f6f4ce6ab8827279cfffb92266
  To:                  0x3347b4d90ebe72befb30444c9966b2b990ae9fcb

[32meth_chainId[0m
[32meth_call[0m
  Contract call:       <UnrecognizedContract>
  From:                0xf39fd6e51aad88f6f4ce6ab8827279cfffb92266
  To:                  0x3347b4d90ebe72befb30444c9966b2b990ae9fcb

[32meth_chainId[0m
[32meth_call[0m
  Contract call:       <UnrecognizedContract>
  From:                0xf39fd6e51aad88f6f4ce6ab8827279cfffb92266
  To:                  0x3347b4d90ebe72befb30444c9966b2b990ae9fcb

[32meth_chainId[0m
[32meth_call[0m
  Contract call:       <UnrecognizedContract>
  From:                0xf39fd6e51aad88f6f4ce6ab8827279cfffb92266
  To:                  0x3347b4d90ebe72befb30444c9966b2b990ae9fcb

[32meth_call[0m
  Contract call:       <UnrecognizedContract>
  From:                0xf39fd6e51aad88f6f4ce6ab8827279cfffb92266
  To:                  0x3347b4d90ebe72befb30444c9966b2b990ae9fcb

[32meth_chainId[0m
[32meth_call[0m
  Contract call:       <UnrecognizedContract>
  From:                0xf39fd6e51aad88f6f4ce6ab8827279cfffb92266
  To:                  0x3347b4d90ebe72befb30444c9966b2b990ae9fcb

[32meth_chainId[0m
[32meth_call[0m
  Contract call:       <UnrecognizedContract>
  From:                0xf39fd6e51aad88f6f4ce6ab8827279cfffb92266
  To:                  0x3347b4d90ebe72befb30444c9966b2b990ae9fcb

[32meth_chainId[0m
[32meth_call[0m
  Contract call:       <UnrecognizedContract>
  From:                0xf39fd6e51aad88f6f4ce6ab8827279cfffb92266
  To:                  0x3347b4d90ebe72befb30444c9966b2b990ae9fcb

[32meth_call[0m
  Contract call:       <UnrecognizedContract>
  From:                0xf39fd6e51aad88f6f4ce6ab8827279cfffb92266
  To:                  0x3347b4d90ebe72befb30444c9966b2b990ae9fcb

[32meth_chainId[0m
[32meth_call[0m
  Contract call:       <UnrecognizedContract>
  From:                0xf39fd6e51aad88f6f4ce6ab8827279cfffb92266
  To:                  0x3347b4d90ebe72befb30444c9966b2b990ae9fcb

[32meth_chainId[0m
[32meth_call[0m
  Contract call:       <UnrecognizedContract>
  From:                0xf39fd6e51aad88f6f4ce6ab8827279cfffb92266
  To:                  0x3347b4d90ebe72befb30444c9966b2b990ae9fcb

[32meth_chainId[0m
[32meth_call[0m
  Contract call:       <UnrecognizedContract>
  From:                0xf39fd6e51aad88f6f4ce6ab8827279cfffb92266
  To:                  0x3347b4d90ebe72befb30444c9966b2b990ae9fcb

[32meth_call[0m
  Contract call:       <UnrecognizedContract>
  From:                0xf39fd6e51aad88f6f4ce6ab8827279cfffb92266
  To:                  0x3347b4d90ebe72befb30444c9966b2b990ae9fcb

[32meth_chainId[0m
[32meth_call[0m
  Contract call:       <UnrecognizedContract>
  From:                0xf39fd6e51aad88f6f4ce6ab8827279cfffb92266
  To:                  0x3347b4d90ebe72befb30444c9966b2b990ae9fcb

[32meth_chainId[0m
[32meth_call[0m
  Contract call:       <UnrecognizedContract>
  From:                0xf39fd6e51aad88f6f4ce6ab8827279cfffb92266
  To:                  0x3347b4d90ebe72befb30444c9966b2b990ae9fcb

[32meth_chainId[0m
[32meth_call[0m
  Contract call:       <UnrecognizedContract>
  From:                0xf39fd6e51aad88f6f4ce6ab8827279cfffb92266
  To:                  0x3347b4d90ebe72befb30444c9966b2b990ae9fcb

[32meth_call[0m
  Contract call:       <UnrecognizedContract>
  From:                0xf39fd6e51aad88f6f4ce6ab8827279cfffb92266
  To:                  0x3347b4d90ebe72befb30444c9966b2b990ae9fcb

[32meth_chainId[0m
[32meth_call[0m
  Contract call:       <UnrecognizedContract>
  From:                0xf39fd6e51aad88f6f4ce6ab8827279cfffb92266
  To:                  0x3347b4d90ebe72befb30444c9966b2b990ae9fcb

[32meth_chainId[0m
[32meth_call[0m
  Contract call:       <UnrecognizedContract>
  From:                0xf39fd6e51aad88f6f4ce6ab8827279cfffb92266
  To:                  0x3347b4d90ebe72befb30444c9966b2b990ae9fcb

[32meth_chainId[0m
[32meth_call[0m
  Contract call:       <UnrecognizedContract>
  From:                0xf39fd6e51aad88f6f4ce6ab8827279cfffb92266
  To:                  0x3347b4d90ebe72befb30444c9966b2b990ae9fcb

[32meth_call[0m
  Contract call:       <UnrecognizedContract>
  From:                0xf39fd6e51aad88f6f4ce6ab8827279cfffb92266
  To:                  0x3347b4d90ebe72befb30444c9966b2b990ae9fcb

[32meth_chainId[0m
[32meth_call[0m
  Contract call:       <UnrecognizedContract>
  From:                0xf39fd6e51aad88f6f4ce6ab8827279cfffb92266
  To:                  0x3347b4d90ebe72befb30444c9966b2b990ae9fcb

[32meth_chainId[0m
[32meth_call[0m
  Contract call:       <UnrecognizedContract>
  From:                0xf39fd6e51aad88f6f4ce6ab8827279cfffb92266
  To:                  0x3347b4d90ebe72befb30444c9966b2b990ae9fcb

[32meth_chainId[0m
[32meth_call[0m
  Contract call:       <UnrecognizedContract>
  From:                0xf39fd6e51aad88f6f4ce6ab8827279cfffb92266
  To:                  0x3347b4d90ebe72befb30444c9966b2b990ae9fcb

[32meth_call[0m
  Contract call:       <UnrecognizedContract>
  From:                0xf39fd6e51aad88f6f4ce6ab8827279cfffb92266
  To:                  0x3347b4d90ebe72befb30444c9966b2b990ae9fcb

[32meth_chainId[0m
[32meth_call[0m
  Contract call:       <UnrecognizedContract>
  From:                0xf39fd6e51aad88f6f4ce6ab8827279cfffb92266
  To:                  0x3347b4d90ebe72befb30444c9966b2b990ae9fcb

[32meth_chainId[0m
[32meth_call[0m
  Contract call:       <UnrecognizedContract>
  From:                0xf39fd6e51aad88f6f4ce6ab8827279cfffb92266
  To:                  0x3347b4d90ebe72befb30444c9966b2b990ae9fcb

[32meth_chainId[0m
[32meth_call[0m
  Contract call:       <UnrecognizedContract>
  From:                0xf39fd6e51aad88f6f4ce6ab8827279cfffb92266
  To:                  0x3347b4d90ebe72befb30444c9966b2b990ae9fcb

[32meth_call[0m
  Contract call:       <UnrecognizedContract>
  From:                0xf39fd6e51aad88f6f4ce6ab8827279cfffb92266
  To:                  0x3347b4d90ebe72befb30444c9966b2b990ae9fcb

[32meth_chainId[0m
[32meth_call[0m
  Contract call:       <UnrecognizedContract>
  From:                0xf39fd6e51aad88f6f4ce6ab8827279cfffb92266
  To:                  0x3347b4d90ebe72befb30444c9966b2b990ae9fcb

[32meth_chainId[0m
[32meth_call[0m
  Contract call:       <UnrecognizedContract>
  From:                0xf39fd6e51aad88f6f4ce6ab8827279cfffb92266
  To:                  0x3347b4d90ebe72befb30444c9966b2b990ae9fcb

[32meth_chainId[0m
[32meth_call[0m
  Contract call:       <UnrecognizedContract>
  From:                0xf39fd6e51aad88f6f4ce6ab8827279cfffb92266
  To:                  0x3347b4d90ebe72befb30444c9966b2b990ae9fcb

[32meth_call[0m
  Contract call:       <UnrecognizedContract>
  From:                0xf39fd6e51aad88f6f4ce6ab8827279cfffb92266
  To:                  0x3347b4d90ebe72befb30444c9966b2b990ae9fcb

[32meth_chainId[0m
[32meth_call[0m
  Contract call:       <UnrecognizedContract>
  From:                0xf39fd6e51aad88f6f4ce6ab8827279cfffb92266
  To:                  0x3347b4d90ebe72befb30444c9966b2b990ae9fcb

[32meth_chainId[0m
[32meth_call[0m
  Contract call:       <UnrecognizedContract>
  From:                0xf39fd6e51aad88f6f4ce6ab8827279cfffb92266
  To:                  0x3347b4d90ebe72befb30444c9966b2b990ae9fcb

[32meth_chainId[0m
[32meth_call[0m
  Contract call:       <UnrecognizedContract>
  From:                0xf39fd6e51aad88f6f4ce6ab8827279cfffb92266
  To:                  0x3347b4d90ebe72befb30444c9966b2b990ae9fcb

[32meth_call[0m
  Contract call:       <UnrecognizedContract>
  From:                0xf39fd6e51aad88f6f4ce6ab8827279cfffb92266
  To:                  0x3347b4d90ebe72befb30444c9966b2b990ae9fcb

[32meth_chainId[0m
[32meth_call[0m
  Contract call:       <UnrecognizedContract>
  From:                0xf39fd6e51aad88f6f4ce6ab8827279cfffb92266
  To:                  0x3347b4d90ebe72befb30444c9966b2b990ae9fcb

[32meth_chainId[0m
[32meth_call[0m
  Contract call:       <UnrecognizedContract>
  From:                0xf39fd6e51aad88f6f4ce6ab8827279cfffb92266
  To:                  0x3347b4d90ebe72befb30444c9966b2b990ae9fcb

[32meth_call[0m
  Contract call:       <UnrecognizedContract>
  From:                0xf39fd6e51aad88f6f4ce6ab8827279cfffb92266
  To:                  0x3347b4d90ebe72befb30444c9966b2b990ae9fcb

[32meth_chainId[0m
[32meth_call[0m
  Contract call:       <UnrecognizedContract>
  From:                0xf39fd6e51aad88f6f4ce6ab8827279cfffb92266
  To:                  0x3347b4d90ebe72befb30444c9966b2b990ae9fcb

[32meth_chainId[0m
[32meth_call[0m
  Contract call:       <UnrecognizedContract>
  From:                0xf39fd6e51aad88f6f4ce6ab8827279cfffb92266
  To:                  0x3347b4d90ebe72befb30444c9966b2b990ae9fcb

[32meth_call[0m
  Contract call:       <UnrecognizedContract>
  From:                0xf39fd6e51aad88f6f4ce6ab8827279cfffb92266
  To:                  0x3347b4d90ebe72befb30444c9966b2b990ae9fcb

[32meth_call[0m
  Contract call:       <UnrecognizedContract>
  From:                0xf39fd6e51aad88f6f4ce6ab8827279cfffb92266
  To:                  0x3347b4d90ebe72befb30444c9966b2b990ae9fcb

[32meth_chainId[0m
[32meth_call[0m
  Contract call:       <UnrecognizedContract>
  From:                0xf39fd6e51aad88f6f4ce6ab8827279cfffb92266
  To:                  0x3347b4d90ebe72befb30444c9966b2b990ae9fcb

[32meth_chainId[0m
[32meth_call[0m
  Contract call:       <UnrecognizedContract>
  From:                0xf39fd6e51aad88f6f4ce6ab8827279cfffb92266
  To:                  0x3347b4d90ebe72befb30444c9966b2b990ae9fcb

[32meth_call[0m
  Contract call:       <UnrecognizedContract>
  From:                0xf39fd6e51aad88f6f4ce6ab8827279cfffb92266
  To:                  0x3347b4d90ebe72befb30444c9966b2b990ae9fcb

[32meth_call[0m
  Contract call:       <UnrecognizedContract>
  From:                0xf39fd6e51aad88f6f4ce6ab8827279cfffb92266
  To:                  0x3347b4d90ebe72befb30444c9966b2b990ae9fcb

[32meth_chainId[0m
[32meth_call[0m
  Contract call:       <UnrecognizedContract>
  From:                0xf39fd6e51aad88f6f4ce6ab8827279cfffb92266
  To:                  0x3347b4d90ebe72befb30444c9966b2b990ae9fcb

[32meth_chainId[0m
[32meth_call[0m
  Contract call:       <UnrecognizedContract>
  From:                0xf39fd6e51aad88f6f4ce6ab8827279cfffb92266
  To:                  0x3347b4d90ebe72befb30444c9966b2b990ae9fcb

[32meth_call[0m
  Contract call:       <UnrecognizedContract>
  From:                0xf39fd6e51aad88f6f4ce6ab8827279cfffb92266
  To:                  0x3347b4d90ebe72befb30444c9966b2b990ae9fcb

[32meth_chainId[0m
[32meth_call[0m
  Contract call:       <UnrecognizedContract>
  From:                0xf39fd6e51aad88f6f4ce6ab8827279cfffb92266
  To:                  0x3347b4d90ebe72befb30444c9966b2b990ae9fcb

[32meth_chainId[0m
[32meth_call[0m
  Contract call:       <UnrecognizedContract>
  From:                0xf39fd6e51aad88f6f4ce6ab8827279cfffb92266
  To:                  0x3347b4d90ebe72befb30444c9966b2b990ae9fcb

[32meth_chainId[0m
[32meth_call[0m
  Contract call:       <UnrecognizedContract>
  From:                0xf39fd6e51aad88f6f4ce6ab8827279cfffb92266
  To:                  0x3347b4d90ebe72befb30444c9966b2b990ae9fcb

[32meth_call[0m
  Contract call:       <UnrecognizedContract>
  From:                0xf39fd6e51aad88f6f4ce6ab8827279cfffb92266
  To:                  0x3347b4d90ebe72befb30444c9966b2b990ae9fcb

[32meth_chainId[0m
[32meth_call[0m
  Contract call:       <UnrecognizedContract>
  From:                0xf39fd6e51aad88f6f4ce6ab8827279cfffb92266
  To:                  0x3347b4d90ebe72befb30444c9966b2b990ae9fcb

[32meth_chainId[0m
[32meth_call[0m
  Contract call:       <UnrecognizedContract>
  From:                0xf39fd6e51aad88f6f4ce6ab8827279cfffb92266
  To:                  0x3347b4d90ebe72befb30444c9966b2b990ae9fcb

[32meth_chainId[0m
[32meth_call[0m
  Contract call:       <UnrecognizedContract>
  From:                0xf39fd6e51aad88f6f4ce6ab8827279cfffb92266
  To:                  0x3347b4d90ebe72befb30444c9966b2b990ae9fcb

[32meth_call[0m
  Contract call:       <UnrecognizedContract>
  From:                0xf39fd6e51aad88f6f4ce6ab8827279cfffb92266
  To:                  0x3347b4d90ebe72befb30444c9966b2b990ae9fcb

[32meth_chainId[0m
[32meth_call[0m
  Contract call:       <UnrecognizedContract>
  From:                0xf39fd6e51aad88f6f4ce6ab8827279cfffb92266
  To:                  0x3347b4d90ebe72befb30444c9966b2b990ae9fcb

[32meth_chainId[0m
[32meth_call[0m
  Contract call:       <UnrecognizedContract>
  From:                0xf39fd6e51aad88f6f4ce6ab8827279cfffb92266
  To:                  0x3347b4d90ebe72befb30444c9966b2b990ae9fcb

[32meth_chainId[0m
[32meth_call[0m
  Contract call:       <UnrecognizedContract>
  From:                0xf39fd6e51aad88f6f4ce6ab8827279cfffb92266
  To:                  0x3347b4d90ebe72befb30444c9966b2b990ae9fcb

[32meth_call[0m
  Contract call:       <UnrecognizedContract>
  From:                0xf39fd6e51aad88f6f4ce6ab8827279cfffb92266
  To:                  0x3347b4d90ebe72befb30444c9966b2b990ae9fcb

[32meth_chainId[0m
[32meth_call[0m
  Contract call:       <UnrecognizedContract>
  From:                0xf39fd6e51aad88f6f4ce6ab8827279cfffb92266
  To:                  0x3347b4d90ebe72befb30444c9966b2b990ae9fcb

[32meth_call[0m
  Contract call:       <UnrecognizedContract>
  From:                0xf39fd6e51aad88f6f4ce6ab8827279cfffb92266
  To:                  0x3347b4d90ebe72befb30444c9966b2b990ae9fcb

[32meth_chainId[0m
[32meth_call[0m
  Contract call:       <UnrecognizedContract>
  From:                0xf39fd6e51aad88f6f4ce6ab8827279cfffb92266
  To:                  0x3347b4d90ebe72befb30444c9966b2b990ae9fcb

[32meth_call[0m
  Contract call:       <UnrecognizedContract>
  From:                0xf39fd6e51aad88f6f4ce6ab8827279cfffb92266
  To:                  0x3347b4d90ebe72befb30444c9966b2b990ae9fcb

[32meth_chainId[0m
[32meth_call[0m
  Contract call:       <UnrecognizedContract>
  From:                0xf39fd6e51aad88f6f4ce6ab8827279cfffb92266
  To:                  0x3347b4d90ebe72befb30444c9966b2b990ae9fcb

[32meth_call[0m
  Contract call:       <UnrecognizedContract>
  From:                0xf39fd6e51aad88f6f4ce6ab8827279cfffb92266
  To:                  0x3347b4d90ebe72befb30444c9966b2b990ae9fcb

[32meth_chainId[0m
[32meth_blockNumber[0m
[32meth_chainId[0m
[32meth_accounts[0m
[32meth_accounts (2)[0m
[32meth_blockNumber[0m
[32meth_getBlockByNumber[0m
[32meth_feeHistory[0m
[32meth_estimateGas[0m
[32meth_sendTransaction[0m
  Contract deployment: <UnrecognizedContract>
  Contract address:    0xac9fcba56e42d5960f813b9d0387f3d3bc003338
  Transaction:         0xb4acba94509e1485e6be5682daeb8969dd1bc9aea2cbdb0e6378ba56208d1ad3
  From:                0xf39fd6e51aad88f6f4ce6ab8827279cfffb92266
  Value:               0 ETH
  Gas used:            1155063 of 1155063
  Block #196:          0x27928352c7e2b64fa0b1f20ad8d706d06afc5a744451919b89cb5871e3db203f

[32meth_getTransactionByHash[0m
[32meth_getTransactionReceipt[0m
[32meth_chainId[0m
[32meth_blockNumber[0m
[32meth_chainId[0m
[32meth_call[0m
  Contract call:       <UnrecognizedContract>
  From:                0xf39fd6e51aad88f6f4ce6ab8827279cfffb92266
  To:                  0xac9fcba56e42d5960f813b9d0387f3d3bc003338

[32meth_getTransactionCount[0m
[32meth_chainId[0m
[32meth_estimateGas[0m
[32meth_chainId[0m
[32meth_chainId (2)[0m
[32meth_getBlockByNumber[0m
[32meth_gasPrice[0m
[32meth_maxPriorityFeePerGas[0m
[32meth_chainId[0m
[32meth_blockNumber[0m
[32meth_sendRawTransaction[0m
  Contract call:       <UnrecognizedContract>
  Transaction:         0xda1fe2f1c1788b28e01494b095109f6e4068f32f44e72101374fdd187a15a334
  From:                0xf39fd6e51aad88f6f4ce6ab8827279cfffb92266
  To:                  0xac9fcba56e42d5960f813b9d0387f3d3bc003338
  Value:               0 ETH
  Gas used:            255404 of 255404
  Block #197:          0xb25b0cec35eaee67a160f735cdc22b938ea17505c4e0034a20f5249f4bbe3570

[32meth_chainId[0m
[32meth_chainId (2)[0m
[32meth_getTransactionReceipt[0m
[32meth_getTransactionCount[0m
[32meth_chainId[0m
[32meth_estimateGas[0m
[32meth_chainId[0m
[32meth_chainId (2)[0m
[32meth_getBlockByNumber[0m
[32meth_gasPrice[0m
[32meth_maxPriorityFeePerGas[0m
[32meth_chainId[0m
[32meth_blockNumber[0m
[32meth_sendRawTransaction[0m
  Contract call:       <UnrecognizedContract>
  Transaction:         0x30d4eeb193fddcf33570a49381c65e38e8472176ae4496aee8e1d1d5ceb43dfd
  From:                0xf39fd6e51aad88f6f4ce6ab8827279cfffb92266
  To:                  0xac9fcba56e42d5960f813b9d0387f3d3bc003338
  Value:               0 ETH
  Gas used:            201283 of 201283
  Block #198:          0x6a992727d5018a9186eee807a35ef3c19266f0d7176ac938e69a0628f6ef991f

[32meth_chainId[0m
[32meth_chainId (2)[0m
[32meth_getTransactionReceipt[0m
[32meth_getTransactionCount[0m
[32meth_chainId[0m
[32meth_estimateGas[0m
[32meth_chainId[0m
[32meth_chainId (2)[0m
[32meth_getBlockByNumber[0m
[32meth_gasPrice[0m
[32meth_maxPriorityFeePerGas[0m
[32meth_chainId[0m
[32meth_blockNumber[0m
[32meth_sendRawTransaction[0m
  Contract call:       <UnrecognizedContract>
  Transaction:         0x2d6c26d8a86b897927e78826ae1fd28e052df22ea9f997dd31b124a59997f42c
  From:                0xf39fd6e51aad88f6f4ce6ab8827279cfffb92266
  To:                  0xac9fcba56e42d5960f813b9d0387f3d3bc003338
  Value:               0 ETH
  Gas used:            269410 of 269410
  Block #199:          0xf13c32ba4269cb80829dddbc1cc81224f1f1aa894b0ff89d1730cc355511f45d

[32meth_chainId[0m
[32meth_chainId (2)[0m
[32meth_getTransactionReceipt[0m
[32meth_chainId[0m
[32meth_call[0m
  Contract call:       <UnrecognizedContract>
  From:                0xf39fd6e51aad88f6f4ce6ab8827279cfffb92266
  To:                  0xac9fcba56e42d5960f813b9d0387f3d3bc003338

[32meth_getTransactionCount[0m
[32meth_chainId[0m
[32meth_estimateGas[0m
[32meth_chainId[0m
[32meth_chainId (2)[0m
[32meth_getBlockByNumber[0m
[32meth_gasPrice[0m
[32meth_maxPriorityFeePerGas[0m
[32meth_chainId[0m
[32meth_blockNumber[0m
[32meth_sendRawTransaction[0m
  Contract call:       <UnrecognizedContract>
  Transaction:         0x3106aa92492d1209763135e6f2f4df5cc585adfb0c0e25f3ba427935a20e6930
  From:                0xf39fd6e51aad88f6f4ce6ab8827279cfffb92266
  To:                  0xac9fcba56e42d5960f813b9d0387f3d3bc003338
  Value:               0 ETH
  Gas used:            238280 of 238280
  Block #200:          0x31bad7e33e94f177637440ff2d2108f3ba5061c83b41f875a33fad5ef875cb60

[32meth_chainId[0m
[32meth_chainId (2)[0m
[32meth_getTransactionReceipt[0m
[32meth_getTransactionCount[0m
[32meth_chainId[0m
[32meth_estimateGas[0m
[32meth_chainId[0m
[32meth_chainId (2)[0m
[32meth_getBlockByNumber[0m
[32meth_gasPrice[0m
[32meth_maxPriorityFeePerGas[0m
[32meth_chainId[0m
[32meth_blockNumber[0m
[32meth_sendRawTransaction[0m
  Contract call:       <UnrecognizedContract>
  Transaction:         0x6b016efbc8b11160324049f2054e02a3ba5cacf473695d8fd22e0c35b5f06c06
  From:                0xf39fd6e51aad88f6f4ce6ab8827279cfffb92266
  To:                  0xac9fcba56e42d5960f813b9d0387f3d3bc003338
  Value:               0 ETH
  Gas used:            201307 of 201307
  Block #201:          0x37bc6dfec23a86fb4fbffb330aec8c5e9ae47bb9d84ee33fe36a3a9e2688f550

[32meth_chainId[0m
[32meth_chainId (2)[0m
[32meth_getTransactionReceipt[0m
[32meth_getTransactionCount[0m
[32meth_chainId[0m
[32meth_estimateGas[0m
[32meth_chainId[0m
[32meth_chainId (2)[0m
[32meth_getBlockByNumber[0m
[32meth_gasPrice[0m
[32meth_maxPriorityFeePerGas[0m
[32meth_chainId[0m
[32meth_blockNumber[0m
[32meth_sendRawTransaction[0m
  Contract call:       <UnrecognizedContract>
  Transaction:         0x50ca349ac8ef39f7a00f540eafcfcbbb04f51d26920b31a8bdb4e91520f44fc7
  From:                0xf39fd6e51aad88f6f4ce6ab8827279cfffb92266
  To:                  0xac9fcba56e42d5960f813b9d0387f3d3bc003338
  Value:               0 ETH
  Gas used:            292155 of 292155
  Block #202:          0xe4063601e07931b3922567746b4f0e98a0225fa4a44bff88f584e7d08a9519fd

[32meth_chainId[0m
[32meth_chainId (2)[0m
[32meth_getTransactionReceipt[0m
[32meth_chainId[0m
[32meth_estimateGas[0m
[32meth_chainId[0m
[32meth_chainId (2)[0m
[32meth_chainId (3)[0m
[32meth_sendRawTransaction[0m
  Contract call:       <UnrecognizedContract>
  Transaction:         0xafa5e37093f3726a74e51f57213461e15241e13bdbf01a89247a2af71bf24887
  From:                0xf39fd6e51aad88f6f4ce6ab8827279cfffb92266
  To:                  0xac9fcba56e42d5960f813b9d0387f3d3bc003338
  Value:               0 ETH
  Gas used:            269398 of 269398
  Block #203:          0x16b5fe1780a7f09a3d52897212499664df96ea2c80db23a072cba233afc17ff6

[32meth_chainId[0m
[32meth_chainId (2)[0m
[32meth_getTransactionReceipt[0m
[32meth_chainId[0m
[32meth_call[0m
  Contract call:       <UnrecognizedContract>
  From:                0xf39fd6e51aad88f6f4ce6ab8827279cfffb92266
  To:                  0xac9fcba56e42d5960f813b9d0387f3d3bc003338

[32meth_getTransactionCount[0m
[32meth_chainId[0m
[32meth_estimateGas[0m
[32meth_chainId[0m
[32meth_chainId (2)[0m
[32meth_getBlockByNumber[0m
[32meth_gasPrice[0m
[32meth_maxPriorityFeePerGas[0m
[32meth_chainId[0m
[32meth_blockNumber[0m
[32meth_sendRawTransaction[0m
  Contract call:       <UnrecognizedContract>
  Transaction:         0x46f92f9465f00201920fa488f7788cf905baa8744b6af241c59560b94009d30e
  From:                0xf39fd6e51aad88f6f4ce6ab8827279cfffb92266
  To:                  0xac9fcba56e42d5960f813b9d0387f3d3bc003338
  Value:               0 ETH
  Gas used:            238328 of 238328
  Block #204:          0x75cc2ab498a2942ea9f225eb0b6b938a2a58454da1dcd064f406ac8334afce4f

[32meth_chainId[0m
[32meth_chainId (2)[0m
[32meth_getTransactionReceipt[0m
[32meth_getTransactionCount[0m
[32meth_chainId[0m
[32meth_estimateGas[0m
[32meth_chainId[0m
[32meth_chainId (2)[0m
[32meth_getBlockByNumber[0m
[32meth_gasPrice[0m
[32meth_maxPriorityFeePerGas[0m
[32meth_chainId[0m
[32meth_blockNumber[0m
[32meth_sendRawTransaction[0m
  Contract call:       <UnrecognizedContract>
  Transaction:         0x6284bd765733f5499a7019631023af019b3493a8d8658454a021cbeb9cb56c03
  From:                0xf39fd6e51aad88f6f4ce6ab8827279cfffb92266
  To:                  0xac9fcba56e42d5960f813b9d0387f3d3bc003338
  Value:               0 ETH
  Gas used:            201439 of 201439
  Block #205:          0xa406a0f0072a3b68dbf34f9e25357a347532added021b33457c2cc83a71d59a8

[32meth_chainId[0m
[32meth_chainId (2)[0m
[32meth_getTransactionReceipt[0m
[32meth_chainId[0m
[32meth_call[0m
  Contract call:       <UnrecognizedContract>
  From:                0xf39fd6e51aad88f6f4ce6ab8827279cfffb92266
  To:                  0xac9fcba56e42d5960f813b9d0387f3d3bc003338

[32meth_getTransactionCount[0m
[32meth_chainId[0m
[32meth_estimateGas[0m
[32meth_chainId[0m
[32meth_chainId (2)[0m
[32meth_getBlockByNumber[0m
[32meth_gasPrice[0m
[32meth_maxPriorityFeePerGas[0m
[32meth_chainId[0m
[32meth_blockNumber[0m
[32meth_sendRawTransaction[0m
  Contract call:       <UnrecognizedContract>
  Transaction:         0x046c42e0234bbdcd5f1e47036a99abf2a4d88dd195671219f60b17fb41661804
  From:                0xf39fd6e51aad88f6f4ce6ab8827279cfffb92266
  To:                  0xac9fcba56e42d5960f813b9d0387f3d3bc003338
  Value:               0 ETH
  Gas used:            238280 of 238280
  Block #206:          0x47fcbf60e79e82128a7b851dad8e7e14c3dac5744a29deea4a836b687cbec3f3

[32meth_chainId[0m
[32meth_chainId (2)[0m
[32meth_getTransactionReceipt[0m
[32meth_getTransactionCount[0m
[32meth_chainId[0m
[32meth_estimateGas[0m
[32meth_chainId[0m
[32meth_chainId (2)[0m
[32meth_getBlockByNumber[0m
[32meth_gasPrice[0m
[32meth_maxPriorityFeePerGas[0m
[32meth_chainId[0m
[32meth_blockNumber[0m
[32meth_sendRawTransaction[0m
  Contract call:       <UnrecognizedContract>
  Transaction:         0x018638e6d35e8d91cec761cbb3e358e6dd37b7d729266029fa63e3231c17f0c3
  From:                0xf39fd6e51aad88f6f4ce6ab8827279cfffb92266
  To:                  0xac9fcba56e42d5960f813b9d0387f3d3bc003338
  Value:               0 ETH
  Gas used:            201307 of 201307
  Block #207:          0x54368c90f341c5cad7dcd8cff9d9879c05af789dfe2a0eea800f44eac3c34b56

[32meth_chainId[0m
[32meth_chainId (2)[0m
[32meth_getTransactionReceipt[0m
[32meth_chainId[0m
[32meth_estimateGas[0m
[32meth_chainId[0m
[32meth_chainId (2)[0m
[32meth_chainId (3)[0m
[32meth_sendRawTransaction[0m
  Contract call:       <UnrecognizedContract>
  Transaction:         0x801888d5dd770a6e2b944915ee836ce1c89e5068079a86d782d681d7484b1b97
  From:                0xf39fd6e51aad88f6f4ce6ab8827279cfffb92266
  To:                  0xac9fcba56e42d5960f813b9d0387f3d3bc003338
  Value:               0 ETH
  Gas used:            269410 of 269410
  Block #208:          0xd3d80494f092fbc77784676b948efbc4ca5764dea8528c75de21f37dade2e0ec

[32meth_chainId[0m
[32meth_chainId (2)[0m
[32meth_getTransactionReceipt[0m
[32meth_chainId[0m
[32meth_call[0m
  Contract call:       <UnrecognizedContract>
  From:                0xf39fd6e51aad88f6f4ce6ab8827279cfffb92266
  To:                  0xac9fcba56e42d5960f813b9d0387f3d3bc003338

[32meth_getTransactionCount[0m
[32meth_chainId[0m
[32meth_estimateGas[0m
[32meth_chainId[0m
[32meth_chainId (2)[0m
[32meth_getBlockByNumber[0m
[32meth_gasPrice[0m
[32meth_maxPriorityFeePerGas[0m
[32meth_chainId[0m
[32meth_blockNumber[0m
[32meth_sendRawTransaction[0m
  Contract call:       <UnrecognizedContract>
  Transaction:         0x27176dca0e15e4194c318b85f3fee543456161d8dc9850f56da0c09e5de5a6fb
  From:                0xf39fd6e51aad88f6f4ce6ab8827279cfffb92266
  To:                  0xac9fcba56e42d5960f813b9d0387f3d3bc003338
  Value:               0 ETH
  Gas used:            238292 of 238292
  Block #209:          0xd4d3d173c654ed596e8bd74a4b65edd6c1f32caf7a9bdd695c0bcf6bd0927387

[32meth_chainId[0m
[32meth_chainId (2)[0m
[32meth_getTransactionReceipt[0m
[32meth_getTransactionCount[0m
[32meth_chainId[0m
[32meth_estimateGas[0m
[32meth_chainId[0m
[32meth_chainId (2)[0m
[32meth_getBlockByNumber[0m
[32meth_gasPrice[0m
[32meth_maxPriorityFeePerGas[0m
[32meth_chainId[0m
[32meth_blockNumber[0m
[32meth_sendRawTransaction[0m
  Contract call:       <UnrecognizedContract>
  Transaction:         0x448080abb17af4c4143d8b2e78ff13a62b902895171448acdfad11713a95ce39
  From:                0xf39fd6e51aad88f6f4ce6ab8827279cfffb92266
  To:                  0xac9fcba56e42d5960f813b9d0387f3d3bc003338
  Value:               0 ETH
  Gas used:            201295 of 201295
  Block #210:          0xa015dc2853deff9d88fb1e7014d745832820b019fa436c396d818407ae5203a8

[32meth_chainId[0m
[32meth_chainId (2)[0m
[32meth_getTransactionReceipt[0m
[32meth_chainId[0m
[32meth_estimateGas[0m
[32meth_chainId[0m
[32meth_chainId (2)[0m
[32meth_chainId (3)[0m
[32meth_sendRawTransaction[0m
  Contract call:       <UnrecognizedContract>
  Transaction:         0xfbc2e72c6dd3fa19483ef3f70623ce718c6b8c6ee15dc34ee77ade42140e3fbd
  From:                0xf39fd6e51aad88f6f4ce6ab8827279cfffb92266
  To:                  0xac9fcba56e42d5960f813b9d0387f3d3bc003338
  Value:               0 ETH
  Gas used:            292155 of 292155
  Block #211:          0x832ccbc4cc8fc500b16a5bb4851f2594ba4fe7ddbbf23b35828389e4b8ba3d37

[32meth_chainId[0m
[32meth_chainId (2)[0m
[32meth_getTransactionReceipt[0m
[32meth_getTransactionCount[0m
[32meth_chainId[0m
[32meth_estimateGas[0m
[32meth_chainId[0m
[32meth_chainId (2)[0m
[32meth_getBlockByNumber[0m
[32meth_gasPrice[0m
[32meth_maxPriorityFeePerGas[0m
[32meth_chainId[0m
[32meth_blockNumber[0m
[32meth_sendRawTransaction[0m
  Contract call:       <UnrecognizedContract>
  Transaction:         0x5b67cf181538871feb1b6c1479af67d59a193c4e8f55b2e41813c8ea07575fd9
  From:                0xf39fd6e51aad88f6f4ce6ab8827279cfffb92266
  To:                  0xac9fcba56e42d5960f813b9d0387f3d3bc003338
  Value:               0 ETH
  Gas used:            269410 of 269410
  Block #212:          0x918e38b1db2ef0e3c34b60ec8b493167cd05b6dd7685e04bb939714c677e7c48

[32meth_chainId[0m
[32meth_chainId (2)[0m
[32meth_getTransactionReceipt[0m
[32meth_chainId[0m
[32meth_call[0m
  Contract call:       <UnrecognizedContract>
  From:                0xf39fd6e51aad88f6f4ce6ab8827279cfffb92266
  To:                  0xac9fcba56e42d5960f813b9d0387f3d3bc003338

[32meth_getTransactionCount[0m
[32meth_chainId[0m
[32meth_estimateGas[0m
[32meth_chainId[0m
[32meth_chainId (2)[0m
[32meth_getBlockByNumber[0m
[32meth_gasPrice[0m
[32meth_maxPriorityFeePerGas[0m
[32meth_chainId[0m
[32meth_blockNumber[0m
[32meth_sendRawTransaction[0m
  Contract call:       <UnrecognizedContract>
  Transaction:         0xa2f955d0b153cd300d6f8d51bffbb791d07276baaca569751c688684f4b1512c
  From:                0xf39fd6e51aad88f6f4ce6ab8827279cfffb92266
  To:                  0xac9fcba56e42d5960f813b9d0387f3d3bc003338
  Value:               0 ETH
  Gas used:            238316 of 238316
  Block #213:          0xf7628f51b0a7f0d7fe8479bfe3d7759b66eae21e385b6253801c84e0977e6a33

[32meth_chainId[0m
[32meth_chainId (2)[0m
[32meth_getTransactionReceipt[0m
[32meth_getTransactionCount[0m
[32meth_chainId[0m
[32meth_estimateGas[0m
[32meth_chainId[0m
[32meth_chainId (2)[0m
[32meth_getBlockByNumber[0m
[32meth_gasPrice[0m
[32meth_maxPriorityFeePerGas[0m
[32meth_chainId[0m
[32meth_blockNumber[0m
[32meth_sendRawTransaction[0m
  Contract call:       <UnrecognizedContract>
  Transaction:         0x99d2706d8e7c48368b57ada225024b07ed19d1ff49be2bee914614168f6bebf7
  From:                0xf39fd6e51aad88f6f4ce6ab8827279cfffb92266
  To:                  0xac9fcba56e42d5960f813b9d0387f3d3bc003338
  Value:               0 ETH
  Gas used:            201307 of 201307
  Block #214:          0x82a766b1631ef7518eb04cc3b89576174476130d831ced4e4635c245fedc800b

[32meth_chainId[0m
[32meth_chainId (2)[0m
[32meth_getTransactionReceipt[0m
[32meth_chainId[0m
[32meth_estimateGas[0m
[32meth_chainId[0m
[32meth_chainId (2)[0m
[32meth_chainId (3)[0m
[32meth_sendRawTransaction[0m
  Contract call:       <UnrecognizedContract>
  Transaction:         0x712fb56f9ccddfcc08f11735bf88f2ea6f4c6b7a9c37b8d1c14ef4f33cafd312
  From:                0xf39fd6e51aad88f6f4ce6ab8827279cfffb92266
  To:                  0xac9fcba56e42d5960f813b9d0387f3d3bc003338
  Value:               0 ETH
  Gas used:            292155 of 292155
  Block #215:          0x79971fdd0380cd08c0034d6e83b896b2e9e28d576bfce15cd2b3a3dbda72fd79

[32meth_chainId[0m
[32meth_chainId (2)[0m
[32meth_getTransactionReceipt[0m
[32meth_getTransactionCount[0m
[32meth_chainId[0m
[32meth_estimateGas[0m
[32meth_chainId[0m
[32meth_chainId (2)[0m
[32meth_getBlockByNumber[0m
[32meth_gasPrice[0m
[32meth_maxPriorityFeePerGas[0m
[32meth_chainId[0m
[32meth_blockNumber[0m
[32meth_sendRawTransaction[0m
  Contract call:       <UnrecognizedContract>
  Transaction:         0xd61ff0488edaf4ed403c2a7e3e837f61c48e8c06373b1d48440446b151f3a510
  From:                0xf39fd6e51aad88f6f4ce6ab8827279cfffb92266
  To:                  0xac9fcba56e42d5960f813b9d0387f3d3bc003338
  Value:               0 ETH
  Gas used:            269398 of 269398
  Block #216:          0xfb1e8643ee121b6d8d31277058df53152722b0e689f5b63612d972df260df97e

[32meth_chainId[0m
[32meth_chainId (2)[0m
[32meth_getTransactionReceipt[0m
[32meth_chainId[0m
[32meth_call[0m
  Contract call:       <UnrecognizedContract>
  From:                0xf39fd6e51aad88f6f4ce6ab8827279cfffb92266
  To:                  0xac9fcba56e42d5960f813b9d0387f3d3bc003338

[32meth_getTransactionCount[0m
[32meth_chainId[0m
[32meth_estimateGas[0m
[32meth_chainId[0m
[32meth_chainId (2)[0m
[32meth_getBlockByNumber[0m
[32meth_gasPrice[0m
[32meth_maxPriorityFeePerGas[0m
[32meth_chainId[0m
[32meth_blockNumber[0m
[32meth_sendRawTransaction[0m
  Contract call:       <UnrecognizedContract>
  Transaction:         0xbd7f3ea137e655eb9f7758704dbd5f187e92a7894cf363ffddfba744527886b7
  From:                0xf39fd6e51aad88f6f4ce6ab8827279cfffb92266
  To:                  0xac9fcba56e42d5960f813b9d0387f3d3bc003338
  Value:               0 ETH
  Gas used:            238280 of 238280
  Block #217:          0x25747d9ae1366a75c6560d17cf864882041028b4a7da3f21d357356be05d6d1d

[32meth_chainId[0m
[32meth_chainId (2)[0m
[32meth_getTransactionReceipt[0m
[32meth_getTransactionCount[0m
[32meth_chainId[0m
[32meth_estimateGas[0m
[32meth_chainId[0m
[32meth_chainId (2)[0m
[32meth_getBlockByNumber[0m
[32meth_gasPrice[0m
[32meth_maxPriorityFeePerGas[0m
[32meth_chainId[0m
[32meth_blockNumber[0m
[32meth_sendRawTransaction[0m
  Contract call:       <UnrecognizedContract>
  Transaction:         0xfd895b9ed9fb569162568befa583cc2f9c5849bb17898fadfa76113105254a43
  From:                0xf39fd6e51aad88f6f4ce6ab8827279cfffb92266
  To:                  0xac9fcba56e42d5960f813b9d0387f3d3bc003338
  Value:               0 ETH
  Gas used:            201307 of 201307
  Block #218:          0xd79bd71d6e202dca74851de0ad26fe654833bebb5f36a4e371e5f6402b32928c

[32meth_chainId[0m
[32meth_chainId (2)[0m
[32meth_getTransactionReceipt[0m
[32meth_chainId[0m
[32meth_estimateGas[0m
[32meth_chainId[0m
[32meth_chainId (2)[0m
[32meth_chainId (3)[0m
[32meth_sendRawTransaction[0m
  Contract call:       <UnrecognizedContract>
  Transaction:         0xdd78bdce6722f03cceb9eacb0d2f70c5060391909768c74ff859efdd1654517e
  From:                0xf39fd6e51aad88f6f4ce6ab8827279cfffb92266
  To:                  0xac9fcba56e42d5960f813b9d0387f3d3bc003338
  Value:               0 ETH
  Gas used:            292155 of 292155
  Block #219:          0x2bbbff7bfa598ed10971bb96fc6e2758ffd63d8ee999d5cfe61d9041112ef3e9

[32meth_chainId[0m
[32meth_chainId (2)[0m
[32meth_getTransactionReceipt[0m
[32meth_getTransactionCount[0m
[32meth_chainId[0m
[32meth_estimateGas[0m
[32meth_chainId[0m
[32meth_chainId (2)[0m
[32meth_getBlockByNumber[0m
[32meth_gasPrice[0m
[32meth_maxPriorityFeePerGas[0m
[32meth_chainId[0m
[32meth_blockNumber[0m
[32meth_sendRawTransaction[0m
  Contract call:       <UnrecognizedContract>
  Transaction:         0x138cb458e04cc7fb008d6fa9a55c9e68eeec2283c4ed4aa394607f454f34c8e5
  From:                0xf39fd6e51aad88f6f4ce6ab8827279cfffb92266
  To:                  0xac9fcba56e42d5960f813b9d0387f3d3bc003338
  Value:               0 ETH
  Gas used:            269410 of 269410
  Block #220:          0x421037f722518d9e9b6a3c7124241c2a44b5f0cf047bcada1b16a857c2d46588

[32meth_chainId[0m
[32meth_chainId (2)[0m
[32meth_getTransactionReceipt[0m
[32meth_chainId[0m
[32meth_call[0m
  Contract call:       <UnrecognizedContract>
  From:                0xf39fd6e51aad88f6f4ce6ab8827279cfffb92266
  To:                  0xac9fcba56e42d5960f813b9d0387f3d3bc003338

[32meth_getTransactionCount[0m
[32meth_chainId[0m
[32meth_estimateGas[0m
[32meth_chainId[0m
[32meth_chainId (2)[0m
[32meth_getBlockByNumber[0m
[32meth_gasPrice[0m
[32meth_maxPriorityFeePerGas[0m
[32meth_chainId[0m
[32meth_blockNumber[0m
[32meth_sendRawTransaction[0m
  Contract call:       <UnrecognizedContract>
  Transaction:         0x53e0fa438d74f3b68ecae843c44f95bd696ba059a0851bc398892519f97f8302
  From:                0xf39fd6e51aad88f6f4ce6ab8827279cfffb92266
  To:                  0xac9fcba56e42d5960f813b9d0387f3d3bc003338
  Value:               0 ETH
  Gas used:            238280 of 238280
  Block #221:          0xf07d3a218ee35a6bb30fcfe52577d68bfc0eb12afc00745f8d910aa652a9a602

[32meth_chainId[0m
[32meth_chainId (2)[0m
[32meth_getTransactionReceipt[0m
[32meth_getTransactionCount[0m
[32meth_chainId[0m
[32meth_estimateGas[0m
[32meth_chainId[0m
[32meth_chainId (2)[0m
[32meth_getBlockByNumber[0m
[32meth_gasPrice[0m
[32meth_maxPriorityFeePerGas[0m
[32meth_chainId[0m
[32meth_blockNumber[0m
[32meth_sendRawTransaction[0m
  Contract call:       <UnrecognizedContract>
  Transaction:         0xfedd7cd163145c483fa7bb8a658241d27772c2b1fb12d815a138539db382614a
  From:                0xf39fd6e51aad88f6f4ce6ab8827279cfffb92266
  To:                  0xac9fcba56e42d5960f813b9d0387f3d3bc003338
  Value:               0 ETH
  Gas used:            201307 of 201307
  Block #222:          0xf27af0d92d8c4d36d57fed55b894bdd4ad2ec6d2b6b8c197f640ed4135ef54c1

[32meth_chainId[0m
[32meth_chainId (2)[0m
[32meth_getTransactionReceipt[0m
[32meth_getTransactionCount[0m
[32meth_chainId[0m
[32meth_estimateGas[0m
[32meth_chainId[0m
[32meth_chainId (2)[0m
[32meth_getBlockByNumber[0m
[32meth_gasPrice[0m
[32meth_maxPriorityFeePerGas[0m
[32meth_chainId[0m
[32meth_blockNumber[0m
[32meth_sendRawTransaction[0m
  Contract call:       <UnrecognizedContract>
  Transaction:         0x5e76e8ef3287ec2caa8fc2a8a6b748ac6d9d96e8a2682bf7145c608cdf501fa5
  From:                0xf39fd6e51aad88f6f4ce6ab8827279cfffb92266
  To:                  0xac9fcba56e42d5960f813b9d0387f3d3bc003338
  Value:               0 ETH
  Gas used:            269410 of 269410
  Block #223:          0x0cdaebfd5013ce7ffeb091edea822e7e99e65566ed1f1621e9132a0438a57595

[32meth_chainId[0m
[32meth_chainId (2)[0m
[32meth_getTransactionReceipt[0m
[32meth_chainId[0m
[32meth_call[0m
  Contract call:       <UnrecognizedContract>
  From:                0xf39fd6e51aad88f6f4ce6ab8827279cfffb92266
  To:                  0xac9fcba56e42d5960f813b9d0387f3d3bc003338

[32meth_getTransactionCount[0m
[32meth_chainId[0m
[32meth_estimateGas[0m
[32meth_chainId[0m
[32meth_chainId (2)[0m
[32meth_getBlockByNumber[0m
[32meth_gasPrice[0m
[32meth_maxPriorityFeePerGas[0m
[32meth_chainId[0m
[32meth_blockNumber[0m
[32meth_sendRawTransaction[0m
  Contract call:       <UnrecognizedContract>
  Transaction:         0x4e060e42657ad308f7ae6650d00575bf8e689e262e2a1288266267a1a493292a
  From:                0xf39fd6e51aad88f6f4ce6ab8827279cfffb92266
  To:                  0xac9fcba56e42d5960f813b9d0387f3d3bc003338
  Value:               0 ETH
  Gas used:            238280 of 238280
  Block #224:          0x6601e90c6db0cb2de6b2abdacebce08568a0737e78d370e14886fd5d7526148c

[32meth_chainId[0m
[32meth_chainId (2)[0m
[32meth_getTransactionReceipt[0m
[32meth_getTransactionCount[0m
[32meth_chainId[0m
[32meth_estimateGas[0m
[32meth_chainId[0m
[32meth_chainId (2)[0m
[32meth_getBlockByNumber[0m
[32meth_gasPrice[0m
[32meth_maxPriorityFeePerGas[0m
[32meth_chainId[0m
[32meth_blockNumber[0m
[32meth_sendRawTransaction[0m
  Contract call:       <UnrecognizedContract>
  Transaction:         0x1adae0733c9af11096a7d9584461505ba7e3c878c1ee5e7de64d4fb98cb24e19
  From:                0xf39fd6e51aad88f6f4ce6ab8827279cfffb92266
  To:                  0xac9fcba56e42d5960f813b9d0387f3d3bc003338
  Value:               0 ETH
  Gas used:            201307 of 201307
  Block #225:          0xf5dc4cc6d9192a987a134488e4bbfcfc3f7057f1722e2181cf23c92d0ac42e10

[32meth_chainId[0m
[32meth_chainId (2)[0m
[32meth_getTransactionReceipt[0m
[32meth_getTransactionCount[0m
[32meth_chainId[0m
[32meth_estimateGas[0m
[32meth_chainId[0m
[32meth_chainId (2)[0m
[32meth_getBlockByNumber[0m
[32meth_gasPrice[0m
[32meth_maxPriorityFeePerGas[0m
[32meth_chainId[0m
[32meth_blockNumber[0m
[32meth_sendRawTransaction[0m
  Contract call:       <UnrecognizedContract>
  Transaction:         0x3221614fa30a7a99717efe60607cdd53c54fd638a9d87ec1f1d38edceda1b235
  From:                0xf39fd6e51aad88f6f4ce6ab8827279cfffb92266
  To:                  0xac9fcba56e42d5960f813b9d0387f3d3bc003338
  Value:               0 ETH
  Gas used:            292155 of 292155
  Block #226:          0x11830b872ffc676a47e5060b009b2b5d272064847b3fadbfe0417bf1ecfe3a17

[32meth_chainId[0m
[32meth_chainId (2)[0m
[32meth_getTransactionReceipt[0m
[32meth_chainId[0m
[32meth_estimateGas[0m
[32meth_chainId[0m
[32meth_chainId (2)[0m
[32meth_chainId (3)[0m
[32meth_sendRawTransaction[0m
  Contract call:       <UnrecognizedContract>
  Transaction:         0x94ee55566301d282cbf55593921895b4a377e7e9060fa8b018b746b24ae9766f
  From:                0xf39fd6e51aad88f6f4ce6ab8827279cfffb92266
  To:                  0xac9fcba56e42d5960f813b9d0387f3d3bc003338
  Value:               0 ETH
  Gas used:            269410 of 269410
  Block #227:          0x62e018fa3103d1cd3a44f24efbe77561b7ecdd8c60d88c06cdbb398edaa9cc31

[32meth_chainId[0m
[32meth_chainId (2)[0m
[32meth_getTransactionReceipt[0m
[32meth_chainId[0m
[32meth_call[0m
  Contract call:       <UnrecognizedContract>
  From:                0xf39fd6e51aad88f6f4ce6ab8827279cfffb92266
  To:                  0xac9fcba56e42d5960f813b9d0387f3d3bc003338

[32meth_getTransactionCount[0m
[32meth_chainId[0m
[32meth_estimateGas[0m
[32meth_chainId[0m
[32meth_chainId (2)[0m
[32meth_getBlockByNumber[0m
[32meth_gasPrice[0m
[32meth_maxPriorityFeePerGas[0m
[32meth_chainId[0m
[32meth_blockNumber[0m
[32meth_sendRawTransaction[0m
  Contract call:       <UnrecognizedContract>
  Transaction:         0x4fa0c20e9ec1e2f96ad9750eac670a27dc677992f0103583f8b4a649f6ed389b
  From:                0xf39fd6e51aad88f6f4ce6ab8827279cfffb92266
  To:                  0xac9fcba56e42d5960f813b9d0387f3d3bc003338
  Value:               0 ETH
  Gas used:            238256 of 238256
  Block #228:          0xcb77b74872985c1d58599cedb726afa2c1a28e7b359207af631b61a807c6918d

[32meth_chainId[0m
[32meth_chainId (2)[0m
[32meth_getTransactionReceipt[0m
[32meth_getTransactionCount[0m
[32meth_chainId[0m
[32meth_estimateGas[0m
[32meth_chainId[0m
[32meth_chainId (2)[0m
[32meth_getBlockByNumber[0m
[32meth_gasPrice[0m
[32meth_maxPriorityFeePerGas[0m
[32meth_chainId[0m
[32meth_blockNumber[0m
[32meth_sendRawTransaction[0m
  Contract call:       <UnrecognizedContract>
  Transaction:         0x8ae305d8efff2addeee5f75e250d99bae884bdf96fa5c58327391395d83b2d41
  From:                0xf39fd6e51aad88f6f4ce6ab8827279cfffb92266
  To:                  0xac9fcba56e42d5960f813b9d0387f3d3bc003338
  Value:               0 ETH
  Gas used:            201307 of 201307
  Block #229:          0xef86007b4e20bb90208ea83e422be1ed52219870bd2513d0475a7de5c5168551

[32meth_chainId[0m
[32meth_chainId (2)[0m
[32meth_getTransactionReceipt[0m
[32meth_chainId[0m
[32meth_estimateGas[0m
[32meth_chainId[0m
[32meth_chainId (2)[0m
[32meth_chainId (3)[0m
[32meth_sendRawTransaction[0m
  Contract call:       <UnrecognizedContract>
  Transaction:         0xf446a0344b9355f55e2248e96a9e5ed366537f9453c83389a614c292f08595e0
  From:                0xf39fd6e51aad88f6f4ce6ab8827279cfffb92266
  To:                  0xac9fcba56e42d5960f813b9d0387f3d3bc003338
  Value:               0 ETH
  Gas used:            292155 of 292155
  Block #230:          0x845fd5ddcf0bebcb6996d1300f4733fa876ab4cc7e7f8812939471fc8b1aa529

[32meth_chainId[0m
[32meth_chainId (2)[0m
[32meth_getTransactionReceipt[0m
[32meth_getTransactionCount[0m
[32meth_chainId[0m
[32meth_estimateGas[0m
[32meth_chainId[0m
[32meth_chainId (2)[0m
[32meth_getBlockByNumber[0m
[32meth_gasPrice[0m
[32meth_maxPriorityFeePerGas[0m
[32meth_chainId[0m
[32meth_blockNumber[0m
[32meth_sendRawTransaction[0m
  Contract call:       <UnrecognizedContract>
  Transaction:         0x3c068ef1cafd66f73996e230600c217e987ec185adbad5a5a1513330b90d62e3
  From:                0xf39fd6e51aad88f6f4ce6ab8827279cfffb92266
  To:                  0xac9fcba56e42d5960f813b9d0387f3d3bc003338
  Value:               0 ETH
  Gas used:            269410 of 269410
  Block #231:          0xcc81e45a9e36b8f46b187b458b4d27e995d477dcc8f99413ed32272f506a63c9

[32meth_chainId[0m
[32meth_chainId (2)[0m
[32meth_getTransactionReceipt[0m
[32meth_chainId[0m
[32meth_call[0m
  Contract call:       <UnrecognizedContract>
  From:                0xf39fd6e51aad88f6f4ce6ab8827279cfffb92266
  To:                  0xac9fcba56e42d5960f813b9d0387f3d3bc003338

[32meth_getTransactionCount[0m
[32meth_chainId[0m
[32meth_estimateGas[0m
[32meth_chainId[0m
[32meth_chainId (2)[0m
[32meth_getBlockByNumber[0m
[32meth_gasPrice[0m
[32meth_maxPriorityFeePerGas[0m
[32meth_chainId[0m
[32meth_blockNumber[0m
[32meth_sendRawTransaction[0m
  Contract call:       <UnrecognizedContract>
  Transaction:         0xbd7f358a8d31b208fdcaa8a2381360b1a46b5c393e19621b57537e4c7f244c9a
  From:                0xf39fd6e51aad88f6f4ce6ab8827279cfffb92266
  To:                  0xac9fcba56e42d5960f813b9d0387f3d3bc003338
  Value:               0 ETH
  Gas used:            238280 of 238280
  Block #232:          0xb47b9dab6ec0e5583200fa89479550f55a7051b3cf87f4e4efe14cafeac6227f

[32meth_chainId[0m
[32meth_chainId (2)[0m
[32meth_getTransactionReceipt[0m
[32meth_getTransactionCount[0m
[32meth_chainId[0m
[32meth_estimateGas[0m
[32meth_chainId[0m
[32meth_chainId (2)[0m
[32meth_getBlockByNumber[0m
[32meth_gasPrice[0m
[32meth_maxPriorityFeePerGas[0m
[32meth_chainId[0m
[32meth_blockNumber[0m
[32meth_sendRawTransaction[0m
  Contract call:       <UnrecognizedContract>
  Transaction:         0x80655f3721ba6127af6830fb918ccce10f885f50851c06fe46c204a151a21da0
  From:                0xf39fd6e51aad88f6f4ce6ab8827279cfffb92266
  To:                  0xac9fcba56e42d5960f813b9d0387f3d3bc003338
  Value:               0 ETH
  Gas used:            201307 of 201307
  Block #233:          0xd0d6795091ea1fe7350aaee4caea126773c0f419de2b8043c576f4ceef1e03b1

[32meth_chainId[0m
[32meth_chainId (2)[0m
[32meth_getTransactionReceipt[0m
[32meth_chainId[0m
[32meth_estimateGas[0m
[32meth_chainId[0m
[32meth_chainId (2)[0m
[32meth_chainId (3)[0m
[32meth_sendRawTransaction[0m
  Contract call:       <UnrecognizedContract>
  Transaction:         0xb9fedd8330a8cb668ebc5962db321e6d6fbc6b36bea2e3d08d16404ad8631340
  From:                0xf39fd6e51aad88f6f4ce6ab8827279cfffb92266
  To:                  0xac9fcba56e42d5960f813b9d0387f3d3bc003338
  Value:               0 ETH
  Gas used:            269410 of 269410
  Block #234:          0x8cd5c7a959e722ed43b2b75aac1d6f15e3b3591c87c2dbf175990b70b6c64998

[32meth_chainId[0m
[32meth_chainId (2)[0m
[32meth_getTransactionReceipt[0m
[32meth_chainId[0m
[32meth_call[0m
  Contract call:       <UnrecognizedContract>
  From:                0xf39fd6e51aad88f6f4ce6ab8827279cfffb92266
  To:                  0xac9fcba56e42d5960f813b9d0387f3d3bc003338

[32meth_getTransactionCount[0m
[32meth_chainId[0m
[32meth_estimateGas[0m
[32meth_chainId[0m
[32meth_chainId (2)[0m
[32meth_getBlockByNumber[0m
[32meth_gasPrice[0m
[32meth_maxPriorityFeePerGas[0m
[32meth_chainId[0m
[32meth_blockNumber[0m
[32meth_sendRawTransaction[0m
  Contract call:       <UnrecognizedContract>
  Transaction:         0x84ac7db03638535e7cb579555e0f63a81a6d0acb046eed93f28aab2d5bdf6fae
  From:                0xf39fd6e51aad88f6f4ce6ab8827279cfffb92266
  To:                  0xac9fcba56e42d5960f813b9d0387f3d3bc003338
  Value:               0 ETH
  Gas used:            238256 of 238256
  Block #235:          0x11a5209835452838017146601905fbd111db121cbe7235ab16aa2f213abc1079

[32meth_chainId[0m
[32meth_chainId (2)[0m
[32meth_getTransactionReceipt[0m
[32meth_getTransactionCount[0m
[32meth_chainId[0m
[32meth_estimateGas[0m
[32meth_chainId[0m
[32meth_chainId (2)[0m
[32meth_getBlockByNumber[0m
[32meth_gasPrice[0m
[32meth_maxPriorityFeePerGas[0m
[32meth_chainId[0m
[32meth_blockNumber[0m
[32meth_sendRawTransaction[0m
  Contract call:       <UnrecognizedContract>
  Transaction:         0x6e5ed4bb8533ced5b2de7659a8dc40c16582c7d486127c4534ceec2c09e8a1a4
  From:                0xf39fd6e51aad88f6f4ce6ab8827279cfffb92266
  To:                  0xac9fcba56e42d5960f813b9d0387f3d3bc003338
  Value:               0 ETH
  Gas used:            201307 of 201307
  Block #236:          0x161b1bccd7613458424e050f13403b04c897350092562d89a7f20280087f1d45

[32meth_chainId[0m
[32meth_chainId (2)[0m
[32meth_getTransactionReceipt[0m
[32meth_chainId[0m
[32meth_estimateGas[0m
[32meth_chainId[0m
[32meth_chainId (2)[0m
[32meth_chainId (3)[0m
[32meth_sendRawTransaction[0m
  Contract call:       <UnrecognizedContract>
  Transaction:         0x635ef1976b6a996ee48fa66a7319b73c4cf5b15a454ae6d6c757ead071c2bc99
  From:                0xf39fd6e51aad88f6f4ce6ab8827279cfffb92266
  To:                  0xac9fcba56e42d5960f813b9d0387f3d3bc003338
  Value:               0 ETH
  Gas used:            292143 of 292143
  Block #237:          0x44139b1ec5b39ac5d24e5a85ccdee2165fd35bda685b4392dbc21b79c200ace7

[32meth_chainId[0m
[32meth_chainId (2)[0m
[32meth_getTransactionReceipt[0m
[32meth_getTransactionCount[0m
[32meth_chainId[0m
[32meth_estimateGas[0m
[32meth_chainId[0m
[32meth_chainId (2)[0m
[32meth_getBlockByNumber[0m
[32meth_gasPrice[0m
[32meth_maxPriorityFeePerGas[0m
[32meth_chainId[0m
[32meth_blockNumber[0m
[32meth_sendRawTransaction[0m
  Contract call:       <UnrecognizedContract>
  Transaction:         0xfaccf187d351928009788acdb778c38322d85dd7a0fcedbc94a13a0f882d7568
  From:                0xf39fd6e51aad88f6f4ce6ab8827279cfffb92266
  To:                  0xac9fcba56e42d5960f813b9d0387f3d3bc003338
  Value:               0 ETH
  Gas used:            269410 of 269410
  Block #238:          0xc72b2bd365e868b46475e9bbc44912b8f564c4de1035bd4389a86c02bc9a0e35

[32meth_chainId[0m
[32meth_chainId (2)[0m
[32meth_getTransactionReceipt[0m
[32meth_chainId[0m
[32meth_call[0m
  Contract call:       <UnrecognizedContract>
  From:                0xf39fd6e51aad88f6f4ce6ab8827279cfffb92266
  To:                  0xac9fcba56e42d5960f813b9d0387f3d3bc003338

[32meth_getTransactionCount[0m
[32meth_chainId[0m
[32meth_estimateGas[0m
[32meth_chainId[0m
[32meth_chainId (2)[0m
[32meth_getBlockByNumber[0m
[32meth_gasPrice[0m
[32meth_maxPriorityFeePerGas[0m
[32meth_chainId[0m
[32meth_blockNumber[0m
[32meth_sendRawTransaction[0m
  Contract call:       <UnrecognizedContract>
  Transaction:         0xe67594407ac282dfc59d80773600a4bf6992efdea70ad54858fab35586329fda
  From:                0xf39fd6e51aad88f6f4ce6ab8827279cfffb92266
  To:                  0xac9fcba56e42d5960f813b9d0387f3d3bc003338
  Value:               0 ETH
  Gas used:            238256 of 238256
  Block #239:          0x867f1884e748ca1756dc25efe564dbf4eafada92e06bc222c2d8b8d96eaf95bf

[32meth_chainId[0m
[32meth_chainId (2)[0m
[32meth_getTransactionReceipt[0m
[32meth_getTransactionCount[0m
[32meth_chainId[0m
[32meth_estimateGas[0m
[32meth_chainId[0m
[32meth_chainId (2)[0m
[32meth_getBlockByNumber[0m
[32meth_gasPrice[0m
[32meth_maxPriorityFeePerGas[0m
[32meth_chainId[0m
[32meth_blockNumber[0m
[32meth_sendRawTransaction[0m
  Contract call:       <UnrecognizedContract>
  Transaction:         0xff0c748fa4dc8921be254a6407e6fe233cd1a3d0056303b087915a2b8c10c250
  From:                0xf39fd6e51aad88f6f4ce6ab8827279cfffb92266
  To:                  0xac9fcba56e42d5960f813b9d0387f3d3bc003338
  Value:               0 ETH
  Gas used:            201307 of 201307
  Block #240:          0xf44fe75622446795dc4778ef2778906ba9d2fe3650a099549a493fbdc687e7b3

[32meth_chainId[0m
[32meth_chainId (2)[0m
[32meth_getTransactionReceipt[0m
[32meth_chainId[0m
[32meth_estimateGas[0m
[32meth_chainId[0m
[32meth_chainId (2)[0m
[32meth_chainId (3)[0m
[32meth_sendRawTransaction[0m
  Contract call:       <UnrecognizedContract>
  Transaction:         0xf6ae0e9ec543f066ff52716b7a5b7a131bfc92ac9515e6251b9cab9ba1aeb5c9
  From:                0xf39fd6e51aad88f6f4ce6ab8827279cfffb92266
  To:                  0xac9fcba56e42d5960f813b9d0387f3d3bc003338
  Value:               0 ETH
  Gas used:            269410 of 269410
  Block #241:          0xb86c13222b73c2fba72c7cc5f4b4968e7774282bc42dc48350d89b3f05aadce7

[32meth_chainId[0m
[32meth_chainId (2)[0m
[32meth_getTransactionReceipt[0m
[32meth_chainId[0m
[32meth_call[0m
  Contract call:       <UnrecognizedContract>
  From:                0xf39fd6e51aad88f6f4ce6ab8827279cfffb92266
  To:                  0xac9fcba56e42d5960f813b9d0387f3d3bc003338

[32meth_getTransactionCount[0m
[32meth_chainId[0m
[32meth_estimateGas[0m
[32meth_chainId[0m
[32meth_chainId (2)[0m
[32meth_getBlockByNumber[0m
[32meth_gasPrice[0m
[32meth_maxPriorityFeePerGas[0m
[32meth_chainId[0m
[32meth_blockNumber[0m
[32meth_sendRawTransaction[0m
  Contract call:       <UnrecognizedContract>
  Transaction:         0xaaac3de63cfb34a504a85d6faec559ea8d7f879971a0b65a2d1c009ea39a7fbb
  From:                0xf39fd6e51aad88f6f4ce6ab8827279cfffb92266
  To:                  0xac9fcba56e42d5960f813b9d0387f3d3bc003338
  Value:               0 ETH
  Gas used:            238256 of 238256
  Block #242:          0x55f07ba5851d578f9e07b28beed2b9dd66b75465349bf70e48d7e4aaa837a89f

[32meth_chainId[0m
[32meth_chainId (2)[0m
[32meth_getTransactionReceipt[0m
[32meth_getTransactionCount[0m
[32meth_chainId[0m
[32meth_estimateGas[0m
[32meth_chainId[0m
[32meth_chainId (2)[0m
[32meth_getBlockByNumber[0m
[32meth_gasPrice[0m
[32meth_maxPriorityFeePerGas[0m
[32meth_chainId[0m
[32meth_blockNumber[0m
[32meth_sendRawTransaction[0m
  Contract call:       <UnrecognizedContract>
  Transaction:         0x7c5a8595edb407f4302d5181423aace0b489cc711cba3cdf5d0847e66025b37b
  From:                0xf39fd6e51aad88f6f4ce6ab8827279cfffb92266
  To:                  0xac9fcba56e42d5960f813b9d0387f3d3bc003338
  Value:               0 ETH
  Gas used:            201295 of 201295
  Block #243:          0x26d79a8857b3759094256289667ee68c611eb0484fc144b7bfd9243d5a54c984

[32meth_chainId[0m
[32meth_chainId (2)[0m
[32meth_getTransactionReceipt[0m
[32meth_chainId[0m
[32meth_estimateGas[0m
[32meth_chainId[0m
[32meth_chainId (2)[0m
[32meth_chainId (3)[0m
[32meth_sendRawTransaction[0m
  Contract call:       <UnrecognizedContract>
  Transaction:         0x01e4af3b6475834961606364cd3be567878c4f52f6406a95297eecd014a55ae4
  From:                0xf39fd6e51aad88f6f4ce6ab8827279cfffb92266
  To:                  0xac9fcba56e42d5960f813b9d0387f3d3bc003338
  Value:               0 ETH
  Gas used:            269410 of 269410
  Block #244:          0x1746f57c9b086fc62983400e6d1d791faffcc510560df7b51adbfd6f016a4e02

[32meth_chainId[0m
[32meth_chainId (2)[0m
[32meth_getTransactionReceipt[0m
[32meth_chainId[0m
[32meth_call[0m
  Contract call:       <UnrecognizedContract>
  From:                0xf39fd6e51aad88f6f4ce6ab8827279cfffb92266
  To:                  0xac9fcba56e42d5960f813b9d0387f3d3bc003338

[32meth_getTransactionCount[0m
[32meth_chainId[0m
[32meth_estimateGas[0m
[32meth_chainId[0m
[32meth_chainId (2)[0m
[32meth_getBlockByNumber[0m
[32meth_gasPrice[0m
[32meth_maxPriorityFeePerGas[0m
[32meth_chainId[0m
[32meth_blockNumber[0m
[32meth_sendRawTransaction[0m
  Contract call:       <UnrecognizedContract>
  Transaction:         0xc134cb4fe0e543e65b0d4c4d69c9bb352031b6da3df2518da47ffb92110c0387
  From:                0xf39fd6e51aad88f6f4ce6ab8827279cfffb92266
  To:                  0xac9fcba56e42d5960f813b9d0387f3d3bc003338
  Value:               0 ETH
  Gas used:            238280 of 238280
  Block #245:          0x1c166a64686ce5b6066512464d0489d306bf710fb41d548f40cf672c81021b8c

[32meth_chainId[0m
[32meth_chainId (2)[0m
[32meth_getTransactionReceipt[0m
[32meth_getTransactionCount[0m
[32meth_chainId[0m
[32meth_estimateGas[0m
[32meth_chainId[0m
[32meth_chainId (2)[0m
[32meth_getBlockByNumber[0m
[32meth_gasPrice[0m
[32meth_maxPriorityFeePerGas[0m
[32meth_chainId[0m
[32meth_blockNumber[0m
[32meth_sendRawTransaction[0m
  Contract call:       <UnrecognizedContract>
  Transaction:         0x2b2f288b717674c25c8c0d0f5dfae9f2ea70ca030c4b8ec0b9f5d769a7da8af9
  From:                0xf39fd6e51aad88f6f4ce6ab8827279cfffb92266
  To:                  0xac9fcba56e42d5960f813b9d0387f3d3bc003338
  Value:               0 ETH
  Gas used:            201307 of 201307
  Block #246:          0x00ba59bb857947630824eb8a581cf3fb4551b184e5a3aeddd04cf0f11b51e0fb

[32meth_chainId[0m
[32meth_chainId (2)[0m
[32meth_getTransactionReceipt[0m
[32meth_chainId[0m
[32meth_estimateGas[0m
[32meth_chainId[0m
[32meth_chainId (2)[0m
[32meth_chainId (3)[0m
[32meth_sendRawTransaction[0m
  Contract call:       <UnrecognizedContract>
  Transaction:         0xd4815c4f64a2676723f2be09077c3ebd26c1ea7a68ebbefd32cb334f683fb833
  From:                0xf39fd6e51aad88f6f4ce6ab8827279cfffb92266
  To:                  0xac9fcba56e42d5960f813b9d0387f3d3bc003338
  Value:               0 ETH
  Gas used:            269398 of 269398
  Block #247:          0x1da38eb14f8e62ab5066b84dd3115e385ae954d31301b114015b20efce5ff452

[32meth_chainId[0m
[32meth_chainId (2)[0m
[32meth_getTransactionReceipt[0m
[32meth_chainId[0m
[32meth_call[0m
  Contract call:       <UnrecognizedContract>
  From:                0xf39fd6e51aad88f6f4ce6ab8827279cfffb92266
  To:                  0xac9fcba56e42d5960f813b9d0387f3d3bc003338

[32meth_getTransactionCount[0m
[32meth_chainId[0m
[32meth_estimateGas[0m
[32meth_chainId[0m
[32meth_chainId (2)[0m
[32meth_getBlockByNumber[0m
[32meth_gasPrice[0m
[32meth_maxPriorityFeePerGas[0m
[32meth_chainId[0m
[32meth_blockNumber[0m
[32meth_sendRawTransaction[0m
  Contract call:       <UnrecognizedContract>
  Transaction:         0x0199b73e21c6b7e2e60a611a36e2f286ea8b6cc551940b8f8fc70af9f9de2b0e
  From:                0xf39fd6e51aad88f6f4ce6ab8827279cfffb92266
  To:                  0xac9fcba56e42d5960f813b9d0387f3d3bc003338
  Value:               0 ETH
  Gas used:            238292 of 238292
  Block #248:          0xec89731cf20c3be1119cc23a6095153d1d531814cce37ffc6640ec6a9f4640b0

[32meth_chainId[0m
[32meth_chainId (2)[0m
[32meth_getTransactionReceipt[0m
[32meth_getTransactionCount[0m
[32meth_chainId[0m
[32meth_estimateGas[0m
[32meth_chainId[0m
[32meth_chainId (2)[0m
[32meth_getBlockByNumber[0m
[32meth_gasPrice[0m
[32meth_maxPriorityFeePerGas[0m
[32meth_chainId[0m
[32meth_blockNumber[0m
[32meth_sendRawTransaction[0m
  Contract call:       <UnrecognizedContract>
  Transaction:         0x4620647e69f7dc0cac93c9bc8a184c94051a2351c38e8ec222190789163ce487
  From:                0xf39fd6e51aad88f6f4ce6ab8827279cfffb92266
  To:                  0xac9fcba56e42d5960f813b9d0387f3d3bc003338
  Value:               0 ETH
  Gas used:            201307 of 201307
  Block #249:          0xe93ad31506e5da5c4f9ab2c8f59e83cb628058c3ed93f815037ab0d0ace161d2

[32meth_chainId[0m
[32meth_chainId (2)[0m
[32meth_getTransactionReceipt[0m
[32meth_getTransactionCount[0m
[32meth_chainId[0m
[32meth_estimateGas[0m
[32meth_chainId[0m
[32meth_chainId (2)[0m
[32meth_getBlockByNumber[0m
[32meth_gasPrice[0m
[32meth_maxPriorityFeePerGas[0m
[32meth_chainId[0m
[32meth_blockNumber[0m
[32meth_sendRawTransaction[0m
  Contract call:       <UnrecognizedContract>
  Transaction:         0x6b215a7666ef606d3ec9f45a5cdef87807e49c7e60d3ee2ce6706ec8eefd491d
  From:                0xf39fd6e51aad88f6f4ce6ab8827279cfffb92266
  To:                  0xac9fcba56e42d5960f813b9d0387f3d3bc003338
  Value:               0 ETH
  Gas used:            292155 of 292155
  Block #250:          0x63186a33e89cef8d782ed804fddb440a4bbf9e8bd44c65dc6b06cb4a1974754c

[32meth_chainId[0m
[32meth_chainId (2)[0m
[32meth_getTransactionReceipt[0m
[32meth_chainId[0m
[32meth_estimateGas[0m
[32meth_chainId[0m
[32meth_chainId (2)[0m
[32meth_chainId (3)[0m
[32meth_sendRawTransaction[0m
  Contract call:       <UnrecognizedContract>
  Transaction:         0x01304d704da92c5084666df2b359ddb63135dacf4a465c333c0edb493b26c9a8
  From:                0xf39fd6e51aad88f6f4ce6ab8827279cfffb92266
  To:                  0xac9fcba56e42d5960f813b9d0387f3d3bc003338
  Value:               0 ETH
  Gas used:            269410 of 269410
  Block #251:          0xa72a3a9328d14356edadf0768fc45fa32df487bdbb40f58bad1f00b7e9c2381c

[32meth_chainId[0m
[32meth_chainId (2)[0m
[32meth_getTransactionReceipt[0m
[32meth_chainId[0m
[32meth_call[0m
  Contract call:       <UnrecognizedContract>
  From:                0xf39fd6e51aad88f6f4ce6ab8827279cfffb92266
  To:                  0xac9fcba56e42d5960f813b9d0387f3d3bc003338

[32meth_getTransactionCount[0m
[32meth_chainId[0m
[32meth_estimateGas[0m
[32meth_chainId[0m
[32meth_chainId (2)[0m
[32meth_getBlockByNumber[0m
[32meth_gasPrice[0m
[32meth_maxPriorityFeePerGas[0m
[32meth_chainId[0m
[32meth_blockNumber[0m
[32meth_sendRawTransaction[0m
  Contract call:       <UnrecognizedContract>
  Transaction:         0x561755e3b390bf48d4b4c728c35587fb15502f8185774cb4aa8a8db2fa1ad698
  From:                0xf39fd6e51aad88f6f4ce6ab8827279cfffb92266
  To:                  0xac9fcba56e42d5960f813b9d0387f3d3bc003338
  Value:               0 ETH
  Gas used:            238328 of 238328
  Block #252:          0xca3f085fd4a1eab5205722952c7eb51572b2132fb44277fe1e35163a10e702cf

[32meth_chainId[0m
[32meth_chainId (2)[0m
[32meth_getTransactionReceipt[0m
[32meth_getTransactionCount[0m
[32meth_chainId[0m
[32meth_estimateGas[0m
[32meth_chainId[0m
[32meth_chainId (2)[0m
[32meth_getBlockByNumber[0m
[32meth_gasPrice[0m
[32meth_maxPriorityFeePerGas[0m
[32meth_chainId[0m
[32meth_blockNumber[0m
[32meth_sendRawTransaction[0m
  Contract call:       <UnrecognizedContract>
  Transaction:         0xe1cfc6912128d5dc30d19740868dce1aa7263462c55f9a1170f07dadcf9288d7
  From:                0xf39fd6e51aad88f6f4ce6ab8827279cfffb92266
  To:                  0xac9fcba56e42d5960f813b9d0387f3d3bc003338
  Value:               0 ETH
  Gas used:            201295 of 201295
  Block #253:          0xe18f88dac9525b78fd01641877d98b2f92d344b7c0d0fff33de2aedb8ca85e11

[32meth_chainId[0m
[32meth_chainId (2)[0m
[32meth_getTransactionReceipt[0m
[32meth_chainId[0m
[32meth_estimateGas[0m
[32meth_chainId[0m
[32meth_chainId (2)[0m
[32meth_chainId (3)[0m
[32meth_sendRawTransaction[0m
  Contract call:       <UnrecognizedContract>
  Transaction:         0xcb97188223f1661f18d3d021d4d2343e209e9b3b8907fabc27f9c7e0a6858fdb
  From:                0xf39fd6e51aad88f6f4ce6ab8827279cfffb92266
  To:                  0xac9fcba56e42d5960f813b9d0387f3d3bc003338
  Value:               0 ETH
  Gas used:            292155 of 292155
  Block #254:          0x685c28b97be679c2c09a13f049c3a8276ec846a231256c9daec816f2a7c4f20d

[32meth_chainId[0m
[32meth_chainId (2)[0m
[32meth_getTransactionReceipt[0m
[32meth_getTransactionCount[0m
[32meth_chainId[0m
[32meth_estimateGas[0m
[32meth_chainId[0m
[32meth_chainId (2)[0m
[32meth_getBlockByNumber[0m
[32meth_gasPrice[0m
[32meth_maxPriorityFeePerGas[0m
[32meth_chainId[0m
[32meth_blockNumber[0m
[32meth_sendRawTransaction[0m
  Contract call:       <UnrecognizedContract>
  Transaction:         0xc3e83d571f2e8629e1efe9b9a42f0ed120a93809e79c91b855d5848f3db6741e
  From:                0xf39fd6e51aad88f6f4ce6ab8827279cfffb92266
  To:                  0xac9fcba56e42d5960f813b9d0387f3d3bc003338
  Value:               0 ETH
  Gas used:            269410 of 269410
  Block #255:          0xefb36aec18901222fc9184eaccfdf46a2ecc9f72c3cf597e7a9e9321d6eabfca

[32meth_chainId[0m
[32meth_chainId (2)[0m
[32meth_getTransactionReceipt[0m
[32meth_chainId[0m
[32meth_call[0m
  Contract call:       <UnrecognizedContract>
  From:                0xf39fd6e51aad88f6f4ce6ab8827279cfffb92266
  To:                  0xac9fcba56e42d5960f813b9d0387f3d3bc003338

[32meth_chainId[0m
[32meth_estimateGas[0m
[32meth_chainId[0m
[32meth_chainId (2)[0m
[32meth_chainId (3)[0m
[32meth_sendRawTransaction[0m
  Contract call:       <UnrecognizedContract>
  Transaction:         0x7d94439f99199ce84e7a7ffa206bac58289a84048647a7ba76718baf97060eda
  From:                0xf39fd6e51aad88f6f4ce6ab8827279cfffb92266
  To:                  0xac9fcba56e42d5960f813b9d0387f3d3bc003338
  Value:               0 ETH
  Gas used:            238340 of 238340
  Block #256:          0x3f3ca70f48b79ebc1801c5e55cec7975422c7d514ec3cd29bf3222f47073def9

[32meth_chainId[0m
[32meth_chainId (2)[0m
[32meth_getTransactionReceipt[0m
[32meth_getTransactionCount[0m
[32meth_chainId[0m
[32meth_estimateGas[0m
[32meth_chainId[0m
[32meth_chainId (2)[0m
[32meth_getBlockByNumber[0m
[32meth_gasPrice[0m
[32meth_maxPriorityFeePerGas[0m
[32meth_chainId[0m
[32meth_blockNumber[0m
[32meth_sendRawTransaction[0m
  Contract call:       <UnrecognizedContract>
  Transaction:         0x81005ae6974788fcc3289404199178628a8811b1adb96c2f3dbc0b4660b29090
  From:                0xf39fd6e51aad88f6f4ce6ab8827279cfffb92266
  To:                  0xac9fcba56e42d5960f813b9d0387f3d3bc003338
  Value:               0 ETH
  Gas used:            201307 of 201307
  Block #257:          0x173a262b416864b00b60c306b1101fa79c033e0683d59ebde84fc7fbf979c818

[32meth_chainId[0m
[32meth_chainId (2)[0m
[32meth_getTransactionReceipt[0m
[32meth_chainId[0m
[32meth_call[0m
  Contract call:       <UnrecognizedContract>
  From:                0xf39fd6e51aad88f6f4ce6ab8827279cfffb92266
  To:                  0xac9fcba56e42d5960f813b9d0387f3d3bc003338

[32meth_getTransactionCount[0m
[32meth_chainId[0m
[32meth_estimateGas[0m
[32meth_chainId[0m
[32meth_chainId (2)[0m
[32meth_getBlockByNumber[0m
[32meth_gasPrice[0m
[32meth_maxPriorityFeePerGas[0m
[32meth_chainId[0m
[32meth_blockNumber[0m
[32meth_sendRawTransaction[0m
  Contract call:       <UnrecognizedContract>
  Transaction:         0x9e06e2e5791b5b407bdd75b306540c4cb2af9815fd77ff3281856c693b63f4b8
  From:                0xf39fd6e51aad88f6f4ce6ab8827279cfffb92266
  To:                  0xac9fcba56e42d5960f813b9d0387f3d3bc003338
  Value:               0 ETH
  Gas used:            238268 of 238268
  Block #258:          0x404358a7b83bb3bdb2a1145d270df7353093036fca7b4773bc61dbe8e252d9ab

[32meth_chainId[0m
[32meth_chainId (2)[0m
[32meth_getTransactionReceipt[0m
[32meth_getTransactionCount[0m
[32meth_chainId[0m
[32meth_estimateGas[0m
[32meth_chainId[0m
[32meth_chainId (2)[0m
[32meth_getBlockByNumber[0m
[32meth_gasPrice[0m
[32meth_maxPriorityFeePerGas[0m
[32meth_chainId[0m
[32meth_blockNumber[0m
[32meth_sendRawTransaction[0m
  Contract call:       <UnrecognizedContract>
  Transaction:         0x84d252292c3546e5fe08c6e5356bb5e97a0bd61aa6a648c16660ec524d6b7b2f
  From:                0xf39fd6e51aad88f6f4ce6ab8827279cfffb92266
  To:                  0xac9fcba56e42d5960f813b9d0387f3d3bc003338
  Value:               0 ETH
  Gas used:            201307 of 201307
  Block #259:          0xf4ad264f79a6f2ffbd4dd2fa049085ffa0987c8de4028a979498418367e235f4

[32meth_chainId[0m
[32meth_chainId (2)[0m
[32meth_getTransactionReceipt[0m
[32meth_chainId[0m
[32meth_estimateGas[0m
[32meth_chainId[0m
[32meth_chainId (2)[0m
[32meth_chainId (3)[0m
[32meth_sendRawTransaction[0m
  Contract call:       <UnrecognizedContract>
  Transaction:         0xadaf4212205a260ac4db093d465e88de88970651d3bed0f945e381cd17a50de8
  From:                0xf39fd6e51aad88f6f4ce6ab8827279cfffb92266
  To:                  0xac9fcba56e42d5960f813b9d0387f3d3bc003338
  Value:               0 ETH
  Gas used:            292155 of 292155
  Block #260:          0x62a23f71b5f32072e5c4a5a314cb13e2408f4a0cda124c9a36242c8ec3a6bd92

[32meth_chainId[0m
[32meth_chainId (2)[0m
[32meth_getTransactionReceipt[0m
[32meth_getTransactionCount[0m
[32meth_chainId[0m
[32meth_estimateGas[0m
[32meth_chainId[0m
[32meth_chainId (2)[0m
[32meth_getBlockByNumber[0m
[32meth_gasPrice[0m
[32meth_maxPriorityFeePerGas[0m
[32meth_chainId[0m
[32meth_blockNumber[0m
[32meth_sendRawTransaction[0m
  Contract call:       <UnrecognizedContract>
  Transaction:         0xfc26962ab4904bc2fadb493bca60de0ddc23f002b5e103c5bce82de74752f13c
  From:                0xf39fd6e51aad88f6f4ce6ab8827279cfffb92266
  To:                  0xac9fcba56e42d5960f813b9d0387f3d3bc003338
  Value:               0 ETH
  Gas used:            269410 of 269410
  Block #261:          0x78379a60afabb5c26106f605cac8cf906ec3db275f13e0432519a95dd21e2507

[32meth_chainId[0m
[32meth_chainId (2)[0m
[32meth_getTransactionReceipt[0m
[32meth_chainId[0m
[32meth_call[0m
  Contract call:       <UnrecognizedContract>
  From:                0xf39fd6e51aad88f6f4ce6ab8827279cfffb92266
  To:                  0xac9fcba56e42d5960f813b9d0387f3d3bc003338

[32meth_chainId[0m
[32meth_estimateGas[0m
[32meth_chainId[0m
[32meth_chainId (2)[0m
[32meth_getBlockByNumber[0m
[32meth_gasPrice[0m
[32meth_maxPriorityFeePerGas[0m
[32meth_chainId[0m
[32meth_blockNumber[0m
[32meth_sendRawTransaction[0m
  Contract call:       <UnrecognizedContract>
  Transaction:         0x1cff3f1a0a4f1b770880178630ae6d1924af15cd65c0be371224b11d95ea5053
  From:                0xf39fd6e51aad88f6f4ce6ab8827279cfffb92266
  To:                  0xac9fcba56e42d5960f813b9d0387f3d3bc003338
  Value:               0 ETH
  Gas used:            238244 of 238244
  Block #262:          0xa697f5c4efa451288a2bfd1e052faec112fe7bb024e183990b3c888c7dd39076

[32meth_chainId[0m
[32meth_chainId (2)[0m
[32meth_getTransactionReceipt[0m
[32meth_getTransactionCount[0m
[32meth_chainId[0m
[32meth_estimateGas[0m
[32meth_chainId[0m
[32meth_chainId (2)[0m
[32meth_getBlockByNumber[0m
[32meth_gasPrice[0m
[32meth_maxPriorityFeePerGas[0m
[32meth_chainId[0m
[32meth_blockNumber[0m
[32meth_sendRawTransaction[0m
  Contract call:       <UnrecognizedContract>
  Transaction:         0x61a746f30ba63df1d40203349e15fadbc21983e867ccfd4c591600e65278efe8
  From:                0xf39fd6e51aad88f6f4ce6ab8827279cfffb92266
  To:                  0xac9fcba56e42d5960f813b9d0387f3d3bc003338
  Value:               0 ETH
  Gas used:            201307 of 201307
  Block #263:          0x85524023686b293ada26c4d678089b0d6776d6ce437ffdce8edd3a29bf2d7af8

[32meth_chainId[0m
[32meth_chainId (2)[0m
[32meth_getTransactionReceipt[0m
[32meth_chainId[0m
[32meth_estimateGas[0m
[32meth_chainId[0m
[32meth_chainId (2)[0m
[32meth_chainId (3)[0m
[32meth_sendRawTransaction[0m
  Contract call:       <UnrecognizedContract>
  Transaction:         0xd82badad8d1512669a2294bdc93c0ddfc07e44f5c11902555ab8223c7d39de3d
  From:                0xf39fd6e51aad88f6f4ce6ab8827279cfffb92266
  To:                  0xac9fcba56e42d5960f813b9d0387f3d3bc003338
  Value:               0 ETH
  Gas used:            269410 of 269410
  Block #264:          0xe1dc9f43d11089039abcf61af67b9f376b0dfb43ed05fa4052b7f97b0b8afb4c

[32meth_chainId[0m
[32meth_chainId (2)[0m
[32meth_getTransactionReceipt[0m
[32meth_chainId[0m
[32meth_call[0m
  Contract call:       <UnrecognizedContract>
  From:                0xf39fd6e51aad88f6f4ce6ab8827279cfffb92266
  To:                  0xac9fcba56e42d5960f813b9d0387f3d3bc003338

[32meth_call[0m
  Contract call:       <UnrecognizedContract>
  From:                0xf39fd6e51aad88f6f4ce6ab8827279cfffb92266
  To:                  0xac9fcba56e42d5960f813b9d0387f3d3bc003338

[32meth_call[0m
  Contract call:       <UnrecognizedContract>
  From:                0xf39fd6e51aad88f6f4ce6ab8827279cfffb92266
  To:                  0xac9fcba56e42d5960f813b9d0387f3d3bc003338

[32meth_chainId[0m
[32meth_call[0m
  Contract call:       <UnrecognizedContract>
  From:                0xf39fd6e51aad88f6f4ce6ab8827279cfffb92266
  To:                  0xac9fcba56e42d5960f813b9d0387f3d3bc003338

[32meth_chainId[0m
[32meth_call[0m
  Contract call:       <UnrecognizedContract>
  From:                0xf39fd6e51aad88f6f4ce6ab8827279cfffb92266
  To:                  0xac9fcba56e42d5960f813b9d0387f3d3bc003338

[32meth_call[0m
  Contract call:       <UnrecognizedContract>
  From:                0xf39fd6e51aad88f6f4ce6ab8827279cfffb92266
  To:                  0xac9fcba56e42d5960f813b9d0387f3d3bc003338

[32meth_chainId[0m
[32meth_call[0m
  Contract call:       <UnrecognizedContract>
  From:                0xf39fd6e51aad88f6f4ce6ab8827279cfffb92266
  To:                  0xac9fcba56e42d5960f813b9d0387f3d3bc003338

[32meth_chainId[0m
[32meth_call[0m
  Contract call:       <UnrecognizedContract>
  From:                0xf39fd6e51aad88f6f4ce6ab8827279cfffb92266
  To:                  0xac9fcba56e42d5960f813b9d0387f3d3bc003338

[32meth_chainId[0m
[32meth_call[0m
  Contract call:       <UnrecognizedContract>
  From:                0xf39fd6e51aad88f6f4ce6ab8827279cfffb92266
  To:                  0xac9fcba56e42d5960f813b9d0387f3d3bc003338

[32meth_call[0m
  Contract call:       <UnrecognizedContract>
  From:                0xf39fd6e51aad88f6f4ce6ab8827279cfffb92266
  To:                  0xac9fcba56e42d5960f813b9d0387f3d3bc003338

[32meth_chainId[0m
[32meth_call[0m
  Contract call:       <UnrecognizedContract>
  From:                0xf39fd6e51aad88f6f4ce6ab8827279cfffb92266
  To:                  0xac9fcba56e42d5960f813b9d0387f3d3bc003338

[32meth_chainId[0m
[32meth_call[0m
  Contract call:       <UnrecognizedContract>
  From:                0xf39fd6e51aad88f6f4ce6ab8827279cfffb92266
  To:                  0xac9fcba56e42d5960f813b9d0387f3d3bc003338

[32meth_chainId[0m
[32meth_call[0m
  Contract call:       <UnrecognizedContract>
  From:                0xf39fd6e51aad88f6f4ce6ab8827279cfffb92266
  To:                  0xac9fcba56e42d5960f813b9d0387f3d3bc003338

[32meth_call[0m
  Contract call:       <UnrecognizedContract>
  From:                0xf39fd6e51aad88f6f4ce6ab8827279cfffb92266
  To:                  0xac9fcba56e42d5960f813b9d0387f3d3bc003338

[32meth_chainId[0m
[32meth_call[0m
  Contract call:       <UnrecognizedContract>
  From:                0xf39fd6e51aad88f6f4ce6ab8827279cfffb92266
  To:                  0xac9fcba56e42d5960f813b9d0387f3d3bc003338

[32meth_chainId[0m
[32meth_call[0m
  Contract call:       <UnrecognizedContract>
  From:                0xf39fd6e51aad88f6f4ce6ab8827279cfffb92266
  To:                  0xac9fcba56e42d5960f813b9d0387f3d3bc003338

[32meth_chainId[0m
[32meth_call[0m
  Contract call:       <UnrecognizedContract>
  From:                0xf39fd6e51aad88f6f4ce6ab8827279cfffb92266
  To:                  0xac9fcba56e42d5960f813b9d0387f3d3bc003338

[32meth_call[0m
  Contract call:       <UnrecognizedContract>
  From:                0xf39fd6e51aad88f6f4ce6ab8827279cfffb92266
  To:                  0xac9fcba56e42d5960f813b9d0387f3d3bc003338

[32meth_chainId[0m
[32meth_call[0m
  Contract call:       <UnrecognizedContract>
  From:                0xf39fd6e51aad88f6f4ce6ab8827279cfffb92266
  To:                  0xac9fcba56e42d5960f813b9d0387f3d3bc003338

[32meth_chainId[0m
[32meth_call[0m
  Contract call:       <UnrecognizedContract>
  From:                0xf39fd6e51aad88f6f4ce6ab8827279cfffb92266
  To:                  0xac9fcba56e42d5960f813b9d0387f3d3bc003338

[32meth_chainId[0m
[32meth_call[0m
  Contract call:       <UnrecognizedContract>
  From:                0xf39fd6e51aad88f6f4ce6ab8827279cfffb92266
  To:                  0xac9fcba56e42d5960f813b9d0387f3d3bc003338

[32meth_call[0m
  Contract call:       <UnrecognizedContract>
  From:                0xf39fd6e51aad88f6f4ce6ab8827279cfffb92266
  To:                  0xac9fcba56e42d5960f813b9d0387f3d3bc003338

[32meth_chainId[0m
[32meth_call[0m
  Contract call:       <UnrecognizedContract>
  From:                0xf39fd6e51aad88f6f4ce6ab8827279cfffb92266
  To:                  0xac9fcba56e42d5960f813b9d0387f3d3bc003338

[32meth_chainId[0m
[32meth_call[0m
  Contract call:       <UnrecognizedContract>
  From:                0xf39fd6e51aad88f6f4ce6ab8827279cfffb92266
  To:                  0xac9fcba56e42d5960f813b9d0387f3d3bc003338

[32meth_chainId[0m
[32meth_call[0m
  Contract call:       <UnrecognizedContract>
  From:                0xf39fd6e51aad88f6f4ce6ab8827279cfffb92266
  To:                  0xac9fcba56e42d5960f813b9d0387f3d3bc003338

[32meth_call[0m
  Contract call:       <UnrecognizedContract>
  From:                0xf39fd6e51aad88f6f4ce6ab8827279cfffb92266
  To:                  0xac9fcba56e42d5960f813b9d0387f3d3bc003338

[32meth_chainId[0m
[32meth_call[0m
  Contract call:       <UnrecognizedContract>
  From:                0xf39fd6e51aad88f6f4ce6ab8827279cfffb92266
  To:                  0xac9fcba56e42d5960f813b9d0387f3d3bc003338

[32meth_chainId[0m
[32meth_call[0m
  Contract call:       <UnrecognizedContract>
  From:                0xf39fd6e51aad88f6f4ce6ab8827279cfffb92266
  To:                  0xac9fcba56e42d5960f813b9d0387f3d3bc003338

[32meth_chainId[0m
[32meth_call[0m
  Contract call:       <UnrecognizedContract>
  From:                0xf39fd6e51aad88f6f4ce6ab8827279cfffb92266
  To:                  0xac9fcba56e42d5960f813b9d0387f3d3bc003338

[32meth_call[0m
  Contract call:       <UnrecognizedContract>
  From:                0xf39fd6e51aad88f6f4ce6ab8827279cfffb92266
  To:                  0xac9fcba56e42d5960f813b9d0387f3d3bc003338

[32meth_chainId[0m
[32meth_call[0m
  Contract call:       <UnrecognizedContract>
  From:                0xf39fd6e51aad88f6f4ce6ab8827279cfffb92266
  To:                  0xac9fcba56e42d5960f813b9d0387f3d3bc003338

[32meth_chainId[0m
[32meth_call[0m
  Contract call:       <UnrecognizedContract>
  From:                0xf39fd6e51aad88f6f4ce6ab8827279cfffb92266
  To:                  0xac9fcba56e42d5960f813b9d0387f3d3bc003338

[32meth_chainId[0m
[32meth_call[0m
  Contract call:       <UnrecognizedContract>
  From:                0xf39fd6e51aad88f6f4ce6ab8827279cfffb92266
  To:                  0xac9fcba56e42d5960f813b9d0387f3d3bc003338

[32meth_call[0m
  Contract call:       <UnrecognizedContract>
  From:                0xf39fd6e51aad88f6f4ce6ab8827279cfffb92266
  To:                  0xac9fcba56e42d5960f813b9d0387f3d3bc003338

[32meth_chainId[0m
[32meth_call[0m
  Contract call:       <UnrecognizedContract>
  From:                0xf39fd6e51aad88f6f4ce6ab8827279cfffb92266
  To:                  0xac9fcba56e42d5960f813b9d0387f3d3bc003338

[32meth_chainId[0m
[32meth_call[0m
  Contract call:       <UnrecognizedContract>
  From:                0xf39fd6e51aad88f6f4ce6ab8827279cfffb92266
  To:                  0xac9fcba56e42d5960f813b9d0387f3d3bc003338

[32meth_chainId[0m
[32meth_call[0m
  Contract call:       <UnrecognizedContract>
  From:                0xf39fd6e51aad88f6f4ce6ab8827279cfffb92266
  To:                  0xac9fcba56e42d5960f813b9d0387f3d3bc003338

[32meth_call[0m
  Contract call:       <UnrecognizedContract>
  From:                0xf39fd6e51aad88f6f4ce6ab8827279cfffb92266
  To:                  0xac9fcba56e42d5960f813b9d0387f3d3bc003338

[32meth_chainId[0m
[32meth_call[0m
  Contract call:       <UnrecognizedContract>
  From:                0xf39fd6e51aad88f6f4ce6ab8827279cfffb92266
  To:                  0xac9fcba56e42d5960f813b9d0387f3d3bc003338

[32meth_chainId[0m
[32meth_call[0m
  Contract call:       <UnrecognizedContract>
  From:                0xf39fd6e51aad88f6f4ce6ab8827279cfffb92266
  To:                  0xac9fcba56e42d5960f813b9d0387f3d3bc003338

[32meth_chainId[0m
[32meth_call[0m
  Contract call:       <UnrecognizedContract>
  From:                0xf39fd6e51aad88f6f4ce6ab8827279cfffb92266
  To:                  0xac9fcba56e42d5960f813b9d0387f3d3bc003338

[32meth_call[0m
  Contract call:       <UnrecognizedContract>
  From:                0xf39fd6e51aad88f6f4ce6ab8827279cfffb92266
  To:                  0xac9fcba56e42d5960f813b9d0387f3d3bc003338

[32meth_chainId[0m
[32meth_call[0m
  Contract call:       <UnrecognizedContract>
  From:                0xf39fd6e51aad88f6f4ce6ab8827279cfffb92266
  To:                  0xac9fcba56e42d5960f813b9d0387f3d3bc003338

[32meth_chainId[0m
[32meth_call[0m
  Contract call:       <UnrecognizedContract>
  From:                0xf39fd6e51aad88f6f4ce6ab8827279cfffb92266
  To:                  0xac9fcba56e42d5960f813b9d0387f3d3bc003338

[32meth_chainId[0m
[32meth_call[0m
  Contract call:       <UnrecognizedContract>
  From:                0xf39fd6e51aad88f6f4ce6ab8827279cfffb92266
  To:                  0xac9fcba56e42d5960f813b9d0387f3d3bc003338

[32meth_call[0m
  Contract call:       <UnrecognizedContract>
  From:                0xf39fd6e51aad88f6f4ce6ab8827279cfffb92266
  To:                  0xac9fcba56e42d5960f813b9d0387f3d3bc003338

[32meth_chainId[0m
[32meth_call[0m
  Contract call:       <UnrecognizedContract>
  From:                0xf39fd6e51aad88f6f4ce6ab8827279cfffb92266
  To:                  0xac9fcba56e42d5960f813b9d0387f3d3bc003338

[32meth_chainId[0m
[32meth_call[0m
  Contract call:       <UnrecognizedContract>
  From:                0xf39fd6e51aad88f6f4ce6ab8827279cfffb92266
  To:                  0xac9fcba56e42d5960f813b9d0387f3d3bc003338

[32meth_chainId[0m
[32meth_call[0m
  Contract call:       <UnrecognizedContract>
  From:                0xf39fd6e51aad88f6f4ce6ab8827279cfffb92266
  To:                  0xac9fcba56e42d5960f813b9d0387f3d3bc003338

[32meth_call[0m
  Contract call:       <UnrecognizedContract>
  From:                0xf39fd6e51aad88f6f4ce6ab8827279cfffb92266
  To:                  0xac9fcba56e42d5960f813b9d0387f3d3bc003338

[32meth_chainId[0m
[32meth_call[0m
  Contract call:       <UnrecognizedContract>
  From:                0xf39fd6e51aad88f6f4ce6ab8827279cfffb92266
  To:                  0xac9fcba56e42d5960f813b9d0387f3d3bc003338

[32meth_chainId[0m
[32meth_call[0m
  Contract call:       <UnrecognizedContract>
  From:                0xf39fd6e51aad88f6f4ce6ab8827279cfffb92266
  To:                  0xac9fcba56e42d5960f813b9d0387f3d3bc003338

[32meth_chainId[0m
[32meth_call[0m
  Contract call:       <UnrecognizedContract>
  From:                0xf39fd6e51aad88f6f4ce6ab8827279cfffb92266
  To:                  0xac9fcba56e42d5960f813b9d0387f3d3bc003338

[32meth_call[0m
  Contract call:       <UnrecognizedContract>
  From:                0xf39fd6e51aad88f6f4ce6ab8827279cfffb92266
  To:                  0xac9fcba56e42d5960f813b9d0387f3d3bc003338

[32meth_chainId[0m
[32meth_call[0m
  Contract call:       <UnrecognizedContract>
  From:                0xf39fd6e51aad88f6f4ce6ab8827279cfffb92266
  To:                  0xac9fcba56e42d5960f813b9d0387f3d3bc003338

[32meth_chainId[0m
[32meth_call[0m
  Contract call:       <UnrecognizedContract>
  From:                0xf39fd6e51aad88f6f4ce6ab8827279cfffb92266
  To:                  0xac9fcba56e42d5960f813b9d0387f3d3bc003338

[32meth_chainId[0m
[32meth_call[0m
  Contract call:       <UnrecognizedContract>
  From:                0xf39fd6e51aad88f6f4ce6ab8827279cfffb92266
  To:                  0xac9fcba56e42d5960f813b9d0387f3d3bc003338

[32meth_call[0m
  Contract call:       <UnrecognizedContract>
  From:                0xf39fd6e51aad88f6f4ce6ab8827279cfffb92266
  To:                  0xac9fcba56e42d5960f813b9d0387f3d3bc003338

[32meth_chainId[0m
[32meth_call[0m
  Contract call:       <UnrecognizedContract>
  From:                0xf39fd6e51aad88f6f4ce6ab8827279cfffb92266
  To:                  0xac9fcba56e42d5960f813b9d0387f3d3bc003338

[32meth_chainId[0m
[32meth_call[0m
  Contract call:       <UnrecognizedContract>
  From:                0xf39fd6e51aad88f6f4ce6ab8827279cfffb92266
  To:                  0xac9fcba56e42d5960f813b9d0387f3d3bc003338

[32meth_chainId[0m
[32meth_call[0m
  Contract call:       <UnrecognizedContract>
  From:                0xf39fd6e51aad88f6f4ce6ab8827279cfffb92266
  To:                  0xac9fcba56e42d5960f813b9d0387f3d3bc003338

[32meth_call[0m
  Contract call:       <UnrecognizedContract>
  From:                0xf39fd6e51aad88f6f4ce6ab8827279cfffb92266
  To:                  0xac9fcba56e42d5960f813b9d0387f3d3bc003338

[32meth_chainId[0m
[32meth_call[0m
  Contract call:       <UnrecognizedContract>
  From:                0xf39fd6e51aad88f6f4ce6ab8827279cfffb92266
  To:                  0xac9fcba56e42d5960f813b9d0387f3d3bc003338

[32meth_chainId[0m
[32meth_call[0m
  Contract call:       <UnrecognizedContract>
  From:                0xf39fd6e51aad88f6f4ce6ab8827279cfffb92266
  To:                  0xac9fcba56e42d5960f813b9d0387f3d3bc003338

[32meth_chainId[0m
[32meth_call[0m
  Contract call:       <UnrecognizedContract>
  From:                0xf39fd6e51aad88f6f4ce6ab8827279cfffb92266
  To:                  0xac9fcba56e42d5960f813b9d0387f3d3bc003338

[32meth_call[0m
  Contract call:       <UnrecognizedContract>
  From:                0xf39fd6e51aad88f6f4ce6ab8827279cfffb92266
  To:                  0xac9fcba56e42d5960f813b9d0387f3d3bc003338

[32meth_chainId[0m
[32meth_call[0m
  Contract call:       <UnrecognizedContract>
  From:                0xf39fd6e51aad88f6f4ce6ab8827279cfffb92266
  To:                  0xac9fcba56e42d5960f813b9d0387f3d3bc003338

[32meth_chainId[0m
[32meth_call[0m
  Contract call:       <UnrecognizedContract>
  From:                0xf39fd6e51aad88f6f4ce6ab8827279cfffb92266
  To:                  0xac9fcba56e42d5960f813b9d0387f3d3bc003338

[32meth_chainId[0m
[32meth_call[0m
  Contract call:       <UnrecognizedContract>
  From:                0xf39fd6e51aad88f6f4ce6ab8827279cfffb92266
  To:                  0xac9fcba56e42d5960f813b9d0387f3d3bc003338

[32meth_call[0m
  Contract call:       <UnrecognizedContract>
  From:                0xf39fd6e51aad88f6f4ce6ab8827279cfffb92266
  To:                  0xac9fcba56e42d5960f813b9d0387f3d3bc003338

[32meth_chainId[0m
[32meth_call[0m
  Contract call:       <UnrecognizedContract>
  From:                0xf39fd6e51aad88f6f4ce6ab8827279cfffb92266
  To:                  0xac9fcba56e42d5960f813b9d0387f3d3bc003338

[32meth_chainId[0m
[32meth_call[0m
  Contract call:       <UnrecognizedContract>
  From:                0xf39fd6e51aad88f6f4ce6ab8827279cfffb92266
  To:                  0xac9fcba56e42d5960f813b9d0387f3d3bc003338

[32meth_chainId[0m
[32meth_call[0m
  Contract call:       <UnrecognizedContract>
  From:                0xf39fd6e51aad88f6f4ce6ab8827279cfffb92266
  To:                  0xac9fcba56e42d5960f813b9d0387f3d3bc003338

[32meth_call[0m
  Contract call:       <UnrecognizedContract>
  From:                0xf39fd6e51aad88f6f4ce6ab8827279cfffb92266
  To:                  0xac9fcba56e42d5960f813b9d0387f3d3bc003338

[32meth_chainId[0m
[32meth_call[0m
  Contract call:       <UnrecognizedContract>
  From:                0xf39fd6e51aad88f6f4ce6ab8827279cfffb92266
  To:                  0xac9fcba56e42d5960f813b9d0387f3d3bc003338

[32meth_chainId[0m
[32meth_call[0m
  Contract call:       <UnrecognizedContract>
  From:                0xf39fd6e51aad88f6f4ce6ab8827279cfffb92266
  To:                  0xac9fcba56e42d5960f813b9d0387f3d3bc003338

[32meth_chainId[0m
[32meth_call[0m
  Contract call:       <UnrecognizedContract>
  From:                0xf39fd6e51aad88f6f4ce6ab8827279cfffb92266
  To:                  0xac9fcba56e42d5960f813b9d0387f3d3bc003338

[32meth_call[0m
  Contract call:       <UnrecognizedContract>
  From:                0xf39fd6e51aad88f6f4ce6ab8827279cfffb92266
  To:                  0xac9fcba56e42d5960f813b9d0387f3d3bc003338

[32meth_chainId[0m
[32meth_call[0m
  Contract call:       <UnrecognizedContract>
  From:                0xf39fd6e51aad88f6f4ce6ab8827279cfffb92266
  To:                  0xac9fcba56e42d5960f813b9d0387f3d3bc003338

[32meth_chainId[0m
[32meth_call[0m
  Contract call:       <UnrecognizedContract>
  From:                0xf39fd6e51aad88f6f4ce6ab8827279cfffb92266
  To:                  0xac9fcba56e42d5960f813b9d0387f3d3bc003338

[32meth_chainId[0m
[32meth_call[0m
  Contract call:       <UnrecognizedContract>
  From:                0xf39fd6e51aad88f6f4ce6ab8827279cfffb92266
  To:                  0xac9fcba56e42d5960f813b9d0387f3d3bc003338

[32meth_call[0m
  Contract call:       <UnrecognizedContract>
  From:                0xf39fd6e51aad88f6f4ce6ab8827279cfffb92266
  To:                  0xac9fcba56e42d5960f813b9d0387f3d3bc003338

[32meth_chainId[0m
[32meth_call[0m
  Contract call:       <UnrecognizedContract>
  From:                0xf39fd6e51aad88f6f4ce6ab8827279cfffb92266
  To:                  0xac9fcba56e42d5960f813b9d0387f3d3bc003338

[32meth_chainId[0m
[32meth_call[0m
  Contract call:       <UnrecognizedContract>
  From:                0xf39fd6e51aad88f6f4ce6ab8827279cfffb92266
  To:                  0xac9fcba56e42d5960f813b9d0387f3d3bc003338

[32meth_chainId[0m
[32meth_call[0m
  Contract call:       <UnrecognizedContract>
  From:                0xf39fd6e51aad88f6f4ce6ab8827279cfffb92266
  To:                  0xac9fcba56e42d5960f813b9d0387f3d3bc003338

[32meth_call[0m
  Contract call:       <UnrecognizedContract>
  From:                0xf39fd6e51aad88f6f4ce6ab8827279cfffb92266
  To:                  0xac9fcba56e42d5960f813b9d0387f3d3bc003338

[32meth_chainId[0m
[32meth_call[0m
  Contract call:       <UnrecognizedContract>
  From:                0xf39fd6e51aad88f6f4ce6ab8827279cfffb92266
  To:                  0xac9fcba56e42d5960f813b9d0387f3d3bc003338

[32meth_chainId[0m
[32meth_call[0m
  Contract call:       <UnrecognizedContract>
  From:                0xf39fd6e51aad88f6f4ce6ab8827279cfffb92266
  To:                  0xac9fcba56e42d5960f813b9d0387f3d3bc003338

[32meth_chainId[0m
[32meth_call[0m
  Contract call:       <UnrecognizedContract>
  From:                0xf39fd6e51aad88f6f4ce6ab8827279cfffb92266
  To:                  0xac9fcba56e42d5960f813b9d0387f3d3bc003338

[32meth_call[0m
  Contract call:       <UnrecognizedContract>
  From:                0xf39fd6e51aad88f6f4ce6ab8827279cfffb92266
  To:                  0xac9fcba56e42d5960f813b9d0387f3d3bc003338

[32meth_chainId[0m
[32meth_call[0m
  Contract call:       <UnrecognizedContract>
  From:                0xf39fd6e51aad88f6f4ce6ab8827279cfffb92266
  To:                  0xac9fcba56e42d5960f813b9d0387f3d3bc003338

[32meth_chainId[0m
[32meth_call[0m
  Contract call:       <UnrecognizedContract>
  From:                0xf39fd6e51aad88f6f4ce6ab8827279cfffb92266
  To:                  0xac9fcba56e42d5960f813b9d0387f3d3bc003338

[32meth_chainId[0m
[32meth_call[0m
  Contract call:       <UnrecognizedContract>
  From:                0xf39fd6e51aad88f6f4ce6ab8827279cfffb92266
  To:                  0xac9fcba56e42d5960f813b9d0387f3d3bc003338

[32meth_call[0m
  Contract call:       <UnrecognizedContract>
  From:                0xf39fd6e51aad88f6f4ce6ab8827279cfffb92266
  To:                  0xac9fcba56e42d5960f813b9d0387f3d3bc003338

[32meth_chainId[0m
[32meth_call[0m
  Contract call:       <UnrecognizedContract>
  From:                0xf39fd6e51aad88f6f4ce6ab8827279cfffb92266
  To:                  0xac9fcba56e42d5960f813b9d0387f3d3bc003338

[32meth_chainId[0m
[32meth_call[0m
  Contract call:       <UnrecognizedContract>
  From:                0xf39fd6e51aad88f6f4ce6ab8827279cfffb92266
  To:                  0xac9fcba56e42d5960f813b9d0387f3d3bc003338

[32meth_chainId[0m
[32meth_call[0m
  Contract call:       <UnrecognizedContract>
  From:                0xf39fd6e51aad88f6f4ce6ab8827279cfffb92266
  To:                  0xac9fcba56e42d5960f813b9d0387f3d3bc003338

[32meth_call[0m
  Contract call:       <UnrecognizedContract>
  From:                0xf39fd6e51aad88f6f4ce6ab8827279cfffb92266
  To:                  0xac9fcba56e42d5960f813b9d0387f3d3bc003338

[32meth_chainId[0m
[32meth_call[0m
  Contract call:       <UnrecognizedContract>
  From:                0xf39fd6e51aad88f6f4ce6ab8827279cfffb92266
  To:                  0xac9fcba56e42d5960f813b9d0387f3d3bc003338

[32meth_chainId[0m
[32meth_call[0m
  Contract call:       <UnrecognizedContract>
  From:                0xf39fd6e51aad88f6f4ce6ab8827279cfffb92266
  To:                  0xac9fcba56e42d5960f813b9d0387f3d3bc003338

[32meth_chainId[0m
[32meth_call[0m
  Contract call:       <UnrecognizedContract>
  From:                0xf39fd6e51aad88f6f4ce6ab8827279cfffb92266
  To:                  0xac9fcba56e42d5960f813b9d0387f3d3bc003338

[32meth_call[0m
  Contract call:       <UnrecognizedContract>
  From:                0xf39fd6e51aad88f6f4ce6ab8827279cfffb92266
  To:                  0xac9fcba56e42d5960f813b9d0387f3d3bc003338

[32meth_chainId[0m
[32meth_call[0m
  Contract call:       <UnrecognizedContract>
  From:                0xf39fd6e51aad88f6f4ce6ab8827279cfffb92266
  To:                  0xac9fcba56e42d5960f813b9d0387f3d3bc003338

[32meth_chainId[0m
[32meth_call[0m
  Contract call:       <UnrecognizedContract>
  From:                0xf39fd6e51aad88f6f4ce6ab8827279cfffb92266
  To:                  0xac9fcba56e42d5960f813b9d0387f3d3bc003338

[32meth_chainId[0m
[32meth_call[0m
  Contract call:       <UnrecognizedContract>
  From:                0xf39fd6e51aad88f6f4ce6ab8827279cfffb92266
  To:                  0xac9fcba56e42d5960f813b9d0387f3d3bc003338

[32meth_call[0m
  Contract call:       <UnrecognizedContract>
  From:                0xf39fd6e51aad88f6f4ce6ab8827279cfffb92266
  To:                  0xac9fcba56e42d5960f813b9d0387f3d3bc003338

[32meth_chainId[0m
[32meth_call[0m
  Contract call:       <UnrecognizedContract>
  From:                0xf39fd6e51aad88f6f4ce6ab8827279cfffb92266
  To:                  0xac9fcba56e42d5960f813b9d0387f3d3bc003338

[32meth_chainId[0m
[32meth_call[0m
  Contract call:       <UnrecognizedContract>
  From:                0xf39fd6e51aad88f6f4ce6ab8827279cfffb92266
  To:                  0xac9fcba56e42d5960f813b9d0387f3d3bc003338

[32meth_chainId[0m
[32meth_call[0m
  Contract call:       <UnrecognizedContract>
  From:                0xf39fd6e51aad88f6f4ce6ab8827279cfffb92266
  To:                  0xac9fcba56e42d5960f813b9d0387f3d3bc003338

[32meth_call[0m
  Contract call:       <UnrecognizedContract>
  From:                0xf39fd6e51aad88f6f4ce6ab8827279cfffb92266
  To:                  0xac9fcba56e42d5960f813b9d0387f3d3bc003338

[32meth_chainId[0m
[32meth_call[0m
  Contract call:       <UnrecognizedContract>
  From:                0xf39fd6e51aad88f6f4ce6ab8827279cfffb92266
  To:                  0xac9fcba56e42d5960f813b9d0387f3d3bc003338

[32meth_chainId[0m
[32meth_call[0m
  Contract call:       <UnrecognizedContract>
  From:                0xf39fd6e51aad88f6f4ce6ab8827279cfffb92266
  To:                  0xac9fcba56e42d5960f813b9d0387f3d3bc003338

[32meth_chainId[0m
[32meth_call[0m
  Contract call:       <UnrecognizedContract>
  From:                0xf39fd6e51aad88f6f4ce6ab8827279cfffb92266
  To:                  0xac9fcba56e42d5960f813b9d0387f3d3bc003338

[32meth_call[0m
  Contract call:       <UnrecognizedContract>
  From:                0xf39fd6e51aad88f6f4ce6ab8827279cfffb92266
  To:                  0xac9fcba56e42d5960f813b9d0387f3d3bc003338

[32meth_chainId[0m
[32meth_call[0m
  Contract call:       <UnrecognizedContract>
  From:                0xf39fd6e51aad88f6f4ce6ab8827279cfffb92266
  To:                  0xac9fcba56e42d5960f813b9d0387f3d3bc003338

[32meth_chainId[0m
[32meth_call[0m
  Contract call:       <UnrecognizedContract>
  From:                0xf39fd6e51aad88f6f4ce6ab8827279cfffb92266
  To:                  0xac9fcba56e42d5960f813b9d0387f3d3bc003338

[32meth_chainId[0m
[32meth_call[0m
  Contract call:       <UnrecognizedContract>
  From:                0xf39fd6e51aad88f6f4ce6ab8827279cfffb92266
  To:                  0xac9fcba56e42d5960f813b9d0387f3d3bc003338

[32meth_call[0m
  Contract call:       <UnrecognizedContract>
  From:                0xf39fd6e51aad88f6f4ce6ab8827279cfffb92266
  To:                  0xac9fcba56e42d5960f813b9d0387f3d3bc003338

[32meth_chainId[0m
[32meth_call[0m
  Contract call:       <UnrecognizedContract>
  From:                0xf39fd6e51aad88f6f4ce6ab8827279cfffb92266
  To:                  0xac9fcba56e42d5960f813b9d0387f3d3bc003338

[32meth_chainId[0m
[32meth_call[0m
  Contract call:       <UnrecognizedContract>
  From:                0xf39fd6e51aad88f6f4ce6ab8827279cfffb92266
  To:                  0xac9fcba56e42d5960f813b9d0387f3d3bc003338

[32meth_chainId[0m
[32meth_call[0m
  Contract call:       <UnrecognizedContract>
  From:                0xf39fd6e51aad88f6f4ce6ab8827279cfffb92266
  To:                  0xac9fcba56e42d5960f813b9d0387f3d3bc003338

[32meth_call[0m
  Contract call:       <UnrecognizedContract>
  From:                0xf39fd6e51aad88f6f4ce6ab8827279cfffb92266
  To:                  0xac9fcba56e42d5960f813b9d0387f3d3bc003338

[32meth_chainId[0m
[32meth_call[0m
  Contract call:       <UnrecognizedContract>
  From:                0xf39fd6e51aad88f6f4ce6ab8827279cfffb92266
  To:                  0xac9fcba56e42d5960f813b9d0387f3d3bc003338

[32meth_chainId[0m
[32meth_call[0m
  Contract call:       <UnrecognizedContract>
  From:                0xf39fd6e51aad88f6f4ce6ab8827279cfffb92266
  To:                  0xac9fcba56e42d5960f813b9d0387f3d3bc003338

[32meth_chainId[0m
[32meth_call[0m
  Contract call:       <UnrecognizedContract>
  From:                0xf39fd6e51aad88f6f4ce6ab8827279cfffb92266
  To:                  0xac9fcba56e42d5960f813b9d0387f3d3bc003338

[32meth_call[0m
  Contract call:       <UnrecognizedContract>
  From:                0xf39fd6e51aad88f6f4ce6ab8827279cfffb92266
  To:                  0xac9fcba56e42d5960f813b9d0387f3d3bc003338

[32meth_chainId[0m
[32meth_call[0m
  Contract call:       <UnrecognizedContract>
  From:                0xf39fd6e51aad88f6f4ce6ab8827279cfffb92266
  To:                  0xac9fcba56e42d5960f813b9d0387f3d3bc003338

[32meth_chainId[0m
[32meth_call[0m
  Contract call:       <UnrecognizedContract>
  From:                0xf39fd6e51aad88f6f4ce6ab8827279cfffb92266
  To:                  0xac9fcba56e42d5960f813b9d0387f3d3bc003338

[32meth_chainId[0m
[32meth_call[0m
  Contract call:       <UnrecognizedContract>
  From:                0xf39fd6e51aad88f6f4ce6ab8827279cfffb92266
  To:                  0xac9fcba56e42d5960f813b9d0387f3d3bc003338

[32meth_call[0m
  Contract call:       <UnrecognizedContract>
  From:                0xf39fd6e51aad88f6f4ce6ab8827279cfffb92266
  To:                  0xac9fcba56e42d5960f813b9d0387f3d3bc003338

[32meth_chainId[0m
[32meth_call[0m
  Contract call:       <UnrecognizedContract>
  From:                0xf39fd6e51aad88f6f4ce6ab8827279cfffb92266
  To:                  0xac9fcba56e42d5960f813b9d0387f3d3bc003338

[32meth_chainId[0m
[32meth_call[0m
  Contract call:       <UnrecognizedContract>
  From:                0xf39fd6e51aad88f6f4ce6ab8827279cfffb92266
  To:                  0xac9fcba56e42d5960f813b9d0387f3d3bc003338

[32meth_chainId[0m
[32meth_call[0m
  Contract call:       <UnrecognizedContract>
  From:                0xf39fd6e51aad88f6f4ce6ab8827279cfffb92266
  To:                  0xac9fcba56e42d5960f813b9d0387f3d3bc003338

[32meth_call[0m
  Contract call:       <UnrecognizedContract>
  From:                0xf39fd6e51aad88f6f4ce6ab8827279cfffb92266
  To:                  0xac9fcba56e42d5960f813b9d0387f3d3bc003338

[32meth_chainId[0m
[32meth_call[0m
  Contract call:       <UnrecognizedContract>
  From:                0xf39fd6e51aad88f6f4ce6ab8827279cfffb92266
  To:                  0xac9fcba56e42d5960f813b9d0387f3d3bc003338

[32meth_chainId[0m
[32meth_call[0m
  Contract call:       <UnrecognizedContract>
  From:                0xf39fd6e51aad88f6f4ce6ab8827279cfffb92266
  To:                  0xac9fcba56e42d5960f813b9d0387f3d3bc003338

[32meth_chainId[0m
[32meth_call[0m
  Contract call:       <UnrecognizedContract>
  From:                0xf39fd6e51aad88f6f4ce6ab8827279cfffb92266
  To:                  0xac9fcba56e42d5960f813b9d0387f3d3bc003338

[32meth_call[0m
  Contract call:       <UnrecognizedContract>
  From:                0xf39fd6e51aad88f6f4ce6ab8827279cfffb92266
  To:                  0xac9fcba56e42d5960f813b9d0387f3d3bc003338

[32meth_chainId[0m
[32meth_call[0m
  Contract call:       <UnrecognizedContract>
  From:                0xf39fd6e51aad88f6f4ce6ab8827279cfffb92266
  To:                  0xac9fcba56e42d5960f813b9d0387f3d3bc003338

[32meth_chainId[0m
[32meth_call[0m
  Contract call:       <UnrecognizedContract>
  From:                0xf39fd6e51aad88f6f4ce6ab8827279cfffb92266
  To:                  0xac9fcba56e42d5960f813b9d0387f3d3bc003338

[32meth_chainId[0m
[32meth_call[0m
  Contract call:       <UnrecognizedContract>
  From:                0xf39fd6e51aad88f6f4ce6ab8827279cfffb92266
  To:                  0xac9fcba56e42d5960f813b9d0387f3d3bc003338

[32meth_call[0m
  Contract call:       <UnrecognizedContract>
  From:                0xf39fd6e51aad88f6f4ce6ab8827279cfffb92266
  To:                  0xac9fcba56e42d5960f813b9d0387f3d3bc003338

[32meth_chainId[0m
[32meth_call[0m
  Contract call:       <UnrecognizedContract>
  From:                0xf39fd6e51aad88f6f4ce6ab8827279cfffb92266
  To:                  0xac9fcba56e42d5960f813b9d0387f3d3bc003338

[32meth_chainId[0m
[32meth_call[0m
  Contract call:       <UnrecognizedContract>
  From:                0xf39fd6e51aad88f6f4ce6ab8827279cfffb92266
  To:                  0xac9fcba56e42d5960f813b9d0387f3d3bc003338

[32meth_chainId[0m
[32meth_call[0m
  Contract call:       <UnrecognizedContract>
  From:                0xf39fd6e51aad88f6f4ce6ab8827279cfffb92266
  To:                  0xac9fcba56e42d5960f813b9d0387f3d3bc003338

[32meth_call[0m
  Contract call:       <UnrecognizedContract>
  From:                0xf39fd6e51aad88f6f4ce6ab8827279cfffb92266
  To:                  0xac9fcba56e42d5960f813b9d0387f3d3bc003338

[32meth_call[0m
  Contract call:       <UnrecognizedContract>
  From:                0xf39fd6e51aad88f6f4ce6ab8827279cfffb92266
  To:                  0xac9fcba56e42d5960f813b9d0387f3d3bc003338

[32meth_chainId[0m
[32meth_call[0m
  Contract call:       <UnrecognizedContract>
  From:                0xf39fd6e51aad88f6f4ce6ab8827279cfffb92266
  To:                  0xac9fcba56e42d5960f813b9d0387f3d3bc003338

[32meth_chainId[0m
[32meth_call[0m
  Contract call:       <UnrecognizedContract>
  From:                0xf39fd6e51aad88f6f4ce6ab8827279cfffb92266
  To:                  0xac9fcba56e42d5960f813b9d0387f3d3bc003338

[32meth_call[0m
  Contract call:       <UnrecognizedContract>
  From:                0xf39fd6e51aad88f6f4ce6ab8827279cfffb92266
  To:                  0xac9fcba56e42d5960f813b9d0387f3d3bc003338

[32meth_chainId[0m
[32meth_call[0m
  Contract call:       <UnrecognizedContract>
  From:                0xf39fd6e51aad88f6f4ce6ab8827279cfffb92266
  To:                  0xac9fcba56e42d5960f813b9d0387f3d3bc003338

[32meth_chainId[0m
[32meth_call[0m
  Contract call:       <UnrecognizedContract>
  From:                0xf39fd6e51aad88f6f4ce6ab8827279cfffb92266
  To:                  0xac9fcba56e42d5960f813b9d0387f3d3bc003338

[32meth_chainId[0m
[32meth_call[0m
  Contract call:       <UnrecognizedContract>
  From:                0xf39fd6e51aad88f6f4ce6ab8827279cfffb92266
  To:                  0xac9fcba56e42d5960f813b9d0387f3d3bc003338

[32meth_call[0m
  Contract call:       <UnrecognizedContract>
  From:                0xf39fd6e51aad88f6f4ce6ab8827279cfffb92266
  To:                  0xac9fcba56e42d5960f813b9d0387f3d3bc003338

[32meth_chainId[0m
[32meth_call[0m
  Contract call:       <UnrecognizedContract>
  From:                0xf39fd6e51aad88f6f4ce6ab8827279cfffb92266
  To:                  0xac9fcba56e42d5960f813b9d0387f3d3bc003338

[32meth_chainId[0m
[32meth_call[0m
  Contract call:       <UnrecognizedContract>
  From:                0xf39fd6e51aad88f6f4ce6ab8827279cfffb92266
  To:                  0xac9fcba56e42d5960f813b9d0387f3d3bc003338

[32meth_chainId[0m
[32meth_call[0m
  Contract call:       <UnrecognizedContract>
  From:                0xf39fd6e51aad88f6f4ce6ab8827279cfffb92266
  To:                  0xac9fcba56e42d5960f813b9d0387f3d3bc003338

[32meth_call[0m
  Contract call:       <UnrecognizedContract>
  From:                0xf39fd6e51aad88f6f4ce6ab8827279cfffb92266
  To:                  0xac9fcba56e42d5960f813b9d0387f3d3bc003338

[32meth_chainId[0m
[32meth_call[0m
  Contract call:       <UnrecognizedContract>
  From:                0xf39fd6e51aad88f6f4ce6ab8827279cfffb92266
  To:                  0xac9fcba56e42d5960f813b9d0387f3d3bc003338

[32meth_chainId[0m
[32meth_call[0m
  Contract call:       <UnrecognizedContract>
  From:                0xf39fd6e51aad88f6f4ce6ab8827279cfffb92266
  To:                  0xac9fcba56e42d5960f813b9d0387f3d3bc003338

[32meth_chainId[0m
[32meth_call[0m
  Contract call:       <UnrecognizedContract>
  From:                0xf39fd6e51aad88f6f4ce6ab8827279cfffb92266
  To:                  0xac9fcba56e42d5960f813b9d0387f3d3bc003338

[32meth_call[0m
  Contract call:       <UnrecognizedContract>
  From:                0xf39fd6e51aad88f6f4ce6ab8827279cfffb92266
  To:                  0xac9fcba56e42d5960f813b9d0387f3d3bc003338

[32meth_chainId[0m
[32meth_call[0m
  Contract call:       <UnrecognizedContract>
  From:                0xf39fd6e51aad88f6f4ce6ab8827279cfffb92266
  To:                  0xac9fcba56e42d5960f813b9d0387f3d3bc003338

[32meth_chainId[0m
[32meth_call[0m
  Contract call:       <UnrecognizedContract>
  From:                0xf39fd6e51aad88f6f4ce6ab8827279cfffb92266
  To:                  0xac9fcba56e42d5960f813b9d0387f3d3bc003338

[32meth_chainId[0m
[32meth_call[0m
  Contract call:       <UnrecognizedContract>
  From:                0xf39fd6e51aad88f6f4ce6ab8827279cfffb92266
  To:                  0xac9fcba56e42d5960f813b9d0387f3d3bc003338

[32meth_call[0m
  Contract call:       <UnrecognizedContract>
  From:                0xf39fd6e51aad88f6f4ce6ab8827279cfffb92266
  To:                  0xac9fcba56e42d5960f813b9d0387f3d3bc003338

[32meth_chainId[0m
[32meth_call[0m
  Contract call:       <UnrecognizedContract>
  From:                0xf39fd6e51aad88f6f4ce6ab8827279cfffb92266
  To:                  0xac9fcba56e42d5960f813b9d0387f3d3bc003338

[32meth_chainId[0m
[32meth_call[0m
  Contract call:       <UnrecognizedContract>
  From:                0xf39fd6e51aad88f6f4ce6ab8827279cfffb92266
  To:                  0xac9fcba56e42d5960f813b9d0387f3d3bc003338

[32meth_chainId[0m
[32meth_call[0m
  Contract call:       <UnrecognizedContract>
  From:                0xf39fd6e51aad88f6f4ce6ab8827279cfffb92266
  To:                  0xac9fcba56e42d5960f813b9d0387f3d3bc003338

[32meth_call[0m
  Contract call:       <UnrecognizedContract>
  From:                0xf39fd6e51aad88f6f4ce6ab8827279cfffb92266
  To:                  0xac9fcba56e42d5960f813b9d0387f3d3bc003338

[32meth_chainId[0m
[32meth_call[0m
  Contract call:       <UnrecognizedContract>
  From:                0xf39fd6e51aad88f6f4ce6ab8827279cfffb92266
  To:                  0xac9fcba56e42d5960f813b9d0387f3d3bc003338

[32meth_chainId[0m
[32meth_call[0m
  Contract call:       <UnrecognizedContract>
  From:                0xf39fd6e51aad88f6f4ce6ab8827279cfffb92266
  To:                  0xac9fcba56e42d5960f813b9d0387f3d3bc003338

[32meth_chainId[0m
[32meth_call[0m
  Contract call:       <UnrecognizedContract>
  From:                0xf39fd6e51aad88f6f4ce6ab8827279cfffb92266
  To:                  0xac9fcba56e42d5960f813b9d0387f3d3bc003338

[32meth_call[0m
  Contract call:       <UnrecognizedContract>
  From:                0xf39fd6e51aad88f6f4ce6ab8827279cfffb92266
  To:                  0xac9fcba56e42d5960f813b9d0387f3d3bc003338

[32meth_chainId[0m
[32meth_call[0m
  Contract call:       <UnrecognizedContract>
  From:                0xf39fd6e51aad88f6f4ce6ab8827279cfffb92266
  To:                  0xac9fcba56e42d5960f813b9d0387f3d3bc003338

[32meth_chainId[0m
[32meth_call[0m
  Contract call:       <UnrecognizedContract>
  From:                0xf39fd6e51aad88f6f4ce6ab8827279cfffb92266
  To:                  0xac9fcba56e42d5960f813b9d0387f3d3bc003338

[32meth_chainId[0m
[32meth_call[0m
  Contract call:       <UnrecognizedContract>
  From:                0xf39fd6e51aad88f6f4ce6ab8827279cfffb92266
  To:                  0xac9fcba56e42d5960f813b9d0387f3d3bc003338

[32meth_call[0m
  Contract call:       <UnrecognizedContract>
  From:                0xf39fd6e51aad88f6f4ce6ab8827279cfffb92266
  To:                  0xac9fcba56e42d5960f813b9d0387f3d3bc003338

[32meth_chainId[0m
[32meth_call[0m
  Contract call:       <UnrecognizedContract>
  From:                0xf39fd6e51aad88f6f4ce6ab8827279cfffb92266
  To:                  0xac9fcba56e42d5960f813b9d0387f3d3bc003338

[32meth_chainId[0m
[32meth_call[0m
  Contract call:       <UnrecognizedContract>
  From:                0xf39fd6e51aad88f6f4ce6ab8827279cfffb92266
  To:                  0xac9fcba56e42d5960f813b9d0387f3d3bc003338

[32meth_chainId[0m
[32meth_call[0m
  Contract call:       <UnrecognizedContract>
  From:                0xf39fd6e51aad88f6f4ce6ab8827279cfffb92266
  To:                  0xac9fcba56e42d5960f813b9d0387f3d3bc003338

[32meth_call[0m
  Contract call:       <UnrecognizedContract>
  From:                0xf39fd6e51aad88f6f4ce6ab8827279cfffb92266
  To:                  0xac9fcba56e42d5960f813b9d0387f3d3bc003338

[32meth_chainId[0m
[32meth_call[0m
  Contract call:       <UnrecognizedContract>
  From:                0xf39fd6e51aad88f6f4ce6ab8827279cfffb92266
  To:                  0xac9fcba56e42d5960f813b9d0387f3d3bc003338

[32meth_chainId[0m
[32meth_call[0m
  Contract call:       <UnrecognizedContract>
  From:                0xf39fd6e51aad88f6f4ce6ab8827279cfffb92266
  To:                  0xac9fcba56e42d5960f813b9d0387f3d3bc003338

[32meth_chainId[0m
[32meth_call[0m
  Contract call:       <UnrecognizedContract>
  From:                0xf39fd6e51aad88f6f4ce6ab8827279cfffb92266
  To:                  0xac9fcba56e42d5960f813b9d0387f3d3bc003338

[32meth_call[0m
  Contract call:       <UnrecognizedContract>
  From:                0xf39fd6e51aad88f6f4ce6ab8827279cfffb92266
  To:                  0xac9fcba56e42d5960f813b9d0387f3d3bc003338

[32meth_chainId[0m
[32meth_call[0m
  Contract call:       <UnrecognizedContract>
  From:                0xf39fd6e51aad88f6f4ce6ab8827279cfffb92266
  To:                  0xac9fcba56e42d5960f813b9d0387f3d3bc003338

[32meth_chainId[0m
[32meth_call[0m
  Contract call:       <UnrecognizedContract>
  From:                0xf39fd6e51aad88f6f4ce6ab8827279cfffb92266
  To:                  0xac9fcba56e42d5960f813b9d0387f3d3bc003338

[32meth_chainId[0m
[32meth_call[0m
  Contract call:       <UnrecognizedContract>
  From:                0xf39fd6e51aad88f6f4ce6ab8827279cfffb92266
  To:                  0xac9fcba56e42d5960f813b9d0387f3d3bc003338

[32meth_call[0m
  Contract call:       <UnrecognizedContract>
  From:                0xf39fd6e51aad88f6f4ce6ab8827279cfffb92266
  To:                  0xac9fcba56e42d5960f813b9d0387f3d3bc003338

[32meth_chainId[0m
[32meth_call[0m
  Contract call:       <UnrecognizedContract>
  From:                0xf39fd6e51aad88f6f4ce6ab8827279cfffb92266
  To:                  0xac9fcba56e42d5960f813b9d0387f3d3bc003338

[32meth_chainId[0m
[32meth_call[0m
  Contract call:       <UnrecognizedContract>
  From:                0xf39fd6e51aad88f6f4ce6ab8827279cfffb92266
  To:                  0xac9fcba56e42d5960f813b9d0387f3d3bc003338

[32meth_chainId[0m
[32meth_call[0m
  Contract call:       <UnrecognizedContract>
  From:                0xf39fd6e51aad88f6f4ce6ab8827279cfffb92266
  To:                  0xac9fcba56e42d5960f813b9d0387f3d3bc003338

[32meth_call[0m
  Contract call:       <UnrecognizedContract>
  From:                0xf39fd6e51aad88f6f4ce6ab8827279cfffb92266
  To:                  0xac9fcba56e42d5960f813b9d0387f3d3bc003338

[32meth_chainId[0m
[32meth_call[0m
  Contract call:       <UnrecognizedContract>
  From:                0xf39fd6e51aad88f6f4ce6ab8827279cfffb92266
  To:                  0xac9fcba56e42d5960f813b9d0387f3d3bc003338

[32meth_chainId[0m
[32meth_call[0m
  Contract call:       <UnrecognizedContract>
  From:                0xf39fd6e51aad88f6f4ce6ab8827279cfffb92266
  To:                  0xac9fcba56e42d5960f813b9d0387f3d3bc003338

[32meth_chainId[0m
[32meth_call[0m
  Contract call:       <UnrecognizedContract>
  From:                0xf39fd6e51aad88f6f4ce6ab8827279cfffb92266
  To:                  0xac9fcba56e42d5960f813b9d0387f3d3bc003338

[32meth_call[0m
  Contract call:       <UnrecognizedContract>
  From:                0xf39fd6e51aad88f6f4ce6ab8827279cfffb92266
  To:                  0xac9fcba56e42d5960f813b9d0387f3d3bc003338

[32meth_chainId[0m
[32meth_call[0m
  Contract call:       <UnrecognizedContract>
  From:                0xf39fd6e51aad88f6f4ce6ab8827279cfffb92266
  To:                  0xac9fcba56e42d5960f813b9d0387f3d3bc003338

[32meth_chainId[0m
[32meth_call[0m
  Contract call:       <UnrecognizedContract>
  From:                0xf39fd6e51aad88f6f4ce6ab8827279cfffb92266
  To:                  0xac9fcba56e42d5960f813b9d0387f3d3bc003338

[32meth_chainId[0m
[32meth_call[0m
  Contract call:       <UnrecognizedContract>
  From:                0xf39fd6e51aad88f6f4ce6ab8827279cfffb92266
  To:                  0xac9fcba56e42d5960f813b9d0387f3d3bc003338

[32meth_call[0m
  Contract call:       <UnrecognizedContract>
  From:                0xf39fd6e51aad88f6f4ce6ab8827279cfffb92266
  To:                  0xac9fcba56e42d5960f813b9d0387f3d3bc003338

[32meth_chainId[0m
[32meth_call[0m
  Contract call:       <UnrecognizedContract>
  From:                0xf39fd6e51aad88f6f4ce6ab8827279cfffb92266
  To:                  0xac9fcba56e42d5960f813b9d0387f3d3bc003338

[32meth_chainId[0m
[32meth_call[0m
  Contract call:       <UnrecognizedContract>
  From:                0xf39fd6e51aad88f6f4ce6ab8827279cfffb92266
  To:                  0xac9fcba56e42d5960f813b9d0387f3d3bc003338

[32meth_chainId[0m
[32meth_call[0m
  Contract call:       <UnrecognizedContract>
  From:                0xf39fd6e51aad88f6f4ce6ab8827279cfffb92266
  To:                  0xac9fcba56e42d5960f813b9d0387f3d3bc003338

[32meth_call[0m
  Contract call:       <UnrecognizedContract>
  From:                0xf39fd6e51aad88f6f4ce6ab8827279cfffb92266
  To:                  0xac9fcba56e42d5960f813b9d0387f3d3bc003338

[32meth_chainId[0m
[32meth_call[0m
  Contract call:       <UnrecognizedContract>
  From:                0xf39fd6e51aad88f6f4ce6ab8827279cfffb92266
  To:                  0xac9fcba56e42d5960f813b9d0387f3d3bc003338

[32meth_chainId[0m
[32meth_call[0m
  Contract call:       <UnrecognizedContract>
  From:                0xf39fd6e51aad88f6f4ce6ab8827279cfffb92266
  To:                  0xac9fcba56e42d5960f813b9d0387f3d3bc003338

[32meth_chainId[0m
[32meth_call[0m
  Contract call:       <UnrecognizedContract>
  From:                0xf39fd6e51aad88f6f4ce6ab8827279cfffb92266
  To:                  0xac9fcba56e42d5960f813b9d0387f3d3bc003338

[32meth_call[0m
  Contract call:       <UnrecognizedContract>
  From:                0xf39fd6e51aad88f6f4ce6ab8827279cfffb92266
  To:                  0xac9fcba56e42d5960f813b9d0387f3d3bc003338

[32meth_call[0m
  Contract call:       <UnrecognizedContract>
  From:                0xf39fd6e51aad88f6f4ce6ab8827279cfffb92266
  To:                  0xac9fcba56e42d5960f813b9d0387f3d3bc003338

[32meth_chainId[0m
[32meth_call[0m
  Contract call:       <UnrecognizedContract>
  From:                0xf39fd6e51aad88f6f4ce6ab8827279cfffb92266
  To:                  0xac9fcba56e42d5960f813b9d0387f3d3bc003338

[32meth_chainId[0m
[32meth_call[0m
  Contract call:       <UnrecognizedContract>
  From:                0xf39fd6e51aad88f6f4ce6ab8827279cfffb92266
  To:                  0xac9fcba56e42d5960f813b9d0387f3d3bc003338

[32meth_call[0m
  Contract call:       <UnrecognizedContract>
  From:                0xf39fd6e51aad88f6f4ce6ab8827279cfffb92266
  To:                  0xac9fcba56e42d5960f813b9d0387f3d3bc003338

[32meth_call[0m
  Contract call:       <UnrecognizedContract>
  From:                0xf39fd6e51aad88f6f4ce6ab8827279cfffb92266
  To:                  0xac9fcba56e42d5960f813b9d0387f3d3bc003338

[32meth_chainId[0m
[32meth_call[0m
  Contract call:       <UnrecognizedContract>
  From:                0xf39fd6e51aad88f6f4ce6ab8827279cfffb92266
  To:                  0xac9fcba56e42d5960f813b9d0387f3d3bc003338

[32meth_chainId[0m
[32meth_call[0m
  Contract call:       <UnrecognizedContract>
  From:                0xf39fd6e51aad88f6f4ce6ab8827279cfffb92266
  To:                  0xac9fcba56e42d5960f813b9d0387f3d3bc003338

[32meth_call[0m
  Contract call:       <UnrecognizedContract>
  From:                0xf39fd6e51aad88f6f4ce6ab8827279cfffb92266
  To:                  0xac9fcba56e42d5960f813b9d0387f3d3bc003338

[32meth_call[0m
  Contract call:       <UnrecognizedContract>
  From:                0xf39fd6e51aad88f6f4ce6ab8827279cfffb92266
  To:                  0xac9fcba56e42d5960f813b9d0387f3d3bc003338

[32meth_chainId[0m
[32meth_call[0m
  Contract call:       <UnrecognizedContract>
  From:                0xf39fd6e51aad88f6f4ce6ab8827279cfffb92266
  To:                  0xac9fcba56e42d5960f813b9d0387f3d3bc003338

[32meth_chainId[0m
[32meth_call[0m
  Contract call:       <UnrecognizedContract>
  From:                0xf39fd6e51aad88f6f4ce6ab8827279cfffb92266
  To:                  0xac9fcba56e42d5960f813b9d0387f3d3bc003338

[32meth_call[0m
  Contract call:       <UnrecognizedContract>
  From:                0xf39fd6e51aad88f6f4ce6ab8827279cfffb92266
  To:                  0xac9fcba56e42d5960f813b9d0387f3d3bc003338

[32meth_chainId[0m
[32meth_call[0m
  Contract call:       <UnrecognizedContract>
  From:                0xf39fd6e51aad88f6f4ce6ab8827279cfffb92266
  To:                  0xac9fcba56e42d5960f813b9d0387f3d3bc003338

[32meth_chainId[0m
[32meth_call[0m
  Contract call:       <UnrecognizedContract>
  From:                0xf39fd6e51aad88f6f4ce6ab8827279cfffb92266
  To:                  0xac9fcba56e42d5960f813b9d0387f3d3bc003338

[32meth_chainId[0m
[32meth_call[0m
  Contract call:       <UnrecognizedContract>
  From:                0xf39fd6e51aad88f6f4ce6ab8827279cfffb92266
  To:                  0xac9fcba56e42d5960f813b9d0387f3d3bc003338

[32meth_call[0m
  Contract call:       <UnrecognizedContract>
  From:                0xf39fd6e51aad88f6f4ce6ab8827279cfffb92266
  To:                  0xac9fcba56e42d5960f813b9d0387f3d3bc003338

[32meth_chainId[0m
[32meth_call[0m
  Contract call:       <UnrecognizedContract>
  From:                0xf39fd6e51aad88f6f4ce6ab8827279cfffb92266
  To:                  0xac9fcba56e42d5960f813b9d0387f3d3bc003338

[32meth_chainId[0m
[32meth_call[0m
  Contract call:       <UnrecognizedContract>
  From:                0xf39fd6e51aad88f6f4ce6ab8827279cfffb92266
  To:                  0xac9fcba56e42d5960f813b9d0387f3d3bc003338

[32meth_chainId[0m
[32meth_call[0m
  Contract call:       <UnrecognizedContract>
  From:                0xf39fd6e51aad88f6f4ce6ab8827279cfffb92266
  To:                  0xac9fcba56e42d5960f813b9d0387f3d3bc003338

[32meth_call[0m
  Contract call:       <UnrecognizedContract>
  From:                0xf39fd6e51aad88f6f4ce6ab8827279cfffb92266
  To:                  0xac9fcba56e42d5960f813b9d0387f3d3bc003338

[32meth_chainId[0m
[32meth_call[0m
  Contract call:       <UnrecognizedContract>
  From:                0xf39fd6e51aad88f6f4ce6ab8827279cfffb92266
  To:                  0xac9fcba56e42d5960f813b9d0387f3d3bc003338

[32meth_chainId[0m
[32meth_call[0m
  Contract call:       <UnrecognizedContract>
  From:                0xf39fd6e51aad88f6f4ce6ab8827279cfffb92266
  To:                  0xac9fcba56e42d5960f813b9d0387f3d3bc003338

[32meth_chainId[0m
[32meth_call[0m
  Contract call:       <UnrecognizedContract>
  From:                0xf39fd6e51aad88f6f4ce6ab8827279cfffb92266
  To:                  0xac9fcba56e42d5960f813b9d0387f3d3bc003338

[32meth_call[0m
  Contract call:       <UnrecognizedContract>
  From:                0xf39fd6e51aad88f6f4ce6ab8827279cfffb92266
  To:                  0xac9fcba56e42d5960f813b9d0387f3d3bc003338

[32meth_chainId[0m
[32meth_call[0m
  Contract call:       <UnrecognizedContract>
  From:                0xf39fd6e51aad88f6f4ce6ab8827279cfffb92266
  To:                  0xac9fcba56e42d5960f813b9d0387f3d3bc003338

[32meth_chainId[0m
[32meth_call[0m
  Contract call:       <UnrecognizedContract>
  From:                0xf39fd6e51aad88f6f4ce6ab8827279cfffb92266
  To:                  0xac9fcba56e42d5960f813b9d0387f3d3bc003338

[32meth_chainId[0m
[32meth_call[0m
  Contract call:       <UnrecognizedContract>
  From:                0xf39fd6e51aad88f6f4ce6ab8827279cfffb92266
  To:                  0xac9fcba56e42d5960f813b9d0387f3d3bc003338

[32meth_call[0m
  Contract call:       <UnrecognizedContract>
  From:                0xf39fd6e51aad88f6f4ce6ab8827279cfffb92266
  To:                  0xac9fcba56e42d5960f813b9d0387f3d3bc003338

[32meth_chainId[0m
[32meth_call[0m
  Contract call:       <UnrecognizedContract>
  From:                0xf39fd6e51aad88f6f4ce6ab8827279cfffb92266
  To:                  0xac9fcba56e42d5960f813b9d0387f3d3bc003338

[32meth_chainId[0m
[32meth_call[0m
  Contract call:       <UnrecognizedContract>
  From:                0xf39fd6e51aad88f6f4ce6ab8827279cfffb92266
  To:                  0xac9fcba56e42d5960f813b9d0387f3d3bc003338

[32meth_chainId[0m
[32meth_call[0m
  Contract call:       <UnrecognizedContract>
  From:                0xf39fd6e51aad88f6f4ce6ab8827279cfffb92266
  To:                  0xac9fcba56e42d5960f813b9d0387f3d3bc003338

[32meth_call[0m
  Contract call:       <UnrecognizedContract>
  From:                0xf39fd6e51aad88f6f4ce6ab8827279cfffb92266
  To:                  0xac9fcba56e42d5960f813b9d0387f3d3bc003338

[32meth_chainId[0m
[32meth_call[0m
  Contract call:       <UnrecognizedContract>
  From:                0xf39fd6e51aad88f6f4ce6ab8827279cfffb92266
  To:                  0xac9fcba56e42d5960f813b9d0387f3d3bc003338

[32meth_chainId[0m
[32meth_call[0m
  Contract call:       <UnrecognizedContract>
  From:                0xf39fd6e51aad88f6f4ce6ab8827279cfffb92266
  To:                  0xac9fcba56e42d5960f813b9d0387f3d3bc003338

[32meth_chainId[0m
[32meth_call[0m
  Contract call:       <UnrecognizedContract>
  From:                0xf39fd6e51aad88f6f4ce6ab8827279cfffb92266
  To:                  0xac9fcba56e42d5960f813b9d0387f3d3bc003338

[32meth_call[0m
  Contract call:       <UnrecognizedContract>
  From:                0xf39fd6e51aad88f6f4ce6ab8827279cfffb92266
  To:                  0xac9fcba56e42d5960f813b9d0387f3d3bc003338

[32meth_chainId[0m
[32meth_call[0m
  Contract call:       <UnrecognizedContract>
  From:                0xf39fd6e51aad88f6f4ce6ab8827279cfffb92266
  To:                  0xac9fcba56e42d5960f813b9d0387f3d3bc003338

[32meth_chainId[0m
[32meth_call[0m
  Contract call:       <UnrecognizedContract>
  From:                0xf39fd6e51aad88f6f4ce6ab8827279cfffb92266
  To:                  0xac9fcba56e42d5960f813b9d0387f3d3bc003338

[32meth_chainId[0m
[32meth_call[0m
  Contract call:       <UnrecognizedContract>
  From:                0xf39fd6e51aad88f6f4ce6ab8827279cfffb92266
  To:                  0xac9fcba56e42d5960f813b9d0387f3d3bc003338

[32meth_call[0m
  Contract call:       <UnrecognizedContract>
  From:                0xf39fd6e51aad88f6f4ce6ab8827279cfffb92266
  To:                  0xac9fcba56e42d5960f813b9d0387f3d3bc003338

[32meth_chainId[0m
[32meth_call[0m
  Contract call:       <UnrecognizedContract>
  From:                0xf39fd6e51aad88f6f4ce6ab8827279cfffb92266
  To:                  0xac9fcba56e42d5960f813b9d0387f3d3bc003338

[32meth_chainId[0m
[32meth_call[0m
  Contract call:       <UnrecognizedContract>
  From:                0xf39fd6e51aad88f6f4ce6ab8827279cfffb92266
  To:                  0xac9fcba56e42d5960f813b9d0387f3d3bc003338

[32meth_chainId[0m
[32meth_call[0m
  Contract call:       <UnrecognizedContract>
  From:                0xf39fd6e51aad88f6f4ce6ab8827279cfffb92266
  To:                  0xac9fcba56e42d5960f813b9d0387f3d3bc003338

[32meth_call[0m
  Contract call:       <UnrecognizedContract>
  From:                0xf39fd6e51aad88f6f4ce6ab8827279cfffb92266
  To:                  0xac9fcba56e42d5960f813b9d0387f3d3bc003338

[32meth_chainId[0m
[32meth_call[0m
  Contract call:       <UnrecognizedContract>
  From:                0xf39fd6e51aad88f6f4ce6ab8827279cfffb92266
  To:                  0xac9fcba56e42d5960f813b9d0387f3d3bc003338

[32meth_chainId[0m
[32meth_call[0m
  Contract call:       <UnrecognizedContract>
  From:                0xf39fd6e51aad88f6f4ce6ab8827279cfffb92266
  To:                  0xac9fcba56e42d5960f813b9d0387f3d3bc003338

[32meth_chainId[0m
[32meth_call[0m
  Contract call:       <UnrecognizedContract>
  From:                0xf39fd6e51aad88f6f4ce6ab8827279cfffb92266
  To:                  0xac9fcba56e42d5960f813b9d0387f3d3bc003338

[32meth_call[0m
  Contract call:       <UnrecognizedContract>
  From:                0xf39fd6e51aad88f6f4ce6ab8827279cfffb92266
  To:                  0xac9fcba56e42d5960f813b9d0387f3d3bc003338

[32meth_chainId[0m
[32meth_call[0m
  Contract call:       <UnrecognizedContract>
  From:                0xf39fd6e51aad88f6f4ce6ab8827279cfffb92266
  To:                  0xac9fcba56e42d5960f813b9d0387f3d3bc003338

[32meth_chainId[0m
[32meth_call[0m
  Contract call:       <UnrecognizedContract>
  From:                0xf39fd6e51aad88f6f4ce6ab8827279cfffb92266
  To:                  0xac9fcba56e42d5960f813b9d0387f3d3bc003338

[32meth_chainId[0m
[32meth_call[0m
  Contract call:       <UnrecognizedContract>
  From:                0xf39fd6e51aad88f6f4ce6ab8827279cfffb92266
  To:                  0xac9fcba56e42d5960f813b9d0387f3d3bc003338

[32meth_call[0m
  Contract call:       <UnrecognizedContract>
  From:                0xf39fd6e51aad88f6f4ce6ab8827279cfffb92266
  To:                  0xac9fcba56e42d5960f813b9d0387f3d3bc003338

[32meth_chainId[0m
[32meth_call[0m
  Contract call:       <UnrecognizedContract>
  From:                0xf39fd6e51aad88f6f4ce6ab8827279cfffb92266
  To:                  0xac9fcba56e42d5960f813b9d0387f3d3bc003338

[32meth_chainId[0m
[32meth_call[0m
  Contract call:       <UnrecognizedContract>
  From:                0xf39fd6e51aad88f6f4ce6ab8827279cfffb92266
  To:                  0xac9fcba56e42d5960f813b9d0387f3d3bc003338

[32meth_chainId[0m
[32meth_call[0m
  Contract call:       <UnrecognizedContract>
  From:                0xf39fd6e51aad88f6f4ce6ab8827279cfffb92266
  To:                  0xac9fcba56e42d5960f813b9d0387f3d3bc003338

[32meth_call[0m
  Contract call:       <UnrecognizedContract>
  From:                0xf39fd6e51aad88f6f4ce6ab8827279cfffb92266
  To:                  0xac9fcba56e42d5960f813b9d0387f3d3bc003338

[32meth_chainId[0m
[32meth_call[0m
  Contract call:       <UnrecognizedContract>
  From:                0xf39fd6e51aad88f6f4ce6ab8827279cfffb92266
  To:                  0xac9fcba56e42d5960f813b9d0387f3d3bc003338

[32meth_chainId[0m
[32meth_call[0m
  Contract call:       <UnrecognizedContract>
  From:                0xf39fd6e51aad88f6f4ce6ab8827279cfffb92266
  To:                  0xac9fcba56e42d5960f813b9d0387f3d3bc003338

[32meth_chainId[0m
[32meth_call[0m
  Contract call:       <UnrecognizedContract>
  From:                0xf39fd6e51aad88f6f4ce6ab8827279cfffb92266
  To:                  0xac9fcba56e42d5960f813b9d0387f3d3bc003338

[32meth_call[0m
  Contract call:       <UnrecognizedContract>
  From:                0xf39fd6e51aad88f6f4ce6ab8827279cfffb92266
  To:                  0xac9fcba56e42d5960f813b9d0387f3d3bc003338

[32meth_chainId[0m
[32meth_call[0m
  Contract call:       <UnrecognizedContract>
  From:                0xf39fd6e51aad88f6f4ce6ab8827279cfffb92266
  To:                  0xac9fcba56e42d5960f813b9d0387f3d3bc003338

[32meth_chainId[0m
[32meth_call[0m
  Contract call:       <UnrecognizedContract>
  From:                0xf39fd6e51aad88f6f4ce6ab8827279cfffb92266
  To:                  0xac9fcba56e42d5960f813b9d0387f3d3bc003338

[32meth_chainId[0m
[32meth_call[0m
  Contract call:       <UnrecognizedContract>
  From:                0xf39fd6e51aad88f6f4ce6ab8827279cfffb92266
  To:                  0xac9fcba56e42d5960f813b9d0387f3d3bc003338

[32meth_call[0m
  Contract call:       <UnrecognizedContract>
  From:                0xf39fd6e51aad88f6f4ce6ab8827279cfffb92266
  To:                  0xac9fcba56e42d5960f813b9d0387f3d3bc003338

[32meth_chainId[0m
[32meth_call[0m
  Contract call:       <UnrecognizedContract>
  From:                0xf39fd6e51aad88f6f4ce6ab8827279cfffb92266
  To:                  0xac9fcba56e42d5960f813b9d0387f3d3bc003338

[32meth_chainId[0m
[32meth_call[0m
  Contract call:       <UnrecognizedContract>
  From:                0xf39fd6e51aad88f6f4ce6ab8827279cfffb92266
  To:                  0xac9fcba56e42d5960f813b9d0387f3d3bc003338

[32meth_chainId[0m
[32meth_call[0m
  Contract call:       <UnrecognizedContract>
  From:                0xf39fd6e51aad88f6f4ce6ab8827279cfffb92266
  To:                  0xac9fcba56e42d5960f813b9d0387f3d3bc003338

[32meth_call[0m
  Contract call:       <UnrecognizedContract>
  From:                0xf39fd6e51aad88f6f4ce6ab8827279cfffb92266
  To:                  0xac9fcba56e42d5960f813b9d0387f3d3bc003338

[32meth_chainId[0m
[32meth_call[0m
  Contract call:       <UnrecognizedContract>
  From:                0xf39fd6e51aad88f6f4ce6ab8827279cfffb92266
  To:                  0xac9fcba56e42d5960f813b9d0387f3d3bc003338

[32meth_chainId[0m
[32meth_call[0m
  Contract call:       <UnrecognizedContract>
  From:                0xf39fd6e51aad88f6f4ce6ab8827279cfffb92266
  To:                  0xac9fcba56e42d5960f813b9d0387f3d3bc003338

[32meth_getTransactionCount[0m
[32meth_chainId[0m
[32meth_estimateGas[0m
[32meth_chainId[0m
[32meth_chainId (2)[0m
[32meth_getBlockByNumber[0m
[32meth_gasPrice[0m
[32meth_maxPriorityFeePerGas[0m
[32meth_chainId[0m
[32meth_blockNumber[0m
[32meth_sendRawTransaction[0m
  Contract call:       <UnrecognizedContract>
  Transaction:         0xb62487bf54f3d69f328ee86e4aadf516ed090964d0148f638b10eea3895ae57c
  From:                0xf39fd6e51aad88f6f4ce6ab8827279cfffb92266
  To:                  0xac9fcba56e42d5960f813b9d0387f3d3bc003338
  Value:               0 ETH
  Gas used:            215811 of 215811
  Block #265:          0xaa6be80a3fe50e70bd76786bc5d69ada5b3c81503d0e3d15d79f926558d552af

[32meth_chainId[0m
[32meth_chainId (2)[0m
[32meth_getTransactionReceipt[0m
[32meth_chainId[0m
[32meth_call[0m
  Contract call:       <UnrecognizedContract>
  From:                0xf39fd6e51aad88f6f4ce6ab8827279cfffb92266
  To:                  0xac9fcba56e42d5960f813b9d0387f3d3bc003338

[32meth_call[0m
  Contract call:       <UnrecognizedContract>
  From:                0xf39fd6e51aad88f6f4ce6ab8827279cfffb92266
  To:                  0xac9fcba56e42d5960f813b9d0387f3d3bc003338

[32meth_call[0m
  Contract call:       <UnrecognizedContract>
  From:                0xf39fd6e51aad88f6f4ce6ab8827279cfffb92266
  To:                  0xac9fcba56e42d5960f813b9d0387f3d3bc003338

[32meth_chainId[0m
[32meth_call[0m
  Contract call:       <UnrecognizedContract>
  From:                0xf39fd6e51aad88f6f4ce6ab8827279cfffb92266
  To:                  0xac9fcba56e42d5960f813b9d0387f3d3bc003338

[32meth_getTransactionCount[0m
[32meth_chainId[0m
[32meth_estimateGas[0m
[32meth_chainId[0m
[32meth_chainId (2)[0m
[32meth_getBlockByNumber[0m
[32meth_gasPrice[0m
[32meth_maxPriorityFeePerGas[0m
[32meth_chainId[0m
[32meth_blockNumber[0m
[32meth_sendRawTransaction[0m
  Contract call:       <UnrecognizedContract>
  Transaction:         0x149372ee75fd9a8c227d564c74af5ebfa1592705f8ade406f8c9efb02072462b
  From:                0xf39fd6e51aad88f6f4ce6ab8827279cfffb92266
  To:                  0xac9fcba56e42d5960f813b9d0387f3d3bc003338
  Value:               0 ETH
  Gas used:            201355 of 201355
  Block #266:          0x6b73149cd06c360f31e5a5217bd5d68927f673ec5359b929bd34f7064b3c88a2

[32meth_chainId[0m
[32meth_chainId (2)[0m
[32meth_getTransactionReceipt[0m
[32meth_chainId[0m
[32meth_call[0m
  Contract call:       <UnrecognizedContract>
  From:                0xf39fd6e51aad88f6f4ce6ab8827279cfffb92266
  To:                  0xac9fcba56e42d5960f813b9d0387f3d3bc003338

[32meth_call[0m
  Contract call:       <UnrecognizedContract>
  From:                0xf39fd6e51aad88f6f4ce6ab8827279cfffb92266
  To:                  0xac9fcba56e42d5960f813b9d0387f3d3bc003338

[32meth_chainId[0m
[32meth_call[0m
  Contract call:       <UnrecognizedContract>
  From:                0xf39fd6e51aad88f6f4ce6ab8827279cfffb92266
  To:                  0xac9fcba56e42d5960f813b9d0387f3d3bc003338

[32meth_chainId[0m
[32meth_call[0m
  Contract call:       <UnrecognizedContract>
  From:                0xf39fd6e51aad88f6f4ce6ab8827279cfffb92266
  To:                  0xac9fcba56e42d5960f813b9d0387f3d3bc003338

[32meth_chainId[0m
[32meth_call[0m
  Contract call:       <UnrecognizedContract>
  From:                0xf39fd6e51aad88f6f4ce6ab8827279cfffb92266
  To:                  0xac9fcba56e42d5960f813b9d0387f3d3bc003338

[32meth_call[0m
  Contract call:       <UnrecognizedContract>
  From:                0xf39fd6e51aad88f6f4ce6ab8827279cfffb92266
  To:                  0xac9fcba56e42d5960f813b9d0387f3d3bc003338

[32meth_chainId[0m
[32meth_call[0m
  Contract call:       <UnrecognizedContract>
  From:                0xf39fd6e51aad88f6f4ce6ab8827279cfffb92266
  To:                  0xac9fcba56e42d5960f813b9d0387f3d3bc003338

[32meth_chainId[0m
[32meth_call[0m
  Contract call:       <UnrecognizedContract>
  From:                0xf39fd6e51aad88f6f4ce6ab8827279cfffb92266
  To:                  0xac9fcba56e42d5960f813b9d0387f3d3bc003338

[32meth_chainId[0m
[32meth_call[0m
  Contract call:       <UnrecognizedContract>
  From:                0xf39fd6e51aad88f6f4ce6ab8827279cfffb92266
  To:                  0xac9fcba56e42d5960f813b9d0387f3d3bc003338

[32meth_call[0m
  Contract call:       <UnrecognizedContract>
  From:                0xf39fd6e51aad88f6f4ce6ab8827279cfffb92266
  To:                  0xac9fcba56e42d5960f813b9d0387f3d3bc003338

[32meth_chainId[0m
[32meth_call[0m
  Contract call:       <UnrecognizedContract>
  From:                0xf39fd6e51aad88f6f4ce6ab8827279cfffb92266
  To:                  0xac9fcba56e42d5960f813b9d0387f3d3bc003338

[32meth_chainId[0m
[32meth_call[0m
  Contract call:       <UnrecognizedContract>
  From:                0xf39fd6e51aad88f6f4ce6ab8827279cfffb92266
  To:                  0xac9fcba56e42d5960f813b9d0387f3d3bc003338

[32meth_chainId[0m
[32meth_call[0m
  Contract call:       <UnrecognizedContract>
  From:                0xf39fd6e51aad88f6f4ce6ab8827279cfffb92266
  To:                  0xac9fcba56e42d5960f813b9d0387f3d3bc003338

[32meth_call[0m
  Contract call:       <UnrecognizedContract>
  From:                0xf39fd6e51aad88f6f4ce6ab8827279cfffb92266
  To:                  0xac9fcba56e42d5960f813b9d0387f3d3bc003338

[32meth_chainId[0m
[32meth_call[0m
  Contract call:       <UnrecognizedContract>
  From:                0xf39fd6e51aad88f6f4ce6ab8827279cfffb92266
  To:                  0xac9fcba56e42d5960f813b9d0387f3d3bc003338

[32meth_chainId[0m
[32meth_call[0m
  Contract call:       <UnrecognizedContract>
  From:                0xf39fd6e51aad88f6f4ce6ab8827279cfffb92266
  To:                  0xac9fcba56e42d5960f813b9d0387f3d3bc003338

[32meth_chainId[0m
[32meth_call[0m
  Contract call:       <UnrecognizedContract>
  From:                0xf39fd6e51aad88f6f4ce6ab8827279cfffb92266
  To:                  0xac9fcba56e42d5960f813b9d0387f3d3bc003338

[32meth_call[0m
  Contract call:       <UnrecognizedContract>
  From:                0xf39fd6e51aad88f6f4ce6ab8827279cfffb92266
  To:                  0xac9fcba56e42d5960f813b9d0387f3d3bc003338

[32meth_call[0m
  Contract call:       <UnrecognizedContract>
  From:                0xf39fd6e51aad88f6f4ce6ab8827279cfffb92266
  To:                  0xac9fcba56e42d5960f813b9d0387f3d3bc003338

[32meth_chainId[0m
[32meth_call[0m
  Contract call:       <UnrecognizedContract>
  From:                0xf39fd6e51aad88f6f4ce6ab8827279cfffb92266
  To:                  0xac9fcba56e42d5960f813b9d0387f3d3bc003338

[32meth_chainId[0m
[32meth_call[0m
  Contract call:       <UnrecognizedContract>
  From:                0xf39fd6e51aad88f6f4ce6ab8827279cfffb92266
  To:                  0xac9fcba56e42d5960f813b9d0387f3d3bc003338

[32meth_call[0m
  Contract call:       <UnrecognizedContract>
  From:                0xf39fd6e51aad88f6f4ce6ab8827279cfffb92266
  To:                  0xac9fcba56e42d5960f813b9d0387f3d3bc003338

[32meth_call[0m
  Contract call:       <UnrecognizedContract>
  From:                0xf39fd6e51aad88f6f4ce6ab8827279cfffb92266
  To:                  0xac9fcba56e42d5960f813b9d0387f3d3bc003338

[32meth_chainId[0m
[32meth_call[0m
  Contract call:       <UnrecognizedContract>
  From:                0xf39fd6e51aad88f6f4ce6ab8827279cfffb92266
  To:                  0xac9fcba56e42d5960f813b9d0387f3d3bc003338

[32meth_chainId[0m
[32meth_call[0m
  Contract call:       <UnrecognizedContract>
  From:                0xf39fd6e51aad88f6f4ce6ab8827279cfffb92266
  To:                  0xac9fcba56e42d5960f813b9d0387f3d3bc003338

[32meth_call[0m
  Contract call:       <UnrecognizedContract>
  From:                0xf39fd6e51aad88f6f4ce6ab8827279cfffb92266
  To:                  0xac9fcba56e42d5960f813b9d0387f3d3bc003338

[32meth_chainId[0m
[32meth_call[0m
  Contract call:       <UnrecognizedContract>
  From:                0xf39fd6e51aad88f6f4ce6ab8827279cfffb92266
  To:                  0xac9fcba56e42d5960f813b9d0387f3d3bc003338

[32meth_chainId[0m
[32meth_call[0m
  Contract call:       <UnrecognizedContract>
  From:                0xf39fd6e51aad88f6f4ce6ab8827279cfffb92266
  To:                  0xac9fcba56e42d5960f813b9d0387f3d3bc003338

[32meth_chainId[0m
[32meth_call[0m
  Contract call:       <UnrecognizedContract>
  From:                0xf39fd6e51aad88f6f4ce6ab8827279cfffb92266
  To:                  0xac9fcba56e42d5960f813b9d0387f3d3bc003338

[32meth_call[0m
  Contract call:       <UnrecognizedContract>
  From:                0xf39fd6e51aad88f6f4ce6ab8827279cfffb92266
  To:                  0xac9fcba56e42d5960f813b9d0387f3d3bc003338

[32meth_chainId[0m
[32meth_call[0m
  Contract call:       <UnrecognizedContract>
  From:                0xf39fd6e51aad88f6f4ce6ab8827279cfffb92266
  To:                  0xac9fcba56e42d5960f813b9d0387f3d3bc003338

[32meth_chainId[0m
[32meth_call[0m
  Contract call:       <UnrecognizedContract>
  From:                0xf39fd6e51aad88f6f4ce6ab8827279cfffb92266
  To:                  0xac9fcba56e42d5960f813b9d0387f3d3bc003338

[32meth_getTransactionCount[0m
[32meth_chainId[0m
[32meth_estimateGas[0m
[32meth_chainId[0m
[32meth_chainId (2)[0m
[32meth_getBlockByNumber[0m
[32meth_gasPrice[0m
[32meth_maxPriorityFeePerGas[0m
[32meth_chainId[0m
[32meth_blockNumber[0m
[32meth_sendRawTransaction[0m
  Contract call:       <UnrecognizedContract>
  Transaction:         0x6a9ad23c29d8d6eafc14758520bb0dd05de971a4f7b4e7c556b86155c0fad972
  From:                0xf39fd6e51aad88f6f4ce6ab8827279cfffb92266
  To:                  0xac9fcba56e42d5960f813b9d0387f3d3bc003338
  Value:               0 ETH
  Gas used:            215811 of 215811
  Block #267:          0xf6246240cc454f73e02d8cb551449b449af35745986346abc2a4f013a9a50060

[32meth_chainId[0m
[32meth_chainId (2)[0m
[32meth_getTransactionReceipt[0m
[32meth_chainId[0m
[32meth_call[0m
  Contract call:       <UnrecognizedContract>
  From:                0xf39fd6e51aad88f6f4ce6ab8827279cfffb92266
  To:                  0xac9fcba56e42d5960f813b9d0387f3d3bc003338

[32meth_call[0m
  Contract call:       <UnrecognizedContract>
  From:                0xf39fd6e51aad88f6f4ce6ab8827279cfffb92266
  To:                  0xac9fcba56e42d5960f813b9d0387f3d3bc003338

[32meth_call[0m
  Contract call:       <UnrecognizedContract>
  From:                0xf39fd6e51aad88f6f4ce6ab8827279cfffb92266
  To:                  0xac9fcba56e42d5960f813b9d0387f3d3bc003338

[32meth_chainId[0m
[32meth_call[0m
  Contract call:       <UnrecognizedContract>
  From:                0xf39fd6e51aad88f6f4ce6ab8827279cfffb92266
  To:                  0xac9fcba56e42d5960f813b9d0387f3d3bc003338

[32meth_getTransactionCount[0m
[32meth_chainId[0m
[32meth_estimateGas[0m
[32meth_chainId[0m
[32meth_chainId (2)[0m
[32meth_getBlockByNumber[0m
[32meth_gasPrice[0m
[32meth_maxPriorityFeePerGas[0m
[32meth_chainId[0m
[32meth_blockNumber[0m
[32meth_sendRawTransaction[0m
  Contract call:       <UnrecognizedContract>
  Transaction:         0x833dd4155b6344a4e0b895c59feedd2b5b2f2db1a72d917baf4059bb608640e3
  From:                0xf39fd6e51aad88f6f4ce6ab8827279cfffb92266
  To:                  0xac9fcba56e42d5960f813b9d0387f3d3bc003338
  Value:               0 ETH
  Gas used:            224064 of 224064
  Block #268:          0x62457267983914bb46f3bbd38f5cafd8c7975e0e65406f0d6e5516b5ca3fde7d

[32meth_chainId[0m
[32meth_chainId (2)[0m
[32meth_getTransactionReceipt[0m
[32meth_chainId[0m
[32meth_call[0m
  Contract call:       <UnrecognizedContract>
  From:                0xf39fd6e51aad88f6f4ce6ab8827279cfffb92266
  To:                  0xac9fcba56e42d5960f813b9d0387f3d3bc003338

[32meth_chainId[0m
[32meth_call[0m
  Contract call:       <UnrecognizedContract>
  From:                0xf39fd6e51aad88f6f4ce6ab8827279cfffb92266
  To:                  0xac9fcba56e42d5960f813b9d0387f3d3bc003338

[32meth_chainId[0m
[32meth_call[0m
  Contract call:       <UnrecognizedContract>
  From:                0xf39fd6e51aad88f6f4ce6ab8827279cfffb92266
  To:                  0xac9fcba56e42d5960f813b9d0387f3d3bc003338

[32meth_chainId[0m
[32meth_call[0m
  Contract call:       <UnrecognizedContract>
  From:                0xf39fd6e51aad88f6f4ce6ab8827279cfffb92266
  To:                  0xac9fcba56e42d5960f813b9d0387f3d3bc003338

[32meth_chainId[0m
[32meth_call[0m
  Contract call:       <UnrecognizedContract>
  From:                0xf39fd6e51aad88f6f4ce6ab8827279cfffb92266
  To:                  0xac9fcba56e42d5960f813b9d0387f3d3bc003338

[32meth_chainId[0m
[32meth_call[0m
  Contract call:       <UnrecognizedContract>
  From:                0xf39fd6e51aad88f6f4ce6ab8827279cfffb92266
  To:                  0xac9fcba56e42d5960f813b9d0387f3d3bc003338

[32meth_chainId[0m
[32meth_call[0m
  Contract call:       <UnrecognizedContract>
  From:                0xf39fd6e51aad88f6f4ce6ab8827279cfffb92266
  To:                  0xac9fcba56e42d5960f813b9d0387f3d3bc003338

[32meth_chainId[0m
[32meth_call[0m
  Contract call:       <UnrecognizedContract>
  From:                0xf39fd6e51aad88f6f4ce6ab8827279cfffb92266
  To:                  0xac9fcba56e42d5960f813b9d0387f3d3bc003338

[32meth_chainId[0m
[32meth_call[0m
  Contract call:       <UnrecognizedContract>
  From:                0xf39fd6e51aad88f6f4ce6ab8827279cfffb92266
  To:                  0xac9fcba56e42d5960f813b9d0387f3d3bc003338

[32meth_call[0m
  Contract call:       <UnrecognizedContract>
  From:                0xf39fd6e51aad88f6f4ce6ab8827279cfffb92266
  To:                  0xac9fcba56e42d5960f813b9d0387f3d3bc003338

[32meth_chainId[0m
[32meth_call[0m
  Contract call:       <UnrecognizedContract>
  From:                0xf39fd6e51aad88f6f4ce6ab8827279cfffb92266
  To:                  0xac9fcba56e42d5960f813b9d0387f3d3bc003338

[32meth_chainId[0m
[32meth_call[0m
  Contract call:       <UnrecognizedContract>
  From:                0xf39fd6e51aad88f6f4ce6ab8827279cfffb92266
  To:                  0xac9fcba56e42d5960f813b9d0387f3d3bc003338

[32meth_chainId[0m
[32meth_call[0m
  Contract call:       <UnrecognizedContract>
  From:                0xf39fd6e51aad88f6f4ce6ab8827279cfffb92266
  To:                  0xac9fcba56e42d5960f813b9d0387f3d3bc003338

[32meth_call[0m
  Contract call:       <UnrecognizedContract>
  From:                0xf39fd6e51aad88f6f4ce6ab8827279cfffb92266
  To:                  0xac9fcba56e42d5960f813b9d0387f3d3bc003338

[32meth_chainId[0m
[32meth_call[0m
  Contract call:       <UnrecognizedContract>
  From:                0xf39fd6e51aad88f6f4ce6ab8827279cfffb92266
  To:                  0xac9fcba56e42d5960f813b9d0387f3d3bc003338

[32meth_chainId[0m
[32meth_call[0m
  Contract call:       <UnrecognizedContract>
  From:                0xf39fd6e51aad88f6f4ce6ab8827279cfffb92266
  To:                  0xac9fcba56e42d5960f813b9d0387f3d3bc003338

[32meth_chainId[0m
[32meth_call[0m
  Contract call:       <UnrecognizedContract>
  From:                0xf39fd6e51aad88f6f4ce6ab8827279cfffb92266
  To:                  0xac9fcba56e42d5960f813b9d0387f3d3bc003338

[32meth_call[0m
  Contract call:       <UnrecognizedContract>
  From:                0xf39fd6e51aad88f6f4ce6ab8827279cfffb92266
  To:                  0xac9fcba56e42d5960f813b9d0387f3d3bc003338

[32meth_call[0m
  Contract call:       <UnrecognizedContract>
  From:                0xf39fd6e51aad88f6f4ce6ab8827279cfffb92266
  To:                  0xac9fcba56e42d5960f813b9d0387f3d3bc003338

[32meth_chainId[0m
[32meth_call[0m
  Contract call:       <UnrecognizedContract>
  From:                0xf39fd6e51aad88f6f4ce6ab8827279cfffb92266
  To:                  0xac9fcba56e42d5960f813b9d0387f3d3bc003338

[32meth_chainId[0m
[32meth_call[0m
  Contract call:       <UnrecognizedContract>
  From:                0xf39fd6e51aad88f6f4ce6ab8827279cfffb92266
  To:                  0xac9fcba56e42d5960f813b9d0387f3d3bc003338

[32meth_call[0m
  Contract call:       <UnrecognizedContract>
  From:                0xf39fd6e51aad88f6f4ce6ab8827279cfffb92266
  To:                  0xac9fcba56e42d5960f813b9d0387f3d3bc003338

[32meth_call[0m
  Contract call:       <UnrecognizedContract>
  From:                0xf39fd6e51aad88f6f4ce6ab8827279cfffb92266
  To:                  0xac9fcba56e42d5960f813b9d0387f3d3bc003338

[32meth_chainId[0m
[32meth_call[0m
  Contract call:       <UnrecognizedContract>
  From:                0xf39fd6e51aad88f6f4ce6ab8827279cfffb92266
  To:                  0xac9fcba56e42d5960f813b9d0387f3d3bc003338

[32meth_chainId[0m
[32meth_call[0m
  Contract call:       <UnrecognizedContract>
  From:                0xf39fd6e51aad88f6f4ce6ab8827279cfffb92266
  To:                  0xac9fcba56e42d5960f813b9d0387f3d3bc003338

[32meth_call[0m
  Contract call:       <UnrecognizedContract>
  From:                0xf39fd6e51aad88f6f4ce6ab8827279cfffb92266
  To:                  0xac9fcba56e42d5960f813b9d0387f3d3bc003338

[32meth_call[0m
  Contract call:       <UnrecognizedContract>
  From:                0xf39fd6e51aad88f6f4ce6ab8827279cfffb92266
  To:                  0xac9fcba56e42d5960f813b9d0387f3d3bc003338

[32meth_chainId[0m
[32meth_call[0m
  Contract call:       <UnrecognizedContract>
  From:                0xf39fd6e51aad88f6f4ce6ab8827279cfffb92266
  To:                  0xac9fcba56e42d5960f813b9d0387f3d3bc003338

[32meth_chainId[0m
[32meth_call[0m
  Contract call:       <UnrecognizedContract>
  From:                0xf39fd6e51aad88f6f4ce6ab8827279cfffb92266
  To:                  0xac9fcba56e42d5960f813b9d0387f3d3bc003338

[32meth_call[0m
  Contract call:       <UnrecognizedContract>
  From:                0xf39fd6e51aad88f6f4ce6ab8827279cfffb92266
  To:                  0xac9fcba56e42d5960f813b9d0387f3d3bc003338

[32meth_call[0m
  Contract call:       <UnrecognizedContract>
  From:                0xf39fd6e51aad88f6f4ce6ab8827279cfffb92266
  To:                  0xac9fcba56e42d5960f813b9d0387f3d3bc003338

[32meth_chainId[0m
[32meth_call[0m
  Contract call:       <UnrecognizedContract>
  From:                0xf39fd6e51aad88f6f4ce6ab8827279cfffb92266
  To:                  0xac9fcba56e42d5960f813b9d0387f3d3bc003338

[32meth_chainId[0m
[32meth_call[0m
  Contract call:       <UnrecognizedContract>
  From:                0xf39fd6e51aad88f6f4ce6ab8827279cfffb92266
  To:                  0xac9fcba56e42d5960f813b9d0387f3d3bc003338

[32meth_call[0m
  Contract call:       <UnrecognizedContract>
  From:                0xf39fd6e51aad88f6f4ce6ab8827279cfffb92266
  To:                  0xac9fcba56e42d5960f813b9d0387f3d3bc003338

[32meth_chainId[0m
[32meth_call[0m
  Contract call:       <UnrecognizedContract>
  From:                0xf39fd6e51aad88f6f4ce6ab8827279cfffb92266
  To:                  0xac9fcba56e42d5960f813b9d0387f3d3bc003338

[32meth_chainId[0m
[32meth_call[0m
  Contract call:       <UnrecognizedContract>
  From:                0xf39fd6e51aad88f6f4ce6ab8827279cfffb92266
  To:                  0xac9fcba56e42d5960f813b9d0387f3d3bc003338

[32meth_chainId[0m
[32meth_call[0m
  Contract call:       <UnrecognizedContract>
  From:                0xf39fd6e51aad88f6f4ce6ab8827279cfffb92266
  To:                  0xac9fcba56e42d5960f813b9d0387f3d3bc003338

[32meth_call[0m
  Contract call:       <UnrecognizedContract>
  From:                0xf39fd6e51aad88f6f4ce6ab8827279cfffb92266
  To:                  0xac9fcba56e42d5960f813b9d0387f3d3bc003338

[32meth_chainId[0m
[32meth_call[0m
  Contract call:       <UnrecognizedContract>
  From:                0xf39fd6e51aad88f6f4ce6ab8827279cfffb92266
  To:                  0xac9fcba56e42d5960f813b9d0387f3d3bc003338

[32meth_chainId[0m
[32meth_call[0m
  Contract call:       <UnrecognizedContract>
  From:                0xf39fd6e51aad88f6f4ce6ab8827279cfffb92266
  To:                  0xac9fcba56e42d5960f813b9d0387f3d3bc003338

[32meth_chainId[0m
[32meth_call[0m
  Contract call:       <UnrecognizedContract>
  From:                0xf39fd6e51aad88f6f4ce6ab8827279cfffb92266
  To:                  0xac9fcba56e42d5960f813b9d0387f3d3bc003338

[32meth_call[0m
  Contract call:       <UnrecognizedContract>
  From:                0xf39fd6e51aad88f6f4ce6ab8827279cfffb92266
  To:                  0xac9fcba56e42d5960f813b9d0387f3d3bc003338

[32meth_chainId[0m
[32meth_call[0m
  Contract call:       <UnrecognizedContract>
  From:                0xf39fd6e51aad88f6f4ce6ab8827279cfffb92266
  To:                  0xac9fcba56e42d5960f813b9d0387f3d3bc003338

[32meth_chainId[0m
[32meth_call[0m
  Contract call:       <UnrecognizedContract>
  From:                0xf39fd6e51aad88f6f4ce6ab8827279cfffb92266
  To:                  0xac9fcba56e42d5960f813b9d0387f3d3bc003338

[32meth_chainId[0m
[32meth_call[0m
  Contract call:       <UnrecognizedContract>
  From:                0xf39fd6e51aad88f6f4ce6ab8827279cfffb92266
  To:                  0xac9fcba56e42d5960f813b9d0387f3d3bc003338

[32meth_call[0m
  Contract call:       <UnrecognizedContract>
  From:                0xf39fd6e51aad88f6f4ce6ab8827279cfffb92266
  To:                  0xac9fcba56e42d5960f813b9d0387f3d3bc003338

[32meth_chainId[0m
[32meth_call[0m
  Contract call:       <UnrecognizedContract>
  From:                0xf39fd6e51aad88f6f4ce6ab8827279cfffb92266
  To:                  0xac9fcba56e42d5960f813b9d0387f3d3bc003338

[32meth_chainId[0m
[32meth_call[0m
  Contract call:       <UnrecognizedContract>
  From:                0xf39fd6e51aad88f6f4ce6ab8827279cfffb92266
  To:                  0xac9fcba56e42d5960f813b9d0387f3d3bc003338

[32meth_chainId[0m
[32meth_call[0m
  Contract call:       <UnrecognizedContract>
  From:                0xf39fd6e51aad88f6f4ce6ab8827279cfffb92266
  To:                  0xac9fcba56e42d5960f813b9d0387f3d3bc003338

[32meth_call[0m
  Contract call:       <UnrecognizedContract>
  From:                0xf39fd6e51aad88f6f4ce6ab8827279cfffb92266
  To:                  0xac9fcba56e42d5960f813b9d0387f3d3bc003338

[32meth_chainId[0m
[32meth_call[0m
  Contract call:       <UnrecognizedContract>
  From:                0xf39fd6e51aad88f6f4ce6ab8827279cfffb92266
  To:                  0xac9fcba56e42d5960f813b9d0387f3d3bc003338

[32meth_chainId[0m
[32meth_call[0m
  Contract call:       <UnrecognizedContract>
  From:                0xf39fd6e51aad88f6f4ce6ab8827279cfffb92266
  To:                  0xac9fcba56e42d5960f813b9d0387f3d3bc003338

[32meth_chainId[0m
[32meth_call[0m
  Contract call:       <UnrecognizedContract>
  From:                0xf39fd6e51aad88f6f4ce6ab8827279cfffb92266
  To:                  0xac9fcba56e42d5960f813b9d0387f3d3bc003338

[32meth_call[0m
  Contract call:       <UnrecognizedContract>
  From:                0xf39fd6e51aad88f6f4ce6ab8827279cfffb92266
  To:                  0xac9fcba56e42d5960f813b9d0387f3d3bc003338

[32meth_chainId[0m
[32meth_call[0m
  Contract call:       <UnrecognizedContract>
  From:                0xf39fd6e51aad88f6f4ce6ab8827279cfffb92266
  To:                  0xac9fcba56e42d5960f813b9d0387f3d3bc003338

[32meth_chainId[0m
[32meth_call[0m
  Contract call:       <UnrecognizedContract>
  From:                0xf39fd6e51aad88f6f4ce6ab8827279cfffb92266
  To:                  0xac9fcba56e42d5960f813b9d0387f3d3bc003338

[32meth_chainId[0m
[32meth_call[0m
  Contract call:       <UnrecognizedContract>
  From:                0xf39fd6e51aad88f6f4ce6ab8827279cfffb92266
  To:                  0xac9fcba56e42d5960f813b9d0387f3d3bc003338

[32meth_call[0m
  Contract call:       <UnrecognizedContract>
  From:                0xf39fd6e51aad88f6f4ce6ab8827279cfffb92266
  To:                  0xac9fcba56e42d5960f813b9d0387f3d3bc003338

[32meth_chainId[0m
[32meth_call[0m
  Contract call:       <UnrecognizedContract>
  From:                0xf39fd6e51aad88f6f4ce6ab8827279cfffb92266
  To:                  0xac9fcba56e42d5960f813b9d0387f3d3bc003338

[32meth_chainId[0m
[32meth_call[0m
  Contract call:       <UnrecognizedContract>
  From:                0xf39fd6e51aad88f6f4ce6ab8827279cfffb92266
  To:                  0xac9fcba56e42d5960f813b9d0387f3d3bc003338

[32meth_chainId[0m
[32meth_call[0m
  Contract call:       <UnrecognizedContract>
  From:                0xf39fd6e51aad88f6f4ce6ab8827279cfffb92266
  To:                  0xac9fcba56e42d5960f813b9d0387f3d3bc003338

[32meth_call[0m
  Contract call:       <UnrecognizedContract>
  From:                0xf39fd6e51aad88f6f4ce6ab8827279cfffb92266
  To:                  0xac9fcba56e42d5960f813b9d0387f3d3bc003338

[32meth_call[0m
  Contract call:       <UnrecognizedContract>
  From:                0xf39fd6e51aad88f6f4ce6ab8827279cfffb92266
  To:                  0xac9fcba56e42d5960f813b9d0387f3d3bc003338

[32meth_chainId[0m
[32meth_call[0m
  Contract call:       <UnrecognizedContract>
  From:                0xf39fd6e51aad88f6f4ce6ab8827279cfffb92266
  To:                  0xac9fcba56e42d5960f813b9d0387f3d3bc003338

[32meth_chainId[0m
[32meth_call[0m
  Contract call:       <UnrecognizedContract>
  From:                0xf39fd6e51aad88f6f4ce6ab8827279cfffb92266
  To:                  0xac9fcba56e42d5960f813b9d0387f3d3bc003338

[32meth_call[0m
  Contract call:       <UnrecognizedContract>
  From:                0xf39fd6e51aad88f6f4ce6ab8827279cfffb92266
  To:                  0xac9fcba56e42d5960f813b9d0387f3d3bc003338

[32meth_call[0m
  Contract call:       <UnrecognizedContract>
  From:                0xf39fd6e51aad88f6f4ce6ab8827279cfffb92266
  To:                  0xac9fcba56e42d5960f813b9d0387f3d3bc003338

[32meth_chainId[0m
[32meth_call[0m
  Contract call:       <UnrecognizedContract>
  From:                0xf39fd6e51aad88f6f4ce6ab8827279cfffb92266
  To:                  0xac9fcba56e42d5960f813b9d0387f3d3bc003338

[32meth_chainId[0m
[32meth_call[0m
  Contract call:       <UnrecognizedContract>
  From:                0xf39fd6e51aad88f6f4ce6ab8827279cfffb92266
  To:                  0xac9fcba56e42d5960f813b9d0387f3d3bc003338

[32meth_call[0m
  Contract call:       <UnrecognizedContract>
  From:                0xf39fd6e51aad88f6f4ce6ab8827279cfffb92266
  To:                  0xac9fcba56e42d5960f813b9d0387f3d3bc003338

[32meth_call[0m
  Contract call:       <UnrecognizedContract>
  From:                0xf39fd6e51aad88f6f4ce6ab8827279cfffb92266
  To:                  0xac9fcba56e42d5960f813b9d0387f3d3bc003338

[32meth_chainId[0m
[32meth_call[0m
  Contract call:       <UnrecognizedContract>
  From:                0xf39fd6e51aad88f6f4ce6ab8827279cfffb92266
  To:                  0xac9fcba56e42d5960f813b9d0387f3d3bc003338

[32meth_chainId[0m
[32meth_call[0m
  Contract call:       <UnrecognizedContract>
  From:                0xf39fd6e51aad88f6f4ce6ab8827279cfffb92266
  To:                  0xac9fcba56e42d5960f813b9d0387f3d3bc003338

[32meth_call[0m
  Contract call:       <UnrecognizedContract>
  From:                0xf39fd6e51aad88f6f4ce6ab8827279cfffb92266
  To:                  0xac9fcba56e42d5960f813b9d0387f3d3bc003338

[32meth_chainId[0m
[32meth_call[0m
  Contract call:       <UnrecognizedContract>
  From:                0xf39fd6e51aad88f6f4ce6ab8827279cfffb92266
  To:                  0xac9fcba56e42d5960f813b9d0387f3d3bc003338

[32meth_chainId[0m
[32meth_call[0m
  Contract call:       <UnrecognizedContract>
  From:                0xf39fd6e51aad88f6f4ce6ab8827279cfffb92266
  To:                  0xac9fcba56e42d5960f813b9d0387f3d3bc003338

[32meth_chainId[0m
[32meth_call[0m
  Contract call:       <UnrecognizedContract>
  From:                0xf39fd6e51aad88f6f4ce6ab8827279cfffb92266
  To:                  0xac9fcba56e42d5960f813b9d0387f3d3bc003338

[32meth_call[0m
  Contract call:       <UnrecognizedContract>
  From:                0xf39fd6e51aad88f6f4ce6ab8827279cfffb92266
  To:                  0xac9fcba56e42d5960f813b9d0387f3d3bc003338

[32meth_call[0m
  Contract call:       <UnrecognizedContract>
  From:                0xf39fd6e51aad88f6f4ce6ab8827279cfffb92266
  To:                  0xac9fcba56e42d5960f813b9d0387f3d3bc003338

[32meth_chainId[0m
[32meth_call[0m
  Contract call:       <UnrecognizedContract>
  From:                0xf39fd6e51aad88f6f4ce6ab8827279cfffb92266
  To:                  0xac9fcba56e42d5960f813b9d0387f3d3bc003338

[32meth_chainId[0m
[32meth_call[0m
  Contract call:       <UnrecognizedContract>
  From:                0xf39fd6e51aad88f6f4ce6ab8827279cfffb92266
  To:                  0xac9fcba56e42d5960f813b9d0387f3d3bc003338

[32meth_call[0m
  Contract call:       <UnrecognizedContract>
  From:                0xf39fd6e51aad88f6f4ce6ab8827279cfffb92266
  To:                  0xac9fcba56e42d5960f813b9d0387f3d3bc003338

[32meth_call[0m
  Contract call:       <UnrecognizedContract>
  From:                0xf39fd6e51aad88f6f4ce6ab8827279cfffb92266
  To:                  0xac9fcba56e42d5960f813b9d0387f3d3bc003338

[32meth_chainId[0m
[32meth_call[0m
  Contract call:       <UnrecognizedContract>
  From:                0xf39fd6e51aad88f6f4ce6ab8827279cfffb92266
  To:                  0xac9fcba56e42d5960f813b9d0387f3d3bc003338

[32meth_chainId[0m
[32meth_call[0m
  Contract call:       <UnrecognizedContract>
  From:                0xf39fd6e51aad88f6f4ce6ab8827279cfffb92266
  To:                  0xac9fcba56e42d5960f813b9d0387f3d3bc003338

[32meth_call[0m
  Contract call:       <UnrecognizedContract>
  From:                0xf39fd6e51aad88f6f4ce6ab8827279cfffb92266
  To:                  0xac9fcba56e42d5960f813b9d0387f3d3bc003338

[32meth_chainId[0m
[32meth_call[0m
  Contract call:       <UnrecognizedContract>
  From:                0xf39fd6e51aad88f6f4ce6ab8827279cfffb92266
  To:                  0xac9fcba56e42d5960f813b9d0387f3d3bc003338

[32meth_chainId[0m
[32meth_call[0m
  Contract call:       <UnrecognizedContract>
  From:                0xf39fd6e51aad88f6f4ce6ab8827279cfffb92266
  To:                  0xac9fcba56e42d5960f813b9d0387f3d3bc003338

[32meth_chainId[0m
[32meth_call[0m
  Contract call:       <UnrecognizedContract>
  From:                0xf39fd6e51aad88f6f4ce6ab8827279cfffb92266
  To:                  0xac9fcba56e42d5960f813b9d0387f3d3bc003338

[32meth_call[0m
  Contract call:       <UnrecognizedContract>
  From:                0xf39fd6e51aad88f6f4ce6ab8827279cfffb92266
  To:                  0xac9fcba56e42d5960f813b9d0387f3d3bc003338

[32meth_chainId[0m
[32meth_call[0m
  Contract call:       <UnrecognizedContract>
  From:                0xf39fd6e51aad88f6f4ce6ab8827279cfffb92266
  To:                  0xac9fcba56e42d5960f813b9d0387f3d3bc003338

[32meth_chainId[0m
[32meth_call[0m
  Contract call:       <UnrecognizedContract>
  From:                0xf39fd6e51aad88f6f4ce6ab8827279cfffb92266
  To:                  0xac9fcba56e42d5960f813b9d0387f3d3bc003338

[32meth_chainId[0m
[32meth_call[0m
  Contract call:       <UnrecognizedContract>
  From:                0xf39fd6e51aad88f6f4ce6ab8827279cfffb92266
  To:                  0xac9fcba56e42d5960f813b9d0387f3d3bc003338

[32meth_call[0m
  Contract call:       <UnrecognizedContract>
  From:                0xf39fd6e51aad88f6f4ce6ab8827279cfffb92266
  To:                  0xac9fcba56e42d5960f813b9d0387f3d3bc003338

[32meth_chainId[0m
[32meth_call[0m
  Contract call:       <UnrecognizedContract>
  From:                0xf39fd6e51aad88f6f4ce6ab8827279cfffb92266
  To:                  0xac9fcba56e42d5960f813b9d0387f3d3bc003338

[32meth_chainId[0m
[32meth_call[0m
  Contract call:       <UnrecognizedContract>
  From:                0xf39fd6e51aad88f6f4ce6ab8827279cfffb92266
  To:                  0xac9fcba56e42d5960f813b9d0387f3d3bc003338

[32meth_chainId[0m
[32meth_call[0m
  Contract call:       <UnrecognizedContract>
  From:                0xf39fd6e51aad88f6f4ce6ab8827279cfffb92266
  To:                  0xac9fcba56e42d5960f813b9d0387f3d3bc003338

[32meth_call[0m
  Contract call:       <UnrecognizedContract>
  From:                0xf39fd6e51aad88f6f4ce6ab8827279cfffb92266
  To:                  0xac9fcba56e42d5960f813b9d0387f3d3bc003338

[32meth_chainId[0m
[32meth_call[0m
  Contract call:       <UnrecognizedContract>
  From:                0xf39fd6e51aad88f6f4ce6ab8827279cfffb92266
  To:                  0xac9fcba56e42d5960f813b9d0387f3d3bc003338

[32meth_chainId[0m
[32meth_call[0m
  Contract call:       <UnrecognizedContract>
  From:                0xf39fd6e51aad88f6f4ce6ab8827279cfffb92266
  To:                  0xac9fcba56e42d5960f813b9d0387f3d3bc003338

[32meth_chainId[0m
[32meth_call[0m
  Contract call:       <UnrecognizedContract>
  From:                0xf39fd6e51aad88f6f4ce6ab8827279cfffb92266
  To:                  0xac9fcba56e42d5960f813b9d0387f3d3bc003338

[32meth_chainId[0m
[32meth_call[0m
  Contract call:       <UnrecognizedContract>
  From:                0xf39fd6e51aad88f6f4ce6ab8827279cfffb92266
  To:                  0xac9fcba56e42d5960f813b9d0387f3d3bc003338

[32meth_chainId[0m
[32meth_call[0m
  Contract call:       <UnrecognizedContract>
  From:                0xf39fd6e51aad88f6f4ce6ab8827279cfffb92266
  To:                  0xac9fcba56e42d5960f813b9d0387f3d3bc003338

[32meth_call[0m
  Contract call:       <UnrecognizedContract>
  From:                0xf39fd6e51aad88f6f4ce6ab8827279cfffb92266
  To:                  0xac9fcba56e42d5960f813b9d0387f3d3bc003338

[32meth_chainId[0m
[32meth_call[0m
  Contract call:       <UnrecognizedContract>
  From:                0xf39fd6e51aad88f6f4ce6ab8827279cfffb92266
  To:                  0xac9fcba56e42d5960f813b9d0387f3d3bc003338

[32meth_chainId[0m
[32meth_call[0m
  Contract call:       <UnrecognizedContract>
  From:                0xf39fd6e51aad88f6f4ce6ab8827279cfffb92266
  To:                  0xac9fcba56e42d5960f813b9d0387f3d3bc003338

[32meth_chainId[0m
[32meth_call[0m
  Contract call:       <UnrecognizedContract>
  From:                0xf39fd6e51aad88f6f4ce6ab8827279cfffb92266
  To:                  0xac9fcba56e42d5960f813b9d0387f3d3bc003338

[32meth_call[0m
  Contract call:       <UnrecognizedContract>
  From:                0xf39fd6e51aad88f6f4ce6ab8827279cfffb92266
  To:                  0xac9fcba56e42d5960f813b9d0387f3d3bc003338

[32meth_chainId[0m
[32meth_call[0m
  Contract call:       <UnrecognizedContract>
  From:                0xf39fd6e51aad88f6f4ce6ab8827279cfffb92266
  To:                  0xac9fcba56e42d5960f813b9d0387f3d3bc003338

[32meth_chainId[0m
[32meth_call[0m
  Contract call:       <UnrecognizedContract>
  From:                0xf39fd6e51aad88f6f4ce6ab8827279cfffb92266
  To:                  0xac9fcba56e42d5960f813b9d0387f3d3bc003338

[32meth_chainId[0m
[32meth_call[0m
  Contract call:       <UnrecognizedContract>
  From:                0xf39fd6e51aad88f6f4ce6ab8827279cfffb92266
  To:                  0xac9fcba56e42d5960f813b9d0387f3d3bc003338

[32meth_call[0m
  Contract call:       <UnrecognizedContract>
  From:                0xf39fd6e51aad88f6f4ce6ab8827279cfffb92266
  To:                  0xac9fcba56e42d5960f813b9d0387f3d3bc003338

[32meth_chainId[0m
[32meth_call[0m
  Contract call:       <UnrecognizedContract>
  From:                0xf39fd6e51aad88f6f4ce6ab8827279cfffb92266
  To:                  0xac9fcba56e42d5960f813b9d0387f3d3bc003338

[32meth_chainId[0m
[32meth_call[0m
  Contract call:       <UnrecognizedContract>
  From:                0xf39fd6e51aad88f6f4ce6ab8827279cfffb92266
  To:                  0xac9fcba56e42d5960f813b9d0387f3d3bc003338

[32meth_chainId[0m
[32meth_call[0m
  Contract call:       <UnrecognizedContract>
  From:                0xf39fd6e51aad88f6f4ce6ab8827279cfffb92266
  To:                  0xac9fcba56e42d5960f813b9d0387f3d3bc003338

[32meth_chainId[0m
[32meth_call[0m
  Contract call:       <UnrecognizedContract>
  From:                0xf39fd6e51aad88f6f4ce6ab8827279cfffb92266
  To:                  0xac9fcba56e42d5960f813b9d0387f3d3bc003338

[32meth_chainId[0m
[32meth_call[0m
  Contract call:       <UnrecognizedContract>
  From:                0xf39fd6e51aad88f6f4ce6ab8827279cfffb92266
  To:                  0xac9fcba56e42d5960f813b9d0387f3d3bc003338

[32meth_call[0m
  Contract call:       <UnrecognizedContract>
  From:                0xf39fd6e51aad88f6f4ce6ab8827279cfffb92266
  To:                  0xac9fcba56e42d5960f813b9d0387f3d3bc003338

[32meth_chainId[0m
[32meth_call[0m
  Contract call:       <UnrecognizedContract>
  From:                0xf39fd6e51aad88f6f4ce6ab8827279cfffb92266
  To:                  0xac9fcba56e42d5960f813b9d0387f3d3bc003338

[32meth_chainId[0m
[32meth_call[0m
  Contract call:       <UnrecognizedContract>
  From:                0xf39fd6e51aad88f6f4ce6ab8827279cfffb92266
  To:                  0xac9fcba56e42d5960f813b9d0387f3d3bc003338

[32meth_chainId[0m
[32meth_call[0m
  Contract call:       <UnrecognizedContract>
  From:                0xf39fd6e51aad88f6f4ce6ab8827279cfffb92266
  To:                  0xac9fcba56e42d5960f813b9d0387f3d3bc003338

[32meth_call[0m
  Contract call:       <UnrecognizedContract>
  From:                0xf39fd6e51aad88f6f4ce6ab8827279cfffb92266
  To:                  0xac9fcba56e42d5960f813b9d0387f3d3bc003338

[32meth_chainId[0m
[32meth_call[0m
  Contract call:       <UnrecognizedContract>
  From:                0xf39fd6e51aad88f6f4ce6ab8827279cfffb92266
  To:                  0xac9fcba56e42d5960f813b9d0387f3d3bc003338

[32meth_call[0m
  Contract call:       <UnrecognizedContract>
  From:                0xf39fd6e51aad88f6f4ce6ab8827279cfffb92266
  To:                  0xac9fcba56e42d5960f813b9d0387f3d3bc003338

[32meth_chainId[0m
[32meth_call[0m
  Contract call:       <UnrecognizedContract>
  From:                0xf39fd6e51aad88f6f4ce6ab8827279cfffb92266
  To:                  0xac9fcba56e42d5960f813b9d0387f3d3bc003338

[32meth_chainId[0m
[32meth_call[0m
  Contract call:       <UnrecognizedContract>
  From:                0xf39fd6e51aad88f6f4ce6ab8827279cfffb92266
  To:                  0xac9fcba56e42d5960f813b9d0387f3d3bc003338

[32meth_call[0m
  Contract call:       <UnrecognizedContract>
  From:                0xf39fd6e51aad88f6f4ce6ab8827279cfffb92266
  To:                  0xac9fcba56e42d5960f813b9d0387f3d3bc003338

[32meth_chainId[0m
[32meth_call[0m
  Contract call:       <UnrecognizedContract>
  From:                0xf39fd6e51aad88f6f4ce6ab8827279cfffb92266
  To:                  0xac9fcba56e42d5960f813b9d0387f3d3bc003338

[32meth_chainId[0m
[32meth_call[0m
  Contract call:       <UnrecognizedContract>
  From:                0xf39fd6e51aad88f6f4ce6ab8827279cfffb92266
  To:                  0xac9fcba56e42d5960f813b9d0387f3d3bc003338

[32meth_chainId[0m
[32meth_call[0m
  Contract call:       <UnrecognizedContract>
  From:                0xf39fd6e51aad88f6f4ce6ab8827279cfffb92266
  To:                  0xac9fcba56e42d5960f813b9d0387f3d3bc003338

[32meth_chainId[0m
[32meth_call[0m
  Contract call:       <UnrecognizedContract>
  From:                0xf39fd6e51aad88f6f4ce6ab8827279cfffb92266
  To:                  0xac9fcba56e42d5960f813b9d0387f3d3bc003338

[32meth_chainId[0m
[32meth_call[0m
  Contract call:       <UnrecognizedContract>
  From:                0xf39fd6e51aad88f6f4ce6ab8827279cfffb92266
  To:                  0xac9fcba56e42d5960f813b9d0387f3d3bc003338

[32meth_call[0m
  Contract call:       <UnrecognizedContract>
  From:                0xf39fd6e51aad88f6f4ce6ab8827279cfffb92266
  To:                  0xac9fcba56e42d5960f813b9d0387f3d3bc003338

[32meth_call[0m
  Contract call:       <UnrecognizedContract>
  From:                0xf39fd6e51aad88f6f4ce6ab8827279cfffb92266
  To:                  0xac9fcba56e42d5960f813b9d0387f3d3bc003338

[32meth_chainId[0m
[32meth_call[0m
  Contract call:       <UnrecognizedContract>
  From:                0xf39fd6e51aad88f6f4ce6ab8827279cfffb92266
  To:                  0xac9fcba56e42d5960f813b9d0387f3d3bc003338

[32meth_chainId[0m
[32meth_call[0m
  Contract call:       <UnrecognizedContract>
  From:                0xf39fd6e51aad88f6f4ce6ab8827279cfffb92266
  To:                  0xac9fcba56e42d5960f813b9d0387f3d3bc003338

[32meth_call[0m
  Contract call:       <UnrecognizedContract>
  From:                0xf39fd6e51aad88f6f4ce6ab8827279cfffb92266
  To:                  0xac9fcba56e42d5960f813b9d0387f3d3bc003338

[32meth_call[0m
  Contract call:       <UnrecognizedContract>
  From:                0xf39fd6e51aad88f6f4ce6ab8827279cfffb92266
  To:                  0xac9fcba56e42d5960f813b9d0387f3d3bc003338

[32meth_chainId[0m
[32meth_call[0m
  Contract call:       <UnrecognizedContract>
  From:                0xf39fd6e51aad88f6f4ce6ab8827279cfffb92266
  To:                  0xac9fcba56e42d5960f813b9d0387f3d3bc003338

[32meth_chainId[0m
[32meth_call[0m
  Contract call:       <UnrecognizedContract>
  From:                0xf39fd6e51aad88f6f4ce6ab8827279cfffb92266
  To:                  0xac9fcba56e42d5960f813b9d0387f3d3bc003338

[32meth_call[0m
  Contract call:       <UnrecognizedContract>
  From:                0xf39fd6e51aad88f6f4ce6ab8827279cfffb92266
  To:                  0xac9fcba56e42d5960f813b9d0387f3d3bc003338

[32meth_chainId[0m
[32meth_call[0m
  Contract call:       <UnrecognizedContract>
  From:                0xf39fd6e51aad88f6f4ce6ab8827279cfffb92266
  To:                  0xac9fcba56e42d5960f813b9d0387f3d3bc003338

[32meth_chainId[0m
[32meth_call[0m
  Contract call:       <UnrecognizedContract>
  From:                0xf39fd6e51aad88f6f4ce6ab8827279cfffb92266
  To:                  0xac9fcba56e42d5960f813b9d0387f3d3bc003338

[32meth_chainId[0m
[32meth_call[0m
  Contract call:       <UnrecognizedContract>
  From:                0xf39fd6e51aad88f6f4ce6ab8827279cfffb92266
  To:                  0xac9fcba56e42d5960f813b9d0387f3d3bc003338

[32meth_call[0m
  Contract call:       <UnrecognizedContract>
  From:                0xf39fd6e51aad88f6f4ce6ab8827279cfffb92266
  To:                  0xac9fcba56e42d5960f813b9d0387f3d3bc003338

[32meth_call[0m
  Contract call:       <UnrecognizedContract>
  From:                0xf39fd6e51aad88f6f4ce6ab8827279cfffb92266
  To:                  0xac9fcba56e42d5960f813b9d0387f3d3bc003338

[32meth_chainId[0m
[32meth_call[0m
  Contract call:       <UnrecognizedContract>
  From:                0xf39fd6e51aad88f6f4ce6ab8827279cfffb92266
  To:                  0xac9fcba56e42d5960f813b9d0387f3d3bc003338

[32meth_chainId[0m
[32meth_call[0m
  Contract call:       <UnrecognizedContract>
  From:                0xf39fd6e51aad88f6f4ce6ab8827279cfffb92266
  To:                  0xac9fcba56e42d5960f813b9d0387f3d3bc003338

[32meth_call[0m
  Contract call:       <UnrecognizedContract>
  From:                0xf39fd6e51aad88f6f4ce6ab8827279cfffb92266
  To:                  0xac9fcba56e42d5960f813b9d0387f3d3bc003338

[32meth_call[0m
  Contract call:       <UnrecognizedContract>
  From:                0xf39fd6e51aad88f6f4ce6ab8827279cfffb92266
  To:                  0xac9fcba56e42d5960f813b9d0387f3d3bc003338

[32meth_chainId[0m
[32meth_call[0m
  Contract call:       <UnrecognizedContract>
  From:                0xf39fd6e51aad88f6f4ce6ab8827279cfffb92266
  To:                  0xac9fcba56e42d5960f813b9d0387f3d3bc003338

[32meth_chainId[0m
[32meth_call[0m
  Contract call:       <UnrecognizedContract>
  From:                0xf39fd6e51aad88f6f4ce6ab8827279cfffb92266
  To:                  0xac9fcba56e42d5960f813b9d0387f3d3bc003338

[32meth_call[0m
  Contract call:       <UnrecognizedContract>
  From:                0xf39fd6e51aad88f6f4ce6ab8827279cfffb92266
  To:                  0xac9fcba56e42d5960f813b9d0387f3d3bc003338

[32meth_call[0m
  Contract call:       <UnrecognizedContract>
  From:                0xf39fd6e51aad88f6f4ce6ab8827279cfffb92266
  To:                  0xac9fcba56e42d5960f813b9d0387f3d3bc003338

[32meth_chainId[0m
[32meth_call[0m
  Contract call:       <UnrecognizedContract>
  From:                0xf39fd6e51aad88f6f4ce6ab8827279cfffb92266
  To:                  0xac9fcba56e42d5960f813b9d0387f3d3bc003338

[32meth_chainId[0m
[32meth_call[0m
  Contract call:       <UnrecognizedContract>
  From:                0xf39fd6e51aad88f6f4ce6ab8827279cfffb92266
  To:                  0xac9fcba56e42d5960f813b9d0387f3d3bc003338

[32meth_call[0m
  Contract call:       <UnrecognizedContract>
  From:                0xf39fd6e51aad88f6f4ce6ab8827279cfffb92266
  To:                  0xac9fcba56e42d5960f813b9d0387f3d3bc003338

[32meth_chainId[0m
[32meth_call[0m
  Contract call:       <UnrecognizedContract>
  From:                0xf39fd6e51aad88f6f4ce6ab8827279cfffb92266
  To:                  0xac9fcba56e42d5960f813b9d0387f3d3bc003338

[32meth_chainId[0m
[32meth_call[0m
  Contract call:       <UnrecognizedContract>
  From:                0xf39fd6e51aad88f6f4ce6ab8827279cfffb92266
  To:                  0xac9fcba56e42d5960f813b9d0387f3d3bc003338

[32meth_chainId[0m
[32meth_call[0m
  Contract call:       <UnrecognizedContract>
  From:                0xf39fd6e51aad88f6f4ce6ab8827279cfffb92266
  To:                  0xac9fcba56e42d5960f813b9d0387f3d3bc003338

[32meth_call[0m
  Contract call:       <UnrecognizedContract>
  From:                0xf39fd6e51aad88f6f4ce6ab8827279cfffb92266
  To:                  0xac9fcba56e42d5960f813b9d0387f3d3bc003338

[32meth_chainId[0m
[32meth_call[0m
  Contract call:       <UnrecognizedContract>
  From:                0xf39fd6e51aad88f6f4ce6ab8827279cfffb92266
  To:                  0xac9fcba56e42d5960f813b9d0387f3d3bc003338

[32meth_chainId[0m
[32meth_call[0m
  Contract call:       <UnrecognizedContract>
  From:                0xf39fd6e51aad88f6f4ce6ab8827279cfffb92266
  To:                  0xac9fcba56e42d5960f813b9d0387f3d3bc003338

[32meth_chainId[0m
[32meth_call[0m
  Contract call:       <UnrecognizedContract>
  From:                0xf39fd6e51aad88f6f4ce6ab8827279cfffb92266
  To:                  0xac9fcba56e42d5960f813b9d0387f3d3bc003338

[32meth_call[0m
  Contract call:       <UnrecognizedContract>
  From:                0xf39fd6e51aad88f6f4ce6ab8827279cfffb92266
  To:                  0xac9fcba56e42d5960f813b9d0387f3d3bc003338

[32meth_chainId[0m
[32meth_call[0m
  Contract call:       <UnrecognizedContract>
  From:                0xf39fd6e51aad88f6f4ce6ab8827279cfffb92266
  To:                  0xac9fcba56e42d5960f813b9d0387f3d3bc003338

[32meth_chainId[0m
[32meth_call[0m
  Contract call:       <UnrecognizedContract>
  From:                0xf39fd6e51aad88f6f4ce6ab8827279cfffb92266
  To:                  0xac9fcba56e42d5960f813b9d0387f3d3bc003338

[32meth_chainId[0m
[32meth_call[0m
  Contract call:       <UnrecognizedContract>
  From:                0xf39fd6e51aad88f6f4ce6ab8827279cfffb92266
  To:                  0xac9fcba56e42d5960f813b9d0387f3d3bc003338

[32meth_call[0m
  Contract call:       <UnrecognizedContract>
  From:                0xf39fd6e51aad88f6f4ce6ab8827279cfffb92266
  To:                  0xac9fcba56e42d5960f813b9d0387f3d3bc003338

[32meth_chainId[0m
[32meth_call[0m
  Contract call:       <UnrecognizedContract>
  From:                0xf39fd6e51aad88f6f4ce6ab8827279cfffb92266
  To:                  0xac9fcba56e42d5960f813b9d0387f3d3bc003338

[32meth_chainId[0m
[32meth_call[0m
  Contract call:       <UnrecognizedContract>
  From:                0xf39fd6e51aad88f6f4ce6ab8827279cfffb92266
  To:                  0xac9fcba56e42d5960f813b9d0387f3d3bc003338

[32meth_chainId[0m
[32meth_call[0m
  Contract call:       <UnrecognizedContract>
  From:                0xf39fd6e51aad88f6f4ce6ab8827279cfffb92266
  To:                  0xac9fcba56e42d5960f813b9d0387f3d3bc003338

[32meth_chainId[0m
[32meth_call[0m
  Contract call:       <UnrecognizedContract>
  From:                0xf39fd6e51aad88f6f4ce6ab8827279cfffb92266
  To:                  0xac9fcba56e42d5960f813b9d0387f3d3bc003338

[32meth_chainId[0m
[32meth_call[0m
  Contract call:       <UnrecognizedContract>
  From:                0xf39fd6e51aad88f6f4ce6ab8827279cfffb92266
  To:                  0xac9fcba56e42d5960f813b9d0387f3d3bc003338

[32meth_chainId[0m
[32meth_call[0m
  Contract call:       <UnrecognizedContract>
  From:                0xf39fd6e51aad88f6f4ce6ab8827279cfffb92266
  To:                  0xac9fcba56e42d5960f813b9d0387f3d3bc003338

[32meth_chainId[0m
[32meth_call[0m
  Contract call:       <UnrecognizedContract>
  From:                0xf39fd6e51aad88f6f4ce6ab8827279cfffb92266
  To:                  0xac9fcba56e42d5960f813b9d0387f3d3bc003338

[32meth_call[0m
  Contract call:       <UnrecognizedContract>
  From:                0xf39fd6e51aad88f6f4ce6ab8827279cfffb92266
  To:                  0xac9fcba56e42d5960f813b9d0387f3d3bc003338

[32meth_chainId[0m
[32meth_call[0m
  Contract call:       <UnrecognizedContract>
  From:                0xf39fd6e51aad88f6f4ce6ab8827279cfffb92266
  To:                  0xac9fcba56e42d5960f813b9d0387f3d3bc003338

[32meth_chainId[0m
[32meth_call[0m
  Contract call:       <UnrecognizedContract>
  From:                0xf39fd6e51aad88f6f4ce6ab8827279cfffb92266
  To:                  0xac9fcba56e42d5960f813b9d0387f3d3bc003338

[32meth_chainId[0m
[32meth_call[0m
  Contract call:       <UnrecognizedContract>
  From:                0xf39fd6e51aad88f6f4ce6ab8827279cfffb92266
  To:                  0xac9fcba56e42d5960f813b9d0387f3d3bc003338

[32meth_call[0m
  Contract call:       <UnrecognizedContract>
  From:                0xf39fd6e51aad88f6f4ce6ab8827279cfffb92266
  To:                  0xac9fcba56e42d5960f813b9d0387f3d3bc003338

[32meth_chainId[0m
[32meth_call[0m
  Contract call:       <UnrecognizedContract>
  From:                0xf39fd6e51aad88f6f4ce6ab8827279cfffb92266
  To:                  0xac9fcba56e42d5960f813b9d0387f3d3bc003338

[32meth_chainId[0m
[32meth_call[0m
  Contract call:       <UnrecognizedContract>
  From:                0xf39fd6e51aad88f6f4ce6ab8827279cfffb92266
  To:                  0xac9fcba56e42d5960f813b9d0387f3d3bc003338

[32meth_chainId[0m
[32meth_call[0m
  Contract call:       <UnrecognizedContract>
  From:                0xf39fd6e51aad88f6f4ce6ab8827279cfffb92266
  To:                  0xac9fcba56e42d5960f813b9d0387f3d3bc003338

[32meth_call[0m
  Contract call:       <UnrecognizedContract>
  From:                0xf39fd6e51aad88f6f4ce6ab8827279cfffb92266
  To:                  0xac9fcba56e42d5960f813b9d0387f3d3bc003338

[32meth_chainId[0m
[32meth_call[0m
  Contract call:       <UnrecognizedContract>
  From:                0xf39fd6e51aad88f6f4ce6ab8827279cfffb92266
  To:                  0xac9fcba56e42d5960f813b9d0387f3d3bc003338

[32meth_chainId[0m
[32meth_call[0m
  Contract call:       <UnrecognizedContract>
  From:                0xf39fd6e51aad88f6f4ce6ab8827279cfffb92266
  To:                  0xac9fcba56e42d5960f813b9d0387f3d3bc003338

[32meth_chainId[0m
[32meth_call[0m
  Contract call:       <UnrecognizedContract>
  From:                0xf39fd6e51aad88f6f4ce6ab8827279cfffb92266
  To:                  0xac9fcba56e42d5960f813b9d0387f3d3bc003338

[32meth_call[0m
  Contract call:       <UnrecognizedContract>
  From:                0xf39fd6e51aad88f6f4ce6ab8827279cfffb92266
  To:                  0xac9fcba56e42d5960f813b9d0387f3d3bc003338

[32meth_chainId[0m
[32meth_call[0m
  Contract call:       <UnrecognizedContract>
  From:                0xf39fd6e51aad88f6f4ce6ab8827279cfffb92266
  To:                  0xac9fcba56e42d5960f813b9d0387f3d3bc003338

[32meth_chainId[0m
[32meth_call[0m
  Contract call:       <UnrecognizedContract>
  From:                0xf39fd6e51aad88f6f4ce6ab8827279cfffb92266
  To:                  0xac9fcba56e42d5960f813b9d0387f3d3bc003338

[32meth_chainId[0m
[32meth_call[0m
  Contract call:       <UnrecognizedContract>
  From:                0xf39fd6e51aad88f6f4ce6ab8827279cfffb92266
  To:                  0xac9fcba56e42d5960f813b9d0387f3d3bc003338

[32meth_call[0m
  Contract call:       <UnrecognizedContract>
  From:                0xf39fd6e51aad88f6f4ce6ab8827279cfffb92266
  To:                  0xac9fcba56e42d5960f813b9d0387f3d3bc003338

[32meth_chainId[0m
[32meth_call[0m
  Contract call:       <UnrecognizedContract>
  From:                0xf39fd6e51aad88f6f4ce6ab8827279cfffb92266
  To:                  0xac9fcba56e42d5960f813b9d0387f3d3bc003338

[32meth_chainId[0m
[32meth_call[0m
  Contract call:       <UnrecognizedContract>
  From:                0xf39fd6e51aad88f6f4ce6ab8827279cfffb92266
  To:                  0xac9fcba56e42d5960f813b9d0387f3d3bc003338

[32meth_chainId[0m
[32meth_call[0m
  Contract call:       <UnrecognizedContract>
  From:                0xf39fd6e51aad88f6f4ce6ab8827279cfffb92266
  To:                  0xac9fcba56e42d5960f813b9d0387f3d3bc003338

[32meth_call[0m
  Contract call:       <UnrecognizedContract>
  From:                0xf39fd6e51aad88f6f4ce6ab8827279cfffb92266
  To:                  0xac9fcba56e42d5960f813b9d0387f3d3bc003338

[32meth_chainId[0m
[32meth_call[0m
  Contract call:       <UnrecognizedContract>
  From:                0xf39fd6e51aad88f6f4ce6ab8827279cfffb92266
  To:                  0xac9fcba56e42d5960f813b9d0387f3d3bc003338

[32meth_chainId[0m
[32meth_call[0m
  Contract call:       <UnrecognizedContract>
  From:                0xf39fd6e51aad88f6f4ce6ab8827279cfffb92266
  To:                  0xac9fcba56e42d5960f813b9d0387f3d3bc003338

[32meth_chainId[0m
[32meth_call[0m
  Contract call:       <UnrecognizedContract>
  From:                0xf39fd6e51aad88f6f4ce6ab8827279cfffb92266
  To:                  0xac9fcba56e42d5960f813b9d0387f3d3bc003338

[32meth_call[0m
  Contract call:       <UnrecognizedContract>
  From:                0xf39fd6e51aad88f6f4ce6ab8827279cfffb92266
  To:                  0xac9fcba56e42d5960f813b9d0387f3d3bc003338

[32meth_chainId[0m
[32meth_call[0m
  Contract call:       <UnrecognizedContract>
  From:                0xf39fd6e51aad88f6f4ce6ab8827279cfffb92266
  To:                  0xac9fcba56e42d5960f813b9d0387f3d3bc003338

[32meth_chainId[0m
[32meth_call[0m
  Contract call:       <UnrecognizedContract>
  From:                0xf39fd6e51aad88f6f4ce6ab8827279cfffb92266
  To:                  0xac9fcba56e42d5960f813b9d0387f3d3bc003338

[32meth_chainId[0m
[32meth_call[0m
  Contract call:       <UnrecognizedContract>
  From:                0xf39fd6e51aad88f6f4ce6ab8827279cfffb92266
  To:                  0xac9fcba56e42d5960f813b9d0387f3d3bc003338

[32meth_call[0m
  Contract call:       <UnrecognizedContract>
  From:                0xf39fd6e51aad88f6f4ce6ab8827279cfffb92266
  To:                  0xac9fcba56e42d5960f813b9d0387f3d3bc003338

[32meth_chainId[0m
[32meth_call[0m
  Contract call:       <UnrecognizedContract>
  From:                0xf39fd6e51aad88f6f4ce6ab8827279cfffb92266
  To:                  0xac9fcba56e42d5960f813b9d0387f3d3bc003338

[32meth_chainId[0m
[32meth_call[0m
  Contract call:       <UnrecognizedContract>
  From:                0xf39fd6e51aad88f6f4ce6ab8827279cfffb92266
  To:                  0xac9fcba56e42d5960f813b9d0387f3d3bc003338

[32meth_chainId[0m
[32meth_call[0m
  Contract call:       <UnrecognizedContract>
  From:                0xf39fd6e51aad88f6f4ce6ab8827279cfffb92266
  To:                  0xac9fcba56e42d5960f813b9d0387f3d3bc003338

[32meth_call[0m
  Contract call:       <UnrecognizedContract>
  From:                0xf39fd6e51aad88f6f4ce6ab8827279cfffb92266
  To:                  0xac9fcba56e42d5960f813b9d0387f3d3bc003338

[32meth_chainId[0m
[32meth_call[0m
  Contract call:       <UnrecognizedContract>
  From:                0xf39fd6e51aad88f6f4ce6ab8827279cfffb92266
  To:                  0xac9fcba56e42d5960f813b9d0387f3d3bc003338

[32meth_chainId[0m
[32meth_call[0m
  Contract call:       <UnrecognizedContract>
  From:                0xf39fd6e51aad88f6f4ce6ab8827279cfffb92266
  To:                  0xac9fcba56e42d5960f813b9d0387f3d3bc003338

[32meth_chainId[0m
[32meth_call[0m
  Contract call:       <UnrecognizedContract>
  From:                0xf39fd6e51aad88f6f4ce6ab8827279cfffb92266
  To:                  0xac9fcba56e42d5960f813b9d0387f3d3bc003338

[32meth_call[0m
  Contract call:       <UnrecognizedContract>
  From:                0xf39fd6e51aad88f6f4ce6ab8827279cfffb92266
  To:                  0xac9fcba56e42d5960f813b9d0387f3d3bc003338

[32meth_chainId[0m
[32meth_call[0m
  Contract call:       <UnrecognizedContract>
  From:                0xf39fd6e51aad88f6f4ce6ab8827279cfffb92266
  To:                  0xac9fcba56e42d5960f813b9d0387f3d3bc003338

[32meth_chainId[0m
[32meth_call[0m
  Contract call:       <UnrecognizedContract>
  From:                0xf39fd6e51aad88f6f4ce6ab8827279cfffb92266
  To:                  0xac9fcba56e42d5960f813b9d0387f3d3bc003338

[32meth_chainId[0m
[32meth_call[0m
  Contract call:       <UnrecognizedContract>
  From:                0xf39fd6e51aad88f6f4ce6ab8827279cfffb92266
  To:                  0xac9fcba56e42d5960f813b9d0387f3d3bc003338

[32meth_call[0m
  Contract call:       <UnrecognizedContract>
  From:                0xf39fd6e51aad88f6f4ce6ab8827279cfffb92266
  To:                  0xac9fcba56e42d5960f813b9d0387f3d3bc003338

[32meth_chainId[0m
[32meth_call[0m
  Contract call:       <UnrecognizedContract>
  From:                0xf39fd6e51aad88f6f4ce6ab8827279cfffb92266
  To:                  0xac9fcba56e42d5960f813b9d0387f3d3bc003338

[32meth_chainId[0m
[32meth_call[0m
  Contract call:       <UnrecognizedContract>
  From:                0xf39fd6e51aad88f6f4ce6ab8827279cfffb92266
  To:                  0xac9fcba56e42d5960f813b9d0387f3d3bc003338

[32meth_chainId[0m
[32meth_call[0m
  Contract call:       <UnrecognizedContract>
  From:                0xf39fd6e51aad88f6f4ce6ab8827279cfffb92266
  To:                  0xac9fcba56e42d5960f813b9d0387f3d3bc003338

[32meth_call[0m
  Contract call:       <UnrecognizedContract>
  From:                0xf39fd6e51aad88f6f4ce6ab8827279cfffb92266
  To:                  0xac9fcba56e42d5960f813b9d0387f3d3bc003338

[32meth_chainId[0m
[32meth_call[0m
  Contract call:       <UnrecognizedContract>
  From:                0xf39fd6e51aad88f6f4ce6ab8827279cfffb92266
  To:                  0xac9fcba56e42d5960f813b9d0387f3d3bc003338

[32meth_chainId[0m
[32meth_call[0m
  Contract call:       <UnrecognizedContract>
  From:                0xf39fd6e51aad88f6f4ce6ab8827279cfffb92266
  To:                  0xac9fcba56e42d5960f813b9d0387f3d3bc003338

[32meth_chainId[0m
[32meth_call[0m
  Contract call:       <UnrecognizedContract>
  From:                0xf39fd6e51aad88f6f4ce6ab8827279cfffb92266
  To:                  0xac9fcba56e42d5960f813b9d0387f3d3bc003338

[32meth_call[0m
  Contract call:       <UnrecognizedContract>
  From:                0xf39fd6e51aad88f6f4ce6ab8827279cfffb92266
  To:                  0xac9fcba56e42d5960f813b9d0387f3d3bc003338

[32meth_chainId[0m
[32meth_call[0m
  Contract call:       <UnrecognizedContract>
  From:                0xf39fd6e51aad88f6f4ce6ab8827279cfffb92266
  To:                  0xac9fcba56e42d5960f813b9d0387f3d3bc003338

[32meth_chainId[0m
[32meth_call[0m
  Contract call:       <UnrecognizedContract>
  From:                0xf39fd6e51aad88f6f4ce6ab8827279cfffb92266
  To:                  0xac9fcba56e42d5960f813b9d0387f3d3bc003338

[32meth_chainId[0m
[32meth_call[0m
  Contract call:       <UnrecognizedContract>
  From:                0xf39fd6e51aad88f6f4ce6ab8827279cfffb92266
  To:                  0xac9fcba56e42d5960f813b9d0387f3d3bc003338

[32meth_call[0m
  Contract call:       <UnrecognizedContract>
  From:                0xf39fd6e51aad88f6f4ce6ab8827279cfffb92266
  To:                  0xac9fcba56e42d5960f813b9d0387f3d3bc003338

[32meth_chainId[0m
[32meth_call[0m
  Contract call:       <UnrecognizedContract>
  From:                0xf39fd6e51aad88f6f4ce6ab8827279cfffb92266
  To:                  0xac9fcba56e42d5960f813b9d0387f3d3bc003338

[32meth_chainId[0m
[32meth_call[0m
  Contract call:       <UnrecognizedContract>
  From:                0xf39fd6e51aad88f6f4ce6ab8827279cfffb92266
  To:                  0xac9fcba56e42d5960f813b9d0387f3d3bc003338

[32meth_chainId[0m
[32meth_call[0m
  Contract call:       <UnrecognizedContract>
  From:                0xf39fd6e51aad88f6f4ce6ab8827279cfffb92266
  To:                  0xac9fcba56e42d5960f813b9d0387f3d3bc003338

[32meth_call[0m
  Contract call:       <UnrecognizedContract>
  From:                0xf39fd6e51aad88f6f4ce6ab8827279cfffb92266
  To:                  0xac9fcba56e42d5960f813b9d0387f3d3bc003338

[32meth_chainId[0m
[32meth_call[0m
  Contract call:       <UnrecognizedContract>
  From:                0xf39fd6e51aad88f6f4ce6ab8827279cfffb92266
  To:                  0xac9fcba56e42d5960f813b9d0387f3d3bc003338

[32meth_chainId[0m
[32meth_call[0m
  Contract call:       <UnrecognizedContract>
  From:                0xf39fd6e51aad88f6f4ce6ab8827279cfffb92266
  To:                  0xac9fcba56e42d5960f813b9d0387f3d3bc003338

[32meth_chainId[0m
[32meth_call[0m
  Contract call:       <UnrecognizedContract>
  From:                0xf39fd6e51aad88f6f4ce6ab8827279cfffb92266
  To:                  0xac9fcba56e42d5960f813b9d0387f3d3bc003338

[32meth_call[0m
  Contract call:       <UnrecognizedContract>
  From:                0xf39fd6e51aad88f6f4ce6ab8827279cfffb92266
  To:                  0xac9fcba56e42d5960f813b9d0387f3d3bc003338

[32meth_chainId[0m
[32meth_call[0m
  Contract call:       <UnrecognizedContract>
  From:                0xf39fd6e51aad88f6f4ce6ab8827279cfffb92266
  To:                  0xac9fcba56e42d5960f813b9d0387f3d3bc003338

[32meth_chainId[0m
[32meth_call[0m
  Contract call:       <UnrecognizedContract>
  From:                0xf39fd6e51aad88f6f4ce6ab8827279cfffb92266
  To:                  0xac9fcba56e42d5960f813b9d0387f3d3bc003338

[32meth_chainId[0m
[32meth_call[0m
  Contract call:       <UnrecognizedContract>
  From:                0xf39fd6e51aad88f6f4ce6ab8827279cfffb92266
  To:                  0xac9fcba56e42d5960f813b9d0387f3d3bc003338

[32meth_call[0m
  Contract call:       <UnrecognizedContract>
  From:                0xf39fd6e51aad88f6f4ce6ab8827279cfffb92266
  To:                  0xac9fcba56e42d5960f813b9d0387f3d3bc003338

[32meth_chainId[0m
[32meth_call[0m
  Contract call:       <UnrecognizedContract>
  From:                0xf39fd6e51aad88f6f4ce6ab8827279cfffb92266
  To:                  0xac9fcba56e42d5960f813b9d0387f3d3bc003338

[32meth_chainId[0m
[32meth_call[0m
  Contract call:       <UnrecognizedContract>
  From:                0xf39fd6e51aad88f6f4ce6ab8827279cfffb92266
  To:                  0xac9fcba56e42d5960f813b9d0387f3d3bc003338

[32meth_chainId[0m
[32meth_call[0m
  Contract call:       <UnrecognizedContract>
  From:                0xf39fd6e51aad88f6f4ce6ab8827279cfffb92266
  To:                  0xac9fcba56e42d5960f813b9d0387f3d3bc003338

[32meth_chainId[0m
[32meth_call[0m
  Contract call:       <UnrecognizedContract>
  From:                0xf39fd6e51aad88f6f4ce6ab8827279cfffb92266
  To:                  0xac9fcba56e42d5960f813b9d0387f3d3bc003338

[32meth_chainId[0m
[32meth_call[0m
  Contract call:       <UnrecognizedContract>
  From:                0xf39fd6e51aad88f6f4ce6ab8827279cfffb92266
  To:                  0xac9fcba56e42d5960f813b9d0387f3d3bc003338

[32meth_chainId[0m
[32meth_call[0m
  Contract call:       <UnrecognizedContract>
  From:                0xf39fd6e51aad88f6f4ce6ab8827279cfffb92266
  To:                  0xac9fcba56e42d5960f813b9d0387f3d3bc003338

[32meth_chainId[0m
[32meth_call[0m
  Contract call:       <UnrecognizedContract>
  From:                0xf39fd6e51aad88f6f4ce6ab8827279cfffb92266
  To:                  0xac9fcba56e42d5960f813b9d0387f3d3bc003338

[32meth_call[0m
  Contract call:       <UnrecognizedContract>
  From:                0xf39fd6e51aad88f6f4ce6ab8827279cfffb92266
  To:                  0xac9fcba56e42d5960f813b9d0387f3d3bc003338

[32meth_chainId[0m
[32meth_call[0m
  Contract call:       <UnrecognizedContract>
  From:                0xf39fd6e51aad88f6f4ce6ab8827279cfffb92266
  To:                  0xac9fcba56e42d5960f813b9d0387f3d3bc003338

[32meth_chainId[0m
[32meth_call[0m
  Contract call:       <UnrecognizedContract>
  From:                0xf39fd6e51aad88f6f4ce6ab8827279cfffb92266
  To:                  0xac9fcba56e42d5960f813b9d0387f3d3bc003338

[32meth_chainId[0m
[32meth_call[0m
  Contract call:       <UnrecognizedContract>
  From:                0xf39fd6e51aad88f6f4ce6ab8827279cfffb92266
  To:                  0xac9fcba56e42d5960f813b9d0387f3d3bc003338

[32meth_call[0m
  Contract call:       <UnrecognizedContract>
  From:                0xf39fd6e51aad88f6f4ce6ab8827279cfffb92266
  To:                  0xac9fcba56e42d5960f813b9d0387f3d3bc003338

[32meth_chainId[0m
[32meth_call[0m
  Contract call:       <UnrecognizedContract>
  From:                0xf39fd6e51aad88f6f4ce6ab8827279cfffb92266
  To:                  0xac9fcba56e42d5960f813b9d0387f3d3bc003338

[32meth_chainId[0m
[32meth_call[0m
  Contract call:       <UnrecognizedContract>
  From:                0xf39fd6e51aad88f6f4ce6ab8827279cfffb92266
  To:                  0xac9fcba56e42d5960f813b9d0387f3d3bc003338

[32meth_chainId[0m
[32meth_call[0m
  Contract call:       <UnrecognizedContract>
  From:                0xf39fd6e51aad88f6f4ce6ab8827279cfffb92266
  To:                  0xac9fcba56e42d5960f813b9d0387f3d3bc003338

[32meth_call[0m
  Contract call:       <UnrecognizedContract>
  From:                0xf39fd6e51aad88f6f4ce6ab8827279cfffb92266
  To:                  0xac9fcba56e42d5960f813b9d0387f3d3bc003338

[32meth_chainId[0m
[32meth_call[0m
  Contract call:       <UnrecognizedContract>
  From:                0xf39fd6e51aad88f6f4ce6ab8827279cfffb92266
  To:                  0xac9fcba56e42d5960f813b9d0387f3d3bc003338

[32meth_chainId[0m
[32meth_call[0m
  Contract call:       <UnrecognizedContract>
  From:                0xf39fd6e51aad88f6f4ce6ab8827279cfffb92266
  To:                  0xac9fcba56e42d5960f813b9d0387f3d3bc003338

[32meth_chainId[0m
[32meth_call[0m
  Contract call:       <UnrecognizedContract>
  From:                0xf39fd6e51aad88f6f4ce6ab8827279cfffb92266
  To:                  0xac9fcba56e42d5960f813b9d0387f3d3bc003338

[32meth_call[0m
  Contract call:       <UnrecognizedContract>
  From:                0xf39fd6e51aad88f6f4ce6ab8827279cfffb92266
  To:                  0xac9fcba56e42d5960f813b9d0387f3d3bc003338

[32meth_chainId[0m
[32meth_call[0m
  Contract call:       <UnrecognizedContract>
  From:                0xf39fd6e51aad88f6f4ce6ab8827279cfffb92266
  To:                  0xac9fcba56e42d5960f813b9d0387f3d3bc003338

[32meth_chainId[0m
[32meth_call[0m
  Contract call:       <UnrecognizedContract>
  From:                0xf39fd6e51aad88f6f4ce6ab8827279cfffb92266
  To:                  0xac9fcba56e42d5960f813b9d0387f3d3bc003338

[32meth_chainId[0m
[32meth_call[0m
  Contract call:       <UnrecognizedContract>
  From:                0xf39fd6e51aad88f6f4ce6ab8827279cfffb92266
  To:                  0xac9fcba56e42d5960f813b9d0387f3d3bc003338

[32meth_call[0m
  Contract call:       <UnrecognizedContract>
  From:                0xf39fd6e51aad88f6f4ce6ab8827279cfffb92266
  To:                  0xac9fcba56e42d5960f813b9d0387f3d3bc003338

[32meth_chainId[0m
[32meth_call[0m
  Contract call:       <UnrecognizedContract>
  From:                0xf39fd6e51aad88f6f4ce6ab8827279cfffb92266
  To:                  0xac9fcba56e42d5960f813b9d0387f3d3bc003338

[32meth_chainId[0m
[32meth_call[0m
  Contract call:       <UnrecognizedContract>
  From:                0xf39fd6e51aad88f6f4ce6ab8827279cfffb92266
  To:                  0xac9fcba56e42d5960f813b9d0387f3d3bc003338

[32meth_chainId[0m
[32meth_call[0m
  Contract call:       <UnrecognizedContract>
  From:                0xf39fd6e51aad88f6f4ce6ab8827279cfffb92266
  To:                  0xac9fcba56e42d5960f813b9d0387f3d3bc003338

[32meth_call[0m
  Contract call:       <UnrecognizedContract>
  From:                0xf39fd6e51aad88f6f4ce6ab8827279cfffb92266
  To:                  0xac9fcba56e42d5960f813b9d0387f3d3bc003338

[32meth_chainId[0m
[32meth_call[0m
  Contract call:       <UnrecognizedContract>
  From:                0xf39fd6e51aad88f6f4ce6ab8827279cfffb92266
  To:                  0xac9fcba56e42d5960f813b9d0387f3d3bc003338

[32meth_chainId[0m
[32meth_call[0m
  Contract call:       <UnrecognizedContract>
  From:                0xf39fd6e51aad88f6f4ce6ab8827279cfffb92266
  To:                  0xac9fcba56e42d5960f813b9d0387f3d3bc003338

[32meth_chainId[0m
[32meth_call[0m
  Contract call:       <UnrecognizedContract>
  From:                0xf39fd6e51aad88f6f4ce6ab8827279cfffb92266
  To:                  0xac9fcba56e42d5960f813b9d0387f3d3bc003338

[32meth_call[0m
  Contract call:       <UnrecognizedContract>
  From:                0xf39fd6e51aad88f6f4ce6ab8827279cfffb92266
  To:                  0xac9fcba56e42d5960f813b9d0387f3d3bc003338

[32meth_chainId[0m
[32meth_call[0m
  Contract call:       <UnrecognizedContract>
  From:                0xf39fd6e51aad88f6f4ce6ab8827279cfffb92266
  To:                  0xac9fcba56e42d5960f813b9d0387f3d3bc003338

[32meth_chainId[0m
[32meth_call[0m
  Contract call:       <UnrecognizedContract>
  From:                0xf39fd6e51aad88f6f4ce6ab8827279cfffb92266
  To:                  0xac9fcba56e42d5960f813b9d0387f3d3bc003338

[32meth_chainId[0m
[32meth_call[0m
  Contract call:       <UnrecognizedContract>
  From:                0xf39fd6e51aad88f6f4ce6ab8827279cfffb92266
  To:                  0xac9fcba56e42d5960f813b9d0387f3d3bc003338

[32meth_call[0m
  Contract call:       <UnrecognizedContract>
  From:                0xf39fd6e51aad88f6f4ce6ab8827279cfffb92266
  To:                  0xac9fcba56e42d5960f813b9d0387f3d3bc003338

[32meth_chainId[0m
[32meth_call[0m
  Contract call:       <UnrecognizedContract>
  From:                0xf39fd6e51aad88f6f4ce6ab8827279cfffb92266
  To:                  0xac9fcba56e42d5960f813b9d0387f3d3bc003338

[32meth_chainId[0m
[32meth_call[0m
  Contract call:       <UnrecognizedContract>
  From:                0xf39fd6e51aad88f6f4ce6ab8827279cfffb92266
  To:                  0xac9fcba56e42d5960f813b9d0387f3d3bc003338

[32meth_chainId[0m
[32meth_call[0m
  Contract call:       <UnrecognizedContract>
  From:                0xf39fd6e51aad88f6f4ce6ab8827279cfffb92266
  To:                  0xac9fcba56e42d5960f813b9d0387f3d3bc003338

[32meth_call[0m
  Contract call:       <UnrecognizedContract>
  From:                0xf39fd6e51aad88f6f4ce6ab8827279cfffb92266
  To:                  0xac9fcba56e42d5960f813b9d0387f3d3bc003338

[32meth_chainId[0m
[32meth_call[0m
  Contract call:       <UnrecognizedContract>
  From:                0xf39fd6e51aad88f6f4ce6ab8827279cfffb92266
  To:                  0xac9fcba56e42d5960f813b9d0387f3d3bc003338

[32meth_chainId[0m
[32meth_call[0m
  Contract call:       <UnrecognizedContract>
  From:                0xf39fd6e51aad88f6f4ce6ab8827279cfffb92266
  To:                  0xac9fcba56e42d5960f813b9d0387f3d3bc003338

[32meth_chainId[0m
[32meth_call[0m
  Contract call:       <UnrecognizedContract>
  From:                0xf39fd6e51aad88f6f4ce6ab8827279cfffb92266
  To:                  0xac9fcba56e42d5960f813b9d0387f3d3bc003338

[32meth_call[0m
  Contract call:       <UnrecognizedContract>
  From:                0xf39fd6e51aad88f6f4ce6ab8827279cfffb92266
  To:                  0xac9fcba56e42d5960f813b9d0387f3d3bc003338

[32meth_chainId[0m
[32meth_call[0m
  Contract call:       <UnrecognizedContract>
  From:                0xf39fd6e51aad88f6f4ce6ab8827279cfffb92266
  To:                  0xac9fcba56e42d5960f813b9d0387f3d3bc003338

[32meth_chainId[0m
[32meth_call[0m
  Contract call:       <UnrecognizedContract>
  From:                0xf39fd6e51aad88f6f4ce6ab8827279cfffb92266
  To:                  0xac9fcba56e42d5960f813b9d0387f3d3bc003338

[32meth_chainId[0m
[32meth_call[0m
  Contract call:       <UnrecognizedContract>
  From:                0xf39fd6e51aad88f6f4ce6ab8827279cfffb92266
  To:                  0xac9fcba56e42d5960f813b9d0387f3d3bc003338

[32meth_call[0m
  Contract call:       <UnrecognizedContract>
  From:                0xf39fd6e51aad88f6f4ce6ab8827279cfffb92266
  To:                  0xac9fcba56e42d5960f813b9d0387f3d3bc003338

[32meth_call[0m
  Contract call:       <UnrecognizedContract>
  From:                0xf39fd6e51aad88f6f4ce6ab8827279cfffb92266
  To:                  0xac9fcba56e42d5960f813b9d0387f3d3bc003338

[32meth_chainId[0m
[32meth_call[0m
  Contract call:       <UnrecognizedContract>
  From:                0xf39fd6e51aad88f6f4ce6ab8827279cfffb92266
  To:                  0xac9fcba56e42d5960f813b9d0387f3d3bc003338

[32meth_chainId[0m
[32meth_call[0m
  Contract call:       <UnrecognizedContract>
  From:                0xf39fd6e51aad88f6f4ce6ab8827279cfffb92266
  To:                  0xac9fcba56e42d5960f813b9d0387f3d3bc003338

[32meth_call[0m
  Contract call:       <UnrecognizedContract>
  From:                0xf39fd6e51aad88f6f4ce6ab8827279cfffb92266
  To:                  0xac9fcba56e42d5960f813b9d0387f3d3bc003338

[32meth_call[0m
  Contract call:       <UnrecognizedContract>
  From:                0xf39fd6e51aad88f6f4ce6ab8827279cfffb92266
  To:                  0xac9fcba56e42d5960f813b9d0387f3d3bc003338

[32meth_chainId[0m
[32meth_call[0m
  Contract call:       <UnrecognizedContract>
  From:                0xf39fd6e51aad88f6f4ce6ab8827279cfffb92266
  To:                  0xac9fcba56e42d5960f813b9d0387f3d3bc003338

[32meth_chainId[0m
[32meth_call[0m
  Contract call:       <UnrecognizedContract>
  From:                0xf39fd6e51aad88f6f4ce6ab8827279cfffb92266
  To:                  0xac9fcba56e42d5960f813b9d0387f3d3bc003338

[32meth_call[0m
  Contract call:       <UnrecognizedContract>
  From:                0xf39fd6e51aad88f6f4ce6ab8827279cfffb92266
  To:                  0xac9fcba56e42d5960f813b9d0387f3d3bc003338

[32meth_chainId[0m
[32meth_call[0m
  Contract call:       <UnrecognizedContract>
  From:                0xf39fd6e51aad88f6f4ce6ab8827279cfffb92266
  To:                  0xac9fcba56e42d5960f813b9d0387f3d3bc003338

[32meth_chainId[0m
[32meth_call[0m
  Contract call:       <UnrecognizedContract>
  From:                0xf39fd6e51aad88f6f4ce6ab8827279cfffb92266
  To:                  0xac9fcba56e42d5960f813b9d0387f3d3bc003338

[32meth_chainId[0m
[32meth_call[0m
  Contract call:       <UnrecognizedContract>
  From:                0xf39fd6e51aad88f6f4ce6ab8827279cfffb92266
  To:                  0xac9fcba56e42d5960f813b9d0387f3d3bc003338

[32meth_call[0m
  Contract call:       <UnrecognizedContract>
  From:                0xf39fd6e51aad88f6f4ce6ab8827279cfffb92266
  To:                  0xac9fcba56e42d5960f813b9d0387f3d3bc003338

[32meth_chainId[0m
[32meth_call[0m
  Contract call:       <UnrecognizedContract>
  From:                0xf39fd6e51aad88f6f4ce6ab8827279cfffb92266
  To:                  0xac9fcba56e42d5960f813b9d0387f3d3bc003338

[32meth_chainId[0m
[32meth_call[0m
  Contract call:       <UnrecognizedContract>
  From:                0xf39fd6e51aad88f6f4ce6ab8827279cfffb92266
  To:                  0xac9fcba56e42d5960f813b9d0387f3d3bc003338

[32meth_chainId[0m
[32meth_call[0m
  Contract call:       <UnrecognizedContract>
  From:                0xf39fd6e51aad88f6f4ce6ab8827279cfffb92266
  To:                  0xac9fcba56e42d5960f813b9d0387f3d3bc003338

[32meth_call[0m
  Contract call:       <UnrecognizedContract>
  From:                0xf39fd6e51aad88f6f4ce6ab8827279cfffb92266
  To:                  0xac9fcba56e42d5960f813b9d0387f3d3bc003338

[32meth_chainId[0m
[32meth_call[0m
  Contract call:       <UnrecognizedContract>
  From:                0xf39fd6e51aad88f6f4ce6ab8827279cfffb92266
  To:                  0xac9fcba56e42d5960f813b9d0387f3d3bc003338

[32meth_chainId[0m
[32meth_call[0m
  Contract call:       <UnrecognizedContract>
  From:                0xf39fd6e51aad88f6f4ce6ab8827279cfffb92266
  To:                  0xac9fcba56e42d5960f813b9d0387f3d3bc003338

[32meth_chainId[0m
[32meth_call[0m
  Contract call:       <UnrecognizedContract>
  From:                0xf39fd6e51aad88f6f4ce6ab8827279cfffb92266
  To:                  0xac9fcba56e42d5960f813b9d0387f3d3bc003338

[32meth_call[0m
  Contract call:       <UnrecognizedContract>
  From:                0xf39fd6e51aad88f6f4ce6ab8827279cfffb92266
  To:                  0xac9fcba56e42d5960f813b9d0387f3d3bc003338

[32meth_chainId[0m
[32meth_call[0m
  Contract call:       <UnrecognizedContract>
  From:                0xf39fd6e51aad88f6f4ce6ab8827279cfffb92266
  To:                  0xac9fcba56e42d5960f813b9d0387f3d3bc003338

[32meth_chainId[0m
[32meth_call[0m
  Contract call:       <UnrecognizedContract>
  From:                0xf39fd6e51aad88f6f4ce6ab8827279cfffb92266
  To:                  0xac9fcba56e42d5960f813b9d0387f3d3bc003338

[32meth_chainId[0m
[32meth_call[0m
  Contract call:       <UnrecognizedContract>
  From:                0xf39fd6e51aad88f6f4ce6ab8827279cfffb92266
  To:                  0xac9fcba56e42d5960f813b9d0387f3d3bc003338

[32meth_call[0m
  Contract call:       <UnrecognizedContract>
  From:                0xf39fd6e51aad88f6f4ce6ab8827279cfffb92266
  To:                  0xac9fcba56e42d5960f813b9d0387f3d3bc003338

[32meth_chainId[0m
[32meth_call[0m
  Contract call:       <UnrecognizedContract>
  From:                0xf39fd6e51aad88f6f4ce6ab8827279cfffb92266
  To:                  0xac9fcba56e42d5960f813b9d0387f3d3bc003338

[32meth_chainId[0m
[32meth_call[0m
  Contract call:       <UnrecognizedContract>
  From:                0xf39fd6e51aad88f6f4ce6ab8827279cfffb92266
  To:                  0xac9fcba56e42d5960f813b9d0387f3d3bc003338

[32meth_chainId[0m
[32meth_call[0m
  Contract call:       <UnrecognizedContract>
  From:                0xf39fd6e51aad88f6f4ce6ab8827279cfffb92266
  To:                  0xac9fcba56e42d5960f813b9d0387f3d3bc003338

[32meth_call[0m
  Contract call:       <UnrecognizedContract>
  From:                0xf39fd6e51aad88f6f4ce6ab8827279cfffb92266
  To:                  0xac9fcba56e42d5960f813b9d0387f3d3bc003338

[32meth_chainId[0m
[32meth_call[0m
  Contract call:       <UnrecognizedContract>
  From:                0xf39fd6e51aad88f6f4ce6ab8827279cfffb92266
  To:                  0xac9fcba56e42d5960f813b9d0387f3d3bc003338

[32meth_chainId[0m
[32meth_call[0m
  Contract call:       <UnrecognizedContract>
  From:                0xf39fd6e51aad88f6f4ce6ab8827279cfffb92266
  To:                  0xac9fcba56e42d5960f813b9d0387f3d3bc003338

[32meth_chainId[0m
[32meth_call[0m
  Contract call:       <UnrecognizedContract>
  From:                0xf39fd6e51aad88f6f4ce6ab8827279cfffb92266
  To:                  0xac9fcba56e42d5960f813b9d0387f3d3bc003338

[32meth_call[0m
  Contract call:       <UnrecognizedContract>
  From:                0xf39fd6e51aad88f6f4ce6ab8827279cfffb92266
  To:                  0xac9fcba56e42d5960f813b9d0387f3d3bc003338

[32meth_chainId[0m
[32meth_call[0m
  Contract call:       <UnrecognizedContract>
  From:                0xf39fd6e51aad88f6f4ce6ab8827279cfffb92266
  To:                  0xac9fcba56e42d5960f813b9d0387f3d3bc003338

[32meth_chainId[0m
[32meth_call[0m
  Contract call:       <UnrecognizedContract>
  From:                0xf39fd6e51aad88f6f4ce6ab8827279cfffb92266
  To:                  0xac9fcba56e42d5960f813b9d0387f3d3bc003338

[32meth_chainId[0m
[32meth_call[0m
  Contract call:       <UnrecognizedContract>
  From:                0xf39fd6e51aad88f6f4ce6ab8827279cfffb92266
  To:                  0xac9fcba56e42d5960f813b9d0387f3d3bc003338

[32meth_call[0m
  Contract call:       <UnrecognizedContract>
  From:                0xf39fd6e51aad88f6f4ce6ab8827279cfffb92266
  To:                  0xac9fcba56e42d5960f813b9d0387f3d3bc003338

[32meth_chainId[0m
[32meth_call[0m
  Contract call:       <UnrecognizedContract>
  From:                0xf39fd6e51aad88f6f4ce6ab8827279cfffb92266
  To:                  0xac9fcba56e42d5960f813b9d0387f3d3bc003338

[32meth_chainId[0m
[32meth_call[0m
  Contract call:       <UnrecognizedContract>
  From:                0xf39fd6e51aad88f6f4ce6ab8827279cfffb92266
  To:                  0xac9fcba56e42d5960f813b9d0387f3d3bc003338

[32meth_chainId[0m
[32meth_call[0m
  Contract call:       <UnrecognizedContract>
  From:                0xf39fd6e51aad88f6f4ce6ab8827279cfffb92266
  To:                  0xac9fcba56e42d5960f813b9d0387f3d3bc003338

[32meth_call[0m
  Contract call:       <UnrecognizedContract>
  From:                0xf39fd6e51aad88f6f4ce6ab8827279cfffb92266
  To:                  0xac9fcba56e42d5960f813b9d0387f3d3bc003338

[32meth_chainId[0m
[32meth_call[0m
  Contract call:       <UnrecognizedContract>
  From:                0xf39fd6e51aad88f6f4ce6ab8827279cfffb92266
  To:                  0xac9fcba56e42d5960f813b9d0387f3d3bc003338

[32meth_chainId[0m
[32meth_call[0m
  Contract call:       <UnrecognizedContract>
  From:                0xf39fd6e51aad88f6f4ce6ab8827279cfffb92266
  To:                  0xac9fcba56e42d5960f813b9d0387f3d3bc003338

[32meth_chainId[0m
[32meth_call[0m
  Contract call:       <UnrecognizedContract>
  From:                0xf39fd6e51aad88f6f4ce6ab8827279cfffb92266
  To:                  0xac9fcba56e42d5960f813b9d0387f3d3bc003338

[32meth_call[0m
  Contract call:       <UnrecognizedContract>
  From:                0xf39fd6e51aad88f6f4ce6ab8827279cfffb92266
  To:                  0xac9fcba56e42d5960f813b9d0387f3d3bc003338

[32meth_chainId[0m
[32meth_call[0m
  Contract call:       <UnrecognizedContract>
  From:                0xf39fd6e51aad88f6f4ce6ab8827279cfffb92266
  To:                  0xac9fcba56e42d5960f813b9d0387f3d3bc003338

[32meth_chainId[0m
[32meth_call[0m
  Contract call:       <UnrecognizedContract>
  From:                0xf39fd6e51aad88f6f4ce6ab8827279cfffb92266
  To:                  0xac9fcba56e42d5960f813b9d0387f3d3bc003338

[32meth_chainId[0m
[32meth_call[0m
  Contract call:       <UnrecognizedContract>
  From:                0xf39fd6e51aad88f6f4ce6ab8827279cfffb92266
  To:                  0xac9fcba56e42d5960f813b9d0387f3d3bc003338

[32meth_call[0m
  Contract call:       <UnrecognizedContract>
  From:                0xf39fd6e51aad88f6f4ce6ab8827279cfffb92266
  To:                  0xac9fcba56e42d5960f813b9d0387f3d3bc003338

[32meth_chainId[0m
[32meth_call[0m
  Contract call:       <UnrecognizedContract>
  From:                0xf39fd6e51aad88f6f4ce6ab8827279cfffb92266
  To:                  0xac9fcba56e42d5960f813b9d0387f3d3bc003338

[32meth_chainId[0m
[32meth_call[0m
  Contract call:       <UnrecognizedContract>
  From:                0xf39fd6e51aad88f6f4ce6ab8827279cfffb92266
  To:                  0xac9fcba56e42d5960f813b9d0387f3d3bc003338

[32meth_chainId[0m
[32meth_call[0m
  Contract call:       <UnrecognizedContract>
  From:                0xf39fd6e51aad88f6f4ce6ab8827279cfffb92266
  To:                  0xac9fcba56e42d5960f813b9d0387f3d3bc003338

[32meth_call[0m
  Contract call:       <UnrecognizedContract>
  From:                0xf39fd6e51aad88f6f4ce6ab8827279cfffb92266
  To:                  0xac9fcba56e42d5960f813b9d0387f3d3bc003338

[32meth_chainId[0m
[32meth_call[0m
  Contract call:       <UnrecognizedContract>
  From:                0xf39fd6e51aad88f6f4ce6ab8827279cfffb92266
  To:                  0xac9fcba56e42d5960f813b9d0387f3d3bc003338

[32meth_chainId[0m
[32meth_call[0m
  Contract call:       <UnrecognizedContract>
  From:                0xf39fd6e51aad88f6f4ce6ab8827279cfffb92266
  To:                  0xac9fcba56e42d5960f813b9d0387f3d3bc003338

[32meth_chainId[0m
[32meth_call[0m
  Contract call:       <UnrecognizedContract>
  From:                0xf39fd6e51aad88f6f4ce6ab8827279cfffb92266
  To:                  0xac9fcba56e42d5960f813b9d0387f3d3bc003338

[32meth_call[0m
  Contract call:       <UnrecognizedContract>
  From:                0xf39fd6e51aad88f6f4ce6ab8827279cfffb92266
  To:                  0xac9fcba56e42d5960f813b9d0387f3d3bc003338

[32meth_chainId[0m
[32meth_call[0m
  Contract call:       <UnrecognizedContract>
  From:                0xf39fd6e51aad88f6f4ce6ab8827279cfffb92266
  To:                  0xac9fcba56e42d5960f813b9d0387f3d3bc003338

[32meth_chainId[0m
[32meth_call[0m
  Contract call:       <UnrecognizedContract>
  From:                0xf39fd6e51aad88f6f4ce6ab8827279cfffb92266
  To:                  0xac9fcba56e42d5960f813b9d0387f3d3bc003338

[32meth_chainId[0m
[32meth_call[0m
  Contract call:       <UnrecognizedContract>
  From:                0xf39fd6e51aad88f6f4ce6ab8827279cfffb92266
  To:                  0xac9fcba56e42d5960f813b9d0387f3d3bc003338

[32meth_call[0m
  Contract call:       <UnrecognizedContract>
  From:                0xf39fd6e51aad88f6f4ce6ab8827279cfffb92266
  To:                  0xac9fcba56e42d5960f813b9d0387f3d3bc003338

[32meth_chainId[0m
[32meth_call[0m
  Contract call:       <UnrecognizedContract>
  From:                0xf39fd6e51aad88f6f4ce6ab8827279cfffb92266
  To:                  0xac9fcba56e42d5960f813b9d0387f3d3bc003338

[32meth_chainId[0m
[32meth_call[0m
  Contract call:       <UnrecognizedContract>
  From:                0xf39fd6e51aad88f6f4ce6ab8827279cfffb92266
  To:                  0xac9fcba56e42d5960f813b9d0387f3d3bc003338

[32meth_chainId[0m
[32meth_call[0m
  Contract call:       <UnrecognizedContract>
  From:                0xf39fd6e51aad88f6f4ce6ab8827279cfffb92266
  To:                  0xac9fcba56e42d5960f813b9d0387f3d3bc003338

[32meth_call[0m
  Contract call:       <UnrecognizedContract>
  From:                0xf39fd6e51aad88f6f4ce6ab8827279cfffb92266
  To:                  0xac9fcba56e42d5960f813b9d0387f3d3bc003338

[32meth_chainId[0m
[32meth_call[0m
  Contract call:       <UnrecognizedContract>
  From:                0xf39fd6e51aad88f6f4ce6ab8827279cfffb92266
  To:                  0xac9fcba56e42d5960f813b9d0387f3d3bc003338

[32meth_chainId[0m
[32meth_call[0m
  Contract call:       <UnrecognizedContract>
  From:                0xf39fd6e51aad88f6f4ce6ab8827279cfffb92266
  To:                  0xac9fcba56e42d5960f813b9d0387f3d3bc003338

[32meth_chainId[0m
[32meth_call[0m
  Contract call:       <UnrecognizedContract>
  From:                0xf39fd6e51aad88f6f4ce6ab8827279cfffb92266
  To:                  0xac9fcba56e42d5960f813b9d0387f3d3bc003338

[32meth_call[0m
  Contract call:       <UnrecognizedContract>
  From:                0xf39fd6e51aad88f6f4ce6ab8827279cfffb92266
  To:                  0xac9fcba56e42d5960f813b9d0387f3d3bc003338

[32meth_chainId[0m
[32meth_call[0m
  Contract call:       <UnrecognizedContract>
  From:                0xf39fd6e51aad88f6f4ce6ab8827279cfffb92266
  To:                  0xac9fcba56e42d5960f813b9d0387f3d3bc003338

[32meth_chainId[0m
[32meth_call[0m
  Contract call:       <UnrecognizedContract>
  From:                0xf39fd6e51aad88f6f4ce6ab8827279cfffb92266
  To:                  0xac9fcba56e42d5960f813b9d0387f3d3bc003338

[32meth_chainId[0m
[32meth_call[0m
  Contract call:       <UnrecognizedContract>
  From:                0xf39fd6e51aad88f6f4ce6ab8827279cfffb92266
  To:                  0xac9fcba56e42d5960f813b9d0387f3d3bc003338

[32meth_call[0m
  Contract call:       <UnrecognizedContract>
  From:                0xf39fd6e51aad88f6f4ce6ab8827279cfffb92266
  To:                  0xac9fcba56e42d5960f813b9d0387f3d3bc003338

[32meth_chainId[0m
[32meth_call[0m
  Contract call:       <UnrecognizedContract>
  From:                0xf39fd6e51aad88f6f4ce6ab8827279cfffb92266
  To:                  0xac9fcba56e42d5960f813b9d0387f3d3bc003338

[32meth_chainId[0m
[32meth_call[0m
  Contract call:       <UnrecognizedContract>
  From:                0xf39fd6e51aad88f6f4ce6ab8827279cfffb92266
  To:                  0xac9fcba56e42d5960f813b9d0387f3d3bc003338

[32meth_chainId[0m
[32meth_call[0m
  Contract call:       <UnrecognizedContract>
  From:                0xf39fd6e51aad88f6f4ce6ab8827279cfffb92266
  To:                  0xac9fcba56e42d5960f813b9d0387f3d3bc003338

[32meth_call[0m
  Contract call:       <UnrecognizedContract>
  From:                0xf39fd6e51aad88f6f4ce6ab8827279cfffb92266
  To:                  0xac9fcba56e42d5960f813b9d0387f3d3bc003338

[32meth_chainId[0m
[32meth_call[0m
  Contract call:       <UnrecognizedContract>
  From:                0xf39fd6e51aad88f6f4ce6ab8827279cfffb92266
  To:                  0xac9fcba56e42d5960f813b9d0387f3d3bc003338

[32meth_chainId[0m
[32meth_call[0m
  Contract call:       <UnrecognizedContract>
  From:                0xf39fd6e51aad88f6f4ce6ab8827279cfffb92266
  To:                  0xac9fcba56e42d5960f813b9d0387f3d3bc003338

[32meth_chainId[0m
[32meth_call[0m
  Contract call:       <UnrecognizedContract>
  From:                0xf39fd6e51aad88f6f4ce6ab8827279cfffb92266
  To:                  0xac9fcba56e42d5960f813b9d0387f3d3bc003338

[32meth_call[0m
  Contract call:       <UnrecognizedContract>
  From:                0xf39fd6e51aad88f6f4ce6ab8827279cfffb92266
  To:                  0xac9fcba56e42d5960f813b9d0387f3d3bc003338

[32meth_chainId[0m
[32meth_call[0m
  Contract call:       <UnrecognizedContract>
  From:                0xf39fd6e51aad88f6f4ce6ab8827279cfffb92266
  To:                  0xac9fcba56e42d5960f813b9d0387f3d3bc003338

[32meth_chainId[0m
[32meth_call[0m
  Contract call:       <UnrecognizedContract>
  From:                0xf39fd6e51aad88f6f4ce6ab8827279cfffb92266
  To:                  0xac9fcba56e42d5960f813b9d0387f3d3bc003338

[32meth_chainId[0m
[32meth_call[0m
  Contract call:       <UnrecognizedContract>
  From:                0xf39fd6e51aad88f6f4ce6ab8827279cfffb92266
  To:                  0xac9fcba56e42d5960f813b9d0387f3d3bc003338

[32meth_call[0m
  Contract call:       <UnrecognizedContract>
  From:                0xf39fd6e51aad88f6f4ce6ab8827279cfffb92266
  To:                  0xac9fcba56e42d5960f813b9d0387f3d3bc003338

[32meth_chainId[0m
[32meth_call[0m
  Contract call:       <UnrecognizedContract>
  From:                0xf39fd6e51aad88f6f4ce6ab8827279cfffb92266
  To:                  0xac9fcba56e42d5960f813b9d0387f3d3bc003338

[32meth_chainId[0m
[32meth_call[0m
  Contract call:       <UnrecognizedContract>
  From:                0xf39fd6e51aad88f6f4ce6ab8827279cfffb92266
  To:                  0xac9fcba56e42d5960f813b9d0387f3d3bc003338

[32meth_chainId[0m
[32meth_call[0m
  Contract call:       <UnrecognizedContract>
  From:                0xf39fd6e51aad88f6f4ce6ab8827279cfffb92266
  To:                  0xac9fcba56e42d5960f813b9d0387f3d3bc003338

[32meth_call[0m
  Contract call:       <UnrecognizedContract>
  From:                0xf39fd6e51aad88f6f4ce6ab8827279cfffb92266
  To:                  0xac9fcba56e42d5960f813b9d0387f3d3bc003338

[32meth_chainId[0m
[32meth_call[0m
  Contract call:       <UnrecognizedContract>
  From:                0xf39fd6e51aad88f6f4ce6ab8827279cfffb92266
  To:                  0xac9fcba56e42d5960f813b9d0387f3d3bc003338

[32meth_chainId[0m
[32meth_call[0m
  Contract call:       <UnrecognizedContract>
  From:                0xf39fd6e51aad88f6f4ce6ab8827279cfffb92266
  To:                  0xac9fcba56e42d5960f813b9d0387f3d3bc003338

[32meth_chainId[0m
[32meth_call[0m
  Contract call:       <UnrecognizedContract>
  From:                0xf39fd6e51aad88f6f4ce6ab8827279cfffb92266
  To:                  0xac9fcba56e42d5960f813b9d0387f3d3bc003338

[32meth_call[0m
  Contract call:       <UnrecognizedContract>
  From:                0xf39fd6e51aad88f6f4ce6ab8827279cfffb92266
  To:                  0xac9fcba56e42d5960f813b9d0387f3d3bc003338

[32meth_chainId[0m
[32meth_call[0m
  Contract call:       <UnrecognizedContract>
  From:                0xf39fd6e51aad88f6f4ce6ab8827279cfffb92266
  To:                  0xac9fcba56e42d5960f813b9d0387f3d3bc003338

[32meth_chainId[0m
[32meth_call[0m
  Contract call:       <UnrecognizedContract>
  From:                0xf39fd6e51aad88f6f4ce6ab8827279cfffb92266
  To:                  0xac9fcba56e42d5960f813b9d0387f3d3bc003338

[32meth_chainId[0m
[32meth_call[0m
  Contract call:       <UnrecognizedContract>
  From:                0xf39fd6e51aad88f6f4ce6ab8827279cfffb92266
  To:                  0xac9fcba56e42d5960f813b9d0387f3d3bc003338

[32meth_call[0m
  Contract call:       <UnrecognizedContract>
  From:                0xf39fd6e51aad88f6f4ce6ab8827279cfffb92266
  To:                  0xac9fcba56e42d5960f813b9d0387f3d3bc003338

[32meth_chainId[0m
[32meth_call[0m
  Contract call:       <UnrecognizedContract>
  From:                0xf39fd6e51aad88f6f4ce6ab8827279cfffb92266
  To:                  0xac9fcba56e42d5960f813b9d0387f3d3bc003338

[32meth_chainId[0m
[32meth_call[0m
  Contract call:       <UnrecognizedContract>
  From:                0xf39fd6e51aad88f6f4ce6ab8827279cfffb92266
  To:                  0xac9fcba56e42d5960f813b9d0387f3d3bc003338

[32meth_chainId[0m
[32meth_call[0m
  Contract call:       <UnrecognizedContract>
  From:                0xf39fd6e51aad88f6f4ce6ab8827279cfffb92266
  To:                  0xac9fcba56e42d5960f813b9d0387f3d3bc003338

[32meth_call[0m
  Contract call:       <UnrecognizedContract>
  From:                0xf39fd6e51aad88f6f4ce6ab8827279cfffb92266
  To:                  0xac9fcba56e42d5960f813b9d0387f3d3bc003338

[32meth_chainId[0m
[32meth_call[0m
  Contract call:       <UnrecognizedContract>
  From:                0xf39fd6e51aad88f6f4ce6ab8827279cfffb92266
  To:                  0xac9fcba56e42d5960f813b9d0387f3d3bc003338

[32meth_chainId[0m
[32meth_call[0m
  Contract call:       <UnrecognizedContract>
  From:                0xf39fd6e51aad88f6f4ce6ab8827279cfffb92266
  To:                  0xac9fcba56e42d5960f813b9d0387f3d3bc003338

[32meth_chainId[0m
[32meth_call[0m
  Contract call:       <UnrecognizedContract>
  From:                0xf39fd6e51aad88f6f4ce6ab8827279cfffb92266
  To:                  0xac9fcba56e42d5960f813b9d0387f3d3bc003338

[32meth_call[0m
  Contract call:       <UnrecognizedContract>
  From:                0xf39fd6e51aad88f6f4ce6ab8827279cfffb92266
  To:                  0xac9fcba56e42d5960f813b9d0387f3d3bc003338

[32meth_chainId[0m
[32meth_call[0m
  Contract call:       <UnrecognizedContract>
  From:                0xf39fd6e51aad88f6f4ce6ab8827279cfffb92266
  To:                  0xac9fcba56e42d5960f813b9d0387f3d3bc003338

[32meth_chainId[0m
[32meth_call[0m
  Contract call:       <UnrecognizedContract>
  From:                0xf39fd6e51aad88f6f4ce6ab8827279cfffb92266
  To:                  0xac9fcba56e42d5960f813b9d0387f3d3bc003338

[32meth_chainId[0m
[32meth_call[0m
  Contract call:       <UnrecognizedContract>
  From:                0xf39fd6e51aad88f6f4ce6ab8827279cfffb92266
  To:                  0xac9fcba56e42d5960f813b9d0387f3d3bc003338

[32meth_call[0m
  Contract call:       <UnrecognizedContract>
  From:                0xf39fd6e51aad88f6f4ce6ab8827279cfffb92266
  To:                  0xac9fcba56e42d5960f813b9d0387f3d3bc003338

[32meth_chainId[0m
[32meth_call[0m
  Contract call:       <UnrecognizedContract>
  From:                0xf39fd6e51aad88f6f4ce6ab8827279cfffb92266
  To:                  0xac9fcba56e42d5960f813b9d0387f3d3bc003338

[32meth_chainId[0m
[32meth_call[0m
  Contract call:       <UnrecognizedContract>
  From:                0xf39fd6e51aad88f6f4ce6ab8827279cfffb92266
  To:                  0xac9fcba56e42d5960f813b9d0387f3d3bc003338

[32meth_chainId[0m
[32meth_call[0m
  Contract call:       <UnrecognizedContract>
  From:                0xf39fd6e51aad88f6f4ce6ab8827279cfffb92266
  To:                  0xac9fcba56e42d5960f813b9d0387f3d3bc003338

[32meth_call[0m
  Contract call:       <UnrecognizedContract>
  From:                0xf39fd6e51aad88f6f4ce6ab8827279cfffb92266
  To:                  0xac9fcba56e42d5960f813b9d0387f3d3bc003338

[32meth_chainId[0m
[32meth_call[0m
  Contract call:       <UnrecognizedContract>
  From:                0xf39fd6e51aad88f6f4ce6ab8827279cfffb92266
  To:                  0xac9fcba56e42d5960f813b9d0387f3d3bc003338

[32meth_chainId[0m
[32meth_call[0m
  Contract call:       <UnrecognizedContract>
  From:                0xf39fd6e51aad88f6f4ce6ab8827279cfffb92266
  To:                  0xac9fcba56e42d5960f813b9d0387f3d3bc003338

[32meth_chainId[0m
[32meth_call[0m
  Contract call:       <UnrecognizedContract>
  From:                0xf39fd6e51aad88f6f4ce6ab8827279cfffb92266
  To:                  0xac9fcba56e42d5960f813b9d0387f3d3bc003338

[32meth_call[0m
  Contract call:       <UnrecognizedContract>
  From:                0xf39fd6e51aad88f6f4ce6ab8827279cfffb92266
  To:                  0xac9fcba56e42d5960f813b9d0387f3d3bc003338

[32meth_chainId[0m
[32meth_call[0m
  Contract call:       <UnrecognizedContract>
  From:                0xf39fd6e51aad88f6f4ce6ab8827279cfffb92266
  To:                  0xac9fcba56e42d5960f813b9d0387f3d3bc003338

[32meth_chainId[0m
[32meth_call[0m
  Contract call:       <UnrecognizedContract>
  From:                0xf39fd6e51aad88f6f4ce6ab8827279cfffb92266
  To:                  0xac9fcba56e42d5960f813b9d0387f3d3bc003338

[32meth_chainId[0m
[32meth_call[0m
  Contract call:       <UnrecognizedContract>
  From:                0xf39fd6e51aad88f6f4ce6ab8827279cfffb92266
  To:                  0xac9fcba56e42d5960f813b9d0387f3d3bc003338

[32meth_call[0m
  Contract call:       <UnrecognizedContract>
  From:                0xf39fd6e51aad88f6f4ce6ab8827279cfffb92266
  To:                  0xac9fcba56e42d5960f813b9d0387f3d3bc003338

[32meth_chainId[0m
[32meth_call[0m
  Contract call:       <UnrecognizedContract>
  From:                0xf39fd6e51aad88f6f4ce6ab8827279cfffb92266
  To:                  0xac9fcba56e42d5960f813b9d0387f3d3bc003338

[32meth_chainId[0m
[32meth_call[0m
  Contract call:       <UnrecognizedContract>
  From:                0xf39fd6e51aad88f6f4ce6ab8827279cfffb92266
  To:                  0xac9fcba56e42d5960f813b9d0387f3d3bc003338

[32meth_chainId[0m
[32meth_call[0m
  Contract call:       <UnrecognizedContract>
  From:                0xf39fd6e51aad88f6f4ce6ab8827279cfffb92266
  To:                  0xac9fcba56e42d5960f813b9d0387f3d3bc003338

[32meth_call[0m
  Contract call:       <UnrecognizedContract>
  From:                0xf39fd6e51aad88f6f4ce6ab8827279cfffb92266
  To:                  0xac9fcba56e42d5960f813b9d0387f3d3bc003338

[32meth_chainId[0m
[32meth_call[0m
  Contract call:       <UnrecognizedContract>
  From:                0xf39fd6e51aad88f6f4ce6ab8827279cfffb92266
  To:                  0xac9fcba56e42d5960f813b9d0387f3d3bc003338

[32meth_chainId[0m
[32meth_call[0m
  Contract call:       <UnrecognizedContract>
  From:                0xf39fd6e51aad88f6f4ce6ab8827279cfffb92266
  To:                  0xac9fcba56e42d5960f813b9d0387f3d3bc003338

[32meth_chainId[0m
[32meth_call[0m
  Contract call:       <UnrecognizedContract>
  From:                0xf39fd6e51aad88f6f4ce6ab8827279cfffb92266
  To:                  0xac9fcba56e42d5960f813b9d0387f3d3bc003338

[32meth_call[0m
  Contract call:       <UnrecognizedContract>
  From:                0xf39fd6e51aad88f6f4ce6ab8827279cfffb92266
  To:                  0xac9fcba56e42d5960f813b9d0387f3d3bc003338

[32meth_chainId[0m
[32meth_call[0m
  Contract call:       <UnrecognizedContract>
  From:                0xf39fd6e51aad88f6f4ce6ab8827279cfffb92266
  To:                  0xac9fcba56e42d5960f813b9d0387f3d3bc003338

[32meth_chainId[0m
[32meth_call[0m
  Contract call:       <UnrecognizedContract>
  From:                0xf39fd6e51aad88f6f4ce6ab8827279cfffb92266
  To:                  0xac9fcba56e42d5960f813b9d0387f3d3bc003338

[32meth_chainId[0m
[32meth_call[0m
  Contract call:       <UnrecognizedContract>
  From:                0xf39fd6e51aad88f6f4ce6ab8827279cfffb92266
  To:                  0xac9fcba56e42d5960f813b9d0387f3d3bc003338

[32meth_call[0m
  Contract call:       <UnrecognizedContract>
  From:                0xf39fd6e51aad88f6f4ce6ab8827279cfffb92266
  To:                  0xac9fcba56e42d5960f813b9d0387f3d3bc003338

[32meth_chainId[0m
[32meth_call[0m
  Contract call:       <UnrecognizedContract>
  From:                0xf39fd6e51aad88f6f4ce6ab8827279cfffb92266
  To:                  0xac9fcba56e42d5960f813b9d0387f3d3bc003338

[32meth_chainId[0m
[32meth_call[0m
  Contract call:       <UnrecognizedContract>
  From:                0xf39fd6e51aad88f6f4ce6ab8827279cfffb92266
  To:                  0xac9fcba56e42d5960f813b9d0387f3d3bc003338

[32meth_chainId[0m
[32meth_call[0m
  Contract call:       <UnrecognizedContract>
  From:                0xf39fd6e51aad88f6f4ce6ab8827279cfffb92266
  To:                  0xac9fcba56e42d5960f813b9d0387f3d3bc003338

[32meth_call[0m
  Contract call:       <UnrecognizedContract>
  From:                0xf39fd6e51aad88f6f4ce6ab8827279cfffb92266
  To:                  0xac9fcba56e42d5960f813b9d0387f3d3bc003338

[32meth_chainId[0m
[32meth_call[0m
  Contract call:       <UnrecognizedContract>
  From:                0xf39fd6e51aad88f6f4ce6ab8827279cfffb92266
  To:                  0xac9fcba56e42d5960f813b9d0387f3d3bc003338

[32meth_chainId[0m
[32meth_call[0m
  Contract call:       <UnrecognizedContract>
  From:                0xf39fd6e51aad88f6f4ce6ab8827279cfffb92266
  To:                  0xac9fcba56e42d5960f813b9d0387f3d3bc003338

[32meth_chainId[0m
[32meth_call[0m
  Contract call:       <UnrecognizedContract>
  From:                0xf39fd6e51aad88f6f4ce6ab8827279cfffb92266
  To:                  0xac9fcba56e42d5960f813b9d0387f3d3bc003338

[32meth_call[0m
  Contract call:       <UnrecognizedContract>
  From:                0xf39fd6e51aad88f6f4ce6ab8827279cfffb92266
  To:                  0xac9fcba56e42d5960f813b9d0387f3d3bc003338

[32meth_chainId[0m
[32meth_call[0m
  Contract call:       <UnrecognizedContract>
  From:                0xf39fd6e51aad88f6f4ce6ab8827279cfffb92266
  To:                  0xac9fcba56e42d5960f813b9d0387f3d3bc003338

[32meth_chainId[0m
[32meth_call[0m
  Contract call:       <UnrecognizedContract>
  From:                0xf39fd6e51aad88f6f4ce6ab8827279cfffb92266
  To:                  0xac9fcba56e42d5960f813b9d0387f3d3bc003338

[32meth_chainId[0m
[32meth_call[0m
  Contract call:       <UnrecognizedContract>
  From:                0xf39fd6e51aad88f6f4ce6ab8827279cfffb92266
  To:                  0xac9fcba56e42d5960f813b9d0387f3d3bc003338

[32meth_call[0m
  Contract call:       <UnrecognizedContract>
  From:                0xf39fd6e51aad88f6f4ce6ab8827279cfffb92266
  To:                  0xac9fcba56e42d5960f813b9d0387f3d3bc003338

[32meth_chainId[0m
[32meth_call[0m
  Contract call:       <UnrecognizedContract>
  From:                0xf39fd6e51aad88f6f4ce6ab8827279cfffb92266
  To:                  0xac9fcba56e42d5960f813b9d0387f3d3bc003338

[32meth_chainId[0m
[32meth_call[0m
  Contract call:       <UnrecognizedContract>
  From:                0xf39fd6e51aad88f6f4ce6ab8827279cfffb92266
  To:                  0xac9fcba56e42d5960f813b9d0387f3d3bc003338

[32meth_chainId[0m
[32meth_call[0m
  Contract call:       <UnrecognizedContract>
  From:                0xf39fd6e51aad88f6f4ce6ab8827279cfffb92266
  To:                  0xac9fcba56e42d5960f813b9d0387f3d3bc003338

[32meth_call[0m
  Contract call:       <UnrecognizedContract>
  From:                0xf39fd6e51aad88f6f4ce6ab8827279cfffb92266
  To:                  0xac9fcba56e42d5960f813b9d0387f3d3bc003338

[32meth_chainId[0m
[32meth_call[0m
  Contract call:       <UnrecognizedContract>
  From:                0xf39fd6e51aad88f6f4ce6ab8827279cfffb92266
  To:                  0xac9fcba56e42d5960f813b9d0387f3d3bc003338

[32meth_chainId[0m
[32meth_call[0m
  Contract call:       <UnrecognizedContract>
  From:                0xf39fd6e51aad88f6f4ce6ab8827279cfffb92266
  To:                  0xac9fcba56e42d5960f813b9d0387f3d3bc003338

[32meth_chainId[0m
[32meth_call[0m
  Contract call:       <UnrecognizedContract>
  From:                0xf39fd6e51aad88f6f4ce6ab8827279cfffb92266
  To:                  0xac9fcba56e42d5960f813b9d0387f3d3bc003338

[32meth_call[0m
  Contract call:       <UnrecognizedContract>
  From:                0xf39fd6e51aad88f6f4ce6ab8827279cfffb92266
  To:                  0xac9fcba56e42d5960f813b9d0387f3d3bc003338

[32meth_chainId[0m
[32meth_call[0m
  Contract call:       <UnrecognizedContract>
  From:                0xf39fd6e51aad88f6f4ce6ab8827279cfffb92266
  To:                  0xac9fcba56e42d5960f813b9d0387f3d3bc003338

[32meth_chainId[0m
[32meth_call[0m
  Contract call:       <UnrecognizedContract>
  From:                0xf39fd6e51aad88f6f4ce6ab8827279cfffb92266
  To:                  0xac9fcba56e42d5960f813b9d0387f3d3bc003338

[32meth_chainId[0m
[32meth_call[0m
  Contract call:       <UnrecognizedContract>
  From:                0xf39fd6e51aad88f6f4ce6ab8827279cfffb92266
  To:                  0xac9fcba56e42d5960f813b9d0387f3d3bc003338

[32meth_call[0m
  Contract call:       <UnrecognizedContract>
  From:                0xf39fd6e51aad88f6f4ce6ab8827279cfffb92266
  To:                  0xac9fcba56e42d5960f813b9d0387f3d3bc003338

[32meth_chainId[0m
[32meth_call[0m
  Contract call:       <UnrecognizedContract>
  From:                0xf39fd6e51aad88f6f4ce6ab8827279cfffb92266
  To:                  0xac9fcba56e42d5960f813b9d0387f3d3bc003338

[32meth_chainId[0m
[32meth_call[0m
  Contract call:       <UnrecognizedContract>
  From:                0xf39fd6e51aad88f6f4ce6ab8827279cfffb92266
  To:                  0xac9fcba56e42d5960f813b9d0387f3d3bc003338

[32meth_chainId[0m
[32meth_call[0m
  Contract call:       <UnrecognizedContract>
  From:                0xf39fd6e51aad88f6f4ce6ab8827279cfffb92266
  To:                  0xac9fcba56e42d5960f813b9d0387f3d3bc003338

[32meth_call[0m
  Contract call:       <UnrecognizedContract>
  From:                0xf39fd6e51aad88f6f4ce6ab8827279cfffb92266
  To:                  0xac9fcba56e42d5960f813b9d0387f3d3bc003338

[32meth_chainId[0m
[32meth_call[0m
  Contract call:       <UnrecognizedContract>
  From:                0xf39fd6e51aad88f6f4ce6ab8827279cfffb92266
  To:                  0xac9fcba56e42d5960f813b9d0387f3d3bc003338

[32meth_chainId[0m
[32meth_call[0m
  Contract call:       <UnrecognizedContract>
  From:                0xf39fd6e51aad88f6f4ce6ab8827279cfffb92266
  To:                  0xac9fcba56e42d5960f813b9d0387f3d3bc003338

[32meth_chainId[0m
[32meth_call[0m
  Contract call:       <UnrecognizedContract>
  From:                0xf39fd6e51aad88f6f4ce6ab8827279cfffb92266
  To:                  0xac9fcba56e42d5960f813b9d0387f3d3bc003338

[32meth_call[0m
  Contract call:       <UnrecognizedContract>
  From:                0xf39fd6e51aad88f6f4ce6ab8827279cfffb92266
  To:                  0xac9fcba56e42d5960f813b9d0387f3d3bc003338

[32meth_chainId[0m
[32meth_call[0m
  Contract call:       <UnrecognizedContract>
  From:                0xf39fd6e51aad88f6f4ce6ab8827279cfffb92266
  To:                  0xac9fcba56e42d5960f813b9d0387f3d3bc003338

[32meth_chainId[0m
[32meth_call[0m
  Contract call:       <UnrecognizedContract>
  From:                0xf39fd6e51aad88f6f4ce6ab8827279cfffb92266
  To:                  0xac9fcba56e42d5960f813b9d0387f3d3bc003338

[32meth_chainId[0m
[32meth_call[0m
  Contract call:       <UnrecognizedContract>
  From:                0xf39fd6e51aad88f6f4ce6ab8827279cfffb92266
  To:                  0xac9fcba56e42d5960f813b9d0387f3d3bc003338

[32meth_call[0m
  Contract call:       <UnrecognizedContract>
  From:                0xf39fd6e51aad88f6f4ce6ab8827279cfffb92266
  To:                  0xac9fcba56e42d5960f813b9d0387f3d3bc003338

[32meth_chainId[0m
[32meth_call[0m
  Contract call:       <UnrecognizedContract>
  From:                0xf39fd6e51aad88f6f4ce6ab8827279cfffb92266
  To:                  0xac9fcba56e42d5960f813b9d0387f3d3bc003338

[32meth_chainId[0m
[32meth_call[0m
  Contract call:       <UnrecognizedContract>
  From:                0xf39fd6e51aad88f6f4ce6ab8827279cfffb92266
  To:                  0xac9fcba56e42d5960f813b9d0387f3d3bc003338

[32meth_chainId[0m
[32meth_call[0m
  Contract call:       <UnrecognizedContract>
  From:                0xf39fd6e51aad88f6f4ce6ab8827279cfffb92266
  To:                  0xac9fcba56e42d5960f813b9d0387f3d3bc003338

[32meth_call[0m
  Contract call:       <UnrecognizedContract>
  From:                0xf39fd6e51aad88f6f4ce6ab8827279cfffb92266
  To:                  0xac9fcba56e42d5960f813b9d0387f3d3bc003338

[32meth_chainId[0m
[32meth_call[0m
  Contract call:       <UnrecognizedContract>
  From:                0xf39fd6e51aad88f6f4ce6ab8827279cfffb92266
  To:                  0xac9fcba56e42d5960f813b9d0387f3d3bc003338

[32meth_chainId[0m
[32meth_call[0m
  Contract call:       <UnrecognizedContract>
  From:                0xf39fd6e51aad88f6f4ce6ab8827279cfffb92266
  To:                  0xac9fcba56e42d5960f813b9d0387f3d3bc003338

[32meth_chainId[0m
[32meth_call[0m
  Contract call:       <UnrecognizedContract>
  From:                0xf39fd6e51aad88f6f4ce6ab8827279cfffb92266
  To:                  0xac9fcba56e42d5960f813b9d0387f3d3bc003338

[32meth_call[0m
  Contract call:       <UnrecognizedContract>
  From:                0xf39fd6e51aad88f6f4ce6ab8827279cfffb92266
  To:                  0xac9fcba56e42d5960f813b9d0387f3d3bc003338

[32meth_chainId[0m
[32meth_call[0m
  Contract call:       <UnrecognizedContract>
  From:                0xf39fd6e51aad88f6f4ce6ab8827279cfffb92266
  To:                  0xac9fcba56e42d5960f813b9d0387f3d3bc003338

[32meth_chainId[0m
[32meth_call[0m
  Contract call:       <UnrecognizedContract>
  From:                0xf39fd6e51aad88f6f4ce6ab8827279cfffb92266
  To:                  0xac9fcba56e42d5960f813b9d0387f3d3bc003338

[32meth_chainId[0m
[32meth_call[0m
  Contract call:       <UnrecognizedContract>
  From:                0xf39fd6e51aad88f6f4ce6ab8827279cfffb92266
  To:                  0xac9fcba56e42d5960f813b9d0387f3d3bc003338

[32meth_call[0m
  Contract call:       <UnrecognizedContract>
  From:                0xf39fd6e51aad88f6f4ce6ab8827279cfffb92266
  To:                  0xac9fcba56e42d5960f813b9d0387f3d3bc003338

[32meth_chainId[0m
[32meth_call[0m
  Contract call:       <UnrecognizedContract>
  From:                0xf39fd6e51aad88f6f4ce6ab8827279cfffb92266
  To:                  0xac9fcba56e42d5960f813b9d0387f3d3bc003338

[32meth_chainId[0m
[32meth_call[0m
  Contract call:       <UnrecognizedContract>
  From:                0xf39fd6e51aad88f6f4ce6ab8827279cfffb92266
  To:                  0xac9fcba56e42d5960f813b9d0387f3d3bc003338

[32meth_chainId[0m
[32meth_call[0m
  Contract call:       <UnrecognizedContract>
  From:                0xf39fd6e51aad88f6f4ce6ab8827279cfffb92266
  To:                  0xac9fcba56e42d5960f813b9d0387f3d3bc003338

[32meth_call[0m
  Contract call:       <UnrecognizedContract>
  From:                0xf39fd6e51aad88f6f4ce6ab8827279cfffb92266
  To:                  0xac9fcba56e42d5960f813b9d0387f3d3bc003338

[32meth_chainId[0m
[32meth_call[0m
  Contract call:       <UnrecognizedContract>
  From:                0xf39fd6e51aad88f6f4ce6ab8827279cfffb92266
  To:                  0xac9fcba56e42d5960f813b9d0387f3d3bc003338

[32meth_chainId[0m
[32meth_call[0m
  Contract call:       <UnrecognizedContract>
  From:                0xf39fd6e51aad88f6f4ce6ab8827279cfffb92266
  To:                  0xac9fcba56e42d5960f813b9d0387f3d3bc003338

[32meth_chainId[0m
[32meth_call[0m
  Contract call:       <UnrecognizedContract>
  From:                0xf39fd6e51aad88f6f4ce6ab8827279cfffb92266
  To:                  0xac9fcba56e42d5960f813b9d0387f3d3bc003338

[32meth_call[0m
  Contract call:       <UnrecognizedContract>
  From:                0xf39fd6e51aad88f6f4ce6ab8827279cfffb92266
  To:                  0xac9fcba56e42d5960f813b9d0387f3d3bc003338

[32meth_chainId[0m
[32meth_call[0m
  Contract call:       <UnrecognizedContract>
  From:                0xf39fd6e51aad88f6f4ce6ab8827279cfffb92266
  To:                  0xac9fcba56e42d5960f813b9d0387f3d3bc003338

[32meth_chainId[0m
[32meth_call[0m
  Contract call:       <UnrecognizedContract>
  From:                0xf39fd6e51aad88f6f4ce6ab8827279cfffb92266
  To:                  0xac9fcba56e42d5960f813b9d0387f3d3bc003338

[32meth_chainId[0m
[32meth_call[0m
  Contract call:       <UnrecognizedContract>
  From:                0xf39fd6e51aad88f6f4ce6ab8827279cfffb92266
  To:                  0xac9fcba56e42d5960f813b9d0387f3d3bc003338

[32meth_call[0m
  Contract call:       <UnrecognizedContract>
  From:                0xf39fd6e51aad88f6f4ce6ab8827279cfffb92266
  To:                  0xac9fcba56e42d5960f813b9d0387f3d3bc003338

[32meth_chainId[0m
[32meth_call[0m
  Contract call:       <UnrecognizedContract>
  From:                0xf39fd6e51aad88f6f4ce6ab8827279cfffb92266
  To:                  0xac9fcba56e42d5960f813b9d0387f3d3bc003338

[32meth_chainId[0m
[32meth_call[0m
  Contract call:       <UnrecognizedContract>
  From:                0xf39fd6e51aad88f6f4ce6ab8827279cfffb92266
  To:                  0xac9fcba56e42d5960f813b9d0387f3d3bc003338

[32meth_chainId[0m
[32meth_call[0m
  Contract call:       <UnrecognizedContract>
  From:                0xf39fd6e51aad88f6f4ce6ab8827279cfffb92266
  To:                  0xac9fcba56e42d5960f813b9d0387f3d3bc003338

[32meth_call[0m
  Contract call:       <UnrecognizedContract>
  From:                0xf39fd6e51aad88f6f4ce6ab8827279cfffb92266
  To:                  0xac9fcba56e42d5960f813b9d0387f3d3bc003338

[32meth_chainId[0m
[32meth_call[0m
  Contract call:       <UnrecognizedContract>
  From:                0xf39fd6e51aad88f6f4ce6ab8827279cfffb92266
  To:                  0xac9fcba56e42d5960f813b9d0387f3d3bc003338

[32meth_chainId[0m
[32meth_call[0m
  Contract call:       <UnrecognizedContract>
  From:                0xf39fd6e51aad88f6f4ce6ab8827279cfffb92266
  To:                  0xac9fcba56e42d5960f813b9d0387f3d3bc003338

[32meth_chainId[0m
[32meth_call[0m
  Contract call:       <UnrecognizedContract>
  From:                0xf39fd6e51aad88f6f4ce6ab8827279cfffb92266
  To:                  0xac9fcba56e42d5960f813b9d0387f3d3bc003338

[32meth_call[0m
  Contract call:       <UnrecognizedContract>
  From:                0xf39fd6e51aad88f6f4ce6ab8827279cfffb92266
  To:                  0xac9fcba56e42d5960f813b9d0387f3d3bc003338

[32meth_chainId[0m
[32meth_call[0m
  Contract call:       <UnrecognizedContract>
  From:                0xf39fd6e51aad88f6f4ce6ab8827279cfffb92266
  To:                  0xac9fcba56e42d5960f813b9d0387f3d3bc003338

[32meth_chainId[0m
[32meth_call[0m
  Contract call:       <UnrecognizedContract>
  From:                0xf39fd6e51aad88f6f4ce6ab8827279cfffb92266
  To:                  0xac9fcba56e42d5960f813b9d0387f3d3bc003338

[32meth_chainId[0m
[32meth_call[0m
  Contract call:       <UnrecognizedContract>
  From:                0xf39fd6e51aad88f6f4ce6ab8827279cfffb92266
  To:                  0xac9fcba56e42d5960f813b9d0387f3d3bc003338

[32meth_call[0m
  Contract call:       <UnrecognizedContract>
  From:                0xf39fd6e51aad88f6f4ce6ab8827279cfffb92266
  To:                  0xac9fcba56e42d5960f813b9d0387f3d3bc003338

[32meth_chainId[0m
[32meth_call[0m
  Contract call:       <UnrecognizedContract>
  From:                0xf39fd6e51aad88f6f4ce6ab8827279cfffb92266
  To:                  0xac9fcba56e42d5960f813b9d0387f3d3bc003338

[32meth_chainId[0m
[32meth_call[0m
  Contract call:       <UnrecognizedContract>
  From:                0xf39fd6e51aad88f6f4ce6ab8827279cfffb92266
  To:                  0xac9fcba56e42d5960f813b9d0387f3d3bc003338

[32meth_chainId[0m
[32meth_call[0m
  Contract call:       <UnrecognizedContract>
  From:                0xf39fd6e51aad88f6f4ce6ab8827279cfffb92266
  To:                  0xac9fcba56e42d5960f813b9d0387f3d3bc003338

[32meth_call[0m
  Contract call:       <UnrecognizedContract>
  From:                0xf39fd6e51aad88f6f4ce6ab8827279cfffb92266
  To:                  0xac9fcba56e42d5960f813b9d0387f3d3bc003338

[32meth_chainId[0m
[32meth_call[0m
  Contract call:       <UnrecognizedContract>
  From:                0xf39fd6e51aad88f6f4ce6ab8827279cfffb92266
  To:                  0xac9fcba56e42d5960f813b9d0387f3d3bc003338

[32meth_chainId[0m
[32meth_call[0m
  Contract call:       <UnrecognizedContract>
  From:                0xf39fd6e51aad88f6f4ce6ab8827279cfffb92266
  To:                  0xac9fcba56e42d5960f813b9d0387f3d3bc003338

[32meth_chainId[0m
[32meth_call[0m
  Contract call:       <UnrecognizedContract>
  From:                0xf39fd6e51aad88f6f4ce6ab8827279cfffb92266
  To:                  0xac9fcba56e42d5960f813b9d0387f3d3bc003338

[32meth_call[0m
  Contract call:       <UnrecognizedContract>
  From:                0xf39fd6e51aad88f6f4ce6ab8827279cfffb92266
  To:                  0xac9fcba56e42d5960f813b9d0387f3d3bc003338

[32meth_chainId[0m
[32meth_call[0m
  Contract call:       <UnrecognizedContract>
  From:                0xf39fd6e51aad88f6f4ce6ab8827279cfffb92266
  To:                  0xac9fcba56e42d5960f813b9d0387f3d3bc003338

[32meth_chainId[0m
[32meth_call[0m
  Contract call:       <UnrecognizedContract>
  From:                0xf39fd6e51aad88f6f4ce6ab8827279cfffb92266
  To:                  0xac9fcba56e42d5960f813b9d0387f3d3bc003338

[32meth_chainId[0m
[32meth_call[0m
  Contract call:       <UnrecognizedContract>
  From:                0xf39fd6e51aad88f6f4ce6ab8827279cfffb92266
  To:                  0xac9fcba56e42d5960f813b9d0387f3d3bc003338

[32meth_call[0m
  Contract call:       <UnrecognizedContract>
  From:                0xf39fd6e51aad88f6f4ce6ab8827279cfffb92266
  To:                  0xac9fcba56e42d5960f813b9d0387f3d3bc003338

[32meth_chainId[0m
[32meth_call[0m
  Contract call:       <UnrecognizedContract>
  From:                0xf39fd6e51aad88f6f4ce6ab8827279cfffb92266
  To:                  0xac9fcba56e42d5960f813b9d0387f3d3bc003338

[32meth_chainId[0m
[32meth_call[0m
  Contract call:       <UnrecognizedContract>
  From:                0xf39fd6e51aad88f6f4ce6ab8827279cfffb92266
  To:                  0xac9fcba56e42d5960f813b9d0387f3d3bc003338

[32meth_chainId[0m
[32meth_call[0m
  Contract call:       <UnrecognizedContract>
  From:                0xf39fd6e51aad88f6f4ce6ab8827279cfffb92266
  To:                  0xac9fcba56e42d5960f813b9d0387f3d3bc003338

[32meth_call[0m
  Contract call:       <UnrecognizedContract>
  From:                0xf39fd6e51aad88f6f4ce6ab8827279cfffb92266
  To:                  0xac9fcba56e42d5960f813b9d0387f3d3bc003338

[32meth_chainId[0m
[32meth_call[0m
  Contract call:       <UnrecognizedContract>
  From:                0xf39fd6e51aad88f6f4ce6ab8827279cfffb92266
  To:                  0xac9fcba56e42d5960f813b9d0387f3d3bc003338

[32meth_chainId[0m
[32meth_call[0m
  Contract call:       <UnrecognizedContract>
  From:                0xf39fd6e51aad88f6f4ce6ab8827279cfffb92266
  To:                  0xac9fcba56e42d5960f813b9d0387f3d3bc003338

[32meth_chainId[0m
[32meth_call[0m
  Contract call:       <UnrecognizedContract>
  From:                0xf39fd6e51aad88f6f4ce6ab8827279cfffb92266
  To:                  0xac9fcba56e42d5960f813b9d0387f3d3bc003338

[32meth_call[0m
  Contract call:       <UnrecognizedContract>
  From:                0xf39fd6e51aad88f6f4ce6ab8827279cfffb92266
  To:                  0xac9fcba56e42d5960f813b9d0387f3d3bc003338

[32meth_chainId[0m
[32meth_call[0m
  Contract call:       <UnrecognizedContract>
  From:                0xf39fd6e51aad88f6f4ce6ab8827279cfffb92266
  To:                  0xac9fcba56e42d5960f813b9d0387f3d3bc003338

[32meth_chainId[0m
[32meth_call[0m
  Contract call:       <UnrecognizedContract>
  From:                0xf39fd6e51aad88f6f4ce6ab8827279cfffb92266
  To:                  0xac9fcba56e42d5960f813b9d0387f3d3bc003338

[32meth_chainId[0m
[32meth_call[0m
  Contract call:       <UnrecognizedContract>
  From:                0xf39fd6e51aad88f6f4ce6ab8827279cfffb92266
  To:                  0xac9fcba56e42d5960f813b9d0387f3d3bc003338

[32meth_call[0m
  Contract call:       <UnrecognizedContract>
  From:                0xf39fd6e51aad88f6f4ce6ab8827279cfffb92266
  To:                  0xac9fcba56e42d5960f813b9d0387f3d3bc003338

[32meth_chainId[0m
[32meth_call[0m
  Contract call:       <UnrecognizedContract>
  From:                0xf39fd6e51aad88f6f4ce6ab8827279cfffb92266
  To:                  0xac9fcba56e42d5960f813b9d0387f3d3bc003338

[32meth_chainId[0m
[32meth_call[0m
  Contract call:       <UnrecognizedContract>
  From:                0xf39fd6e51aad88f6f4ce6ab8827279cfffb92266
  To:                  0xac9fcba56e42d5960f813b9d0387f3d3bc003338

[32meth_chainId[0m
[32meth_call[0m
  Contract call:       <UnrecognizedContract>
  From:                0xf39fd6e51aad88f6f4ce6ab8827279cfffb92266
  To:                  0xac9fcba56e42d5960f813b9d0387f3d3bc003338

[32meth_call[0m
  Contract call:       <UnrecognizedContract>
  From:                0xf39fd6e51aad88f6f4ce6ab8827279cfffb92266
  To:                  0xac9fcba56e42d5960f813b9d0387f3d3bc003338

[32meth_chainId[0m
[32meth_call[0m
  Contract call:       <UnrecognizedContract>
  From:                0xf39fd6e51aad88f6f4ce6ab8827279cfffb92266
  To:                  0xac9fcba56e42d5960f813b9d0387f3d3bc003338

[32meth_chainId[0m
[32meth_call[0m
  Contract call:       <UnrecognizedContract>
  From:                0xf39fd6e51aad88f6f4ce6ab8827279cfffb92266
  To:                  0xac9fcba56e42d5960f813b9d0387f3d3bc003338

[32meth_chainId[0m
[32meth_call[0m
  Contract call:       <UnrecognizedContract>
  From:                0xf39fd6e51aad88f6f4ce6ab8827279cfffb92266
  To:                  0xac9fcba56e42d5960f813b9d0387f3d3bc003338

[32meth_call[0m
  Contract call:       <UnrecognizedContract>
  From:                0xf39fd6e51aad88f6f4ce6ab8827279cfffb92266
  To:                  0xac9fcba56e42d5960f813b9d0387f3d3bc003338

[32meth_chainId[0m
[32meth_call[0m
  Contract call:       <UnrecognizedContract>
  From:                0xf39fd6e51aad88f6f4ce6ab8827279cfffb92266
  To:                  0xac9fcba56e42d5960f813b9d0387f3d3bc003338

[32meth_chainId[0m
[32meth_call[0m
  Contract call:       <UnrecognizedContract>
  From:                0xf39fd6e51aad88f6f4ce6ab8827279cfffb92266
  To:                  0xac9fcba56e42d5960f813b9d0387f3d3bc003338

[32meth_chainId[0m
[32meth_call[0m
  Contract call:       <UnrecognizedContract>
  From:                0xf39fd6e51aad88f6f4ce6ab8827279cfffb92266
  To:                  0xac9fcba56e42d5960f813b9d0387f3d3bc003338

[32meth_call[0m
  Contract call:       <UnrecognizedContract>
  From:                0xf39fd6e51aad88f6f4ce6ab8827279cfffb92266
  To:                  0xac9fcba56e42d5960f813b9d0387f3d3bc003338

[32meth_chainId[0m
[32meth_call[0m
  Contract call:       <UnrecognizedContract>
  From:                0xf39fd6e51aad88f6f4ce6ab8827279cfffb92266
  To:                  0xac9fcba56e42d5960f813b9d0387f3d3bc003338

[32meth_chainId[0m
[32meth_call[0m
  Contract call:       <UnrecognizedContract>
  From:                0xf39fd6e51aad88f6f4ce6ab8827279cfffb92266
  To:                  0xac9fcba56e42d5960f813b9d0387f3d3bc003338

[32meth_chainId[0m
[32meth_call[0m
  Contract call:       <UnrecognizedContract>
  From:                0xf39fd6e51aad88f6f4ce6ab8827279cfffb92266
  To:                  0xac9fcba56e42d5960f813b9d0387f3d3bc003338

[32meth_call[0m
  Contract call:       <UnrecognizedContract>
  From:                0xf39fd6e51aad88f6f4ce6ab8827279cfffb92266
  To:                  0xac9fcba56e42d5960f813b9d0387f3d3bc003338

[32meth_chainId[0m
[32meth_call[0m
  Contract call:       <UnrecognizedContract>
  From:                0xf39fd6e51aad88f6f4ce6ab8827279cfffb92266
  To:                  0xac9fcba56e42d5960f813b9d0387f3d3bc003338

[32meth_chainId[0m
[32meth_call[0m
  Contract call:       <UnrecognizedContract>
  From:                0xf39fd6e51aad88f6f4ce6ab8827279cfffb92266
  To:                  0xac9fcba56e42d5960f813b9d0387f3d3bc003338

[32meth_chainId[0m
[32meth_call[0m
  Contract call:       <UnrecognizedContract>
  From:                0xf39fd6e51aad88f6f4ce6ab8827279cfffb92266
  To:                  0xac9fcba56e42d5960f813b9d0387f3d3bc003338

[32meth_call[0m
  Contract call:       <UnrecognizedContract>
  From:                0xf39fd6e51aad88f6f4ce6ab8827279cfffb92266
  To:                  0xac9fcba56e42d5960f813b9d0387f3d3bc003338

[32meth_chainId[0m
[32meth_call[0m
  Contract call:       <UnrecognizedContract>
  From:                0xf39fd6e51aad88f6f4ce6ab8827279cfffb92266
  To:                  0xac9fcba56e42d5960f813b9d0387f3d3bc003338

[32meth_chainId[0m
[32meth_call[0m
  Contract call:       <UnrecognizedContract>
  From:                0xf39fd6e51aad88f6f4ce6ab8827279cfffb92266
  To:                  0xac9fcba56e42d5960f813b9d0387f3d3bc003338

[32meth_chainId[0m
[32meth_call[0m
  Contract call:       <UnrecognizedContract>
  From:                0xf39fd6e51aad88f6f4ce6ab8827279cfffb92266
  To:                  0xac9fcba56e42d5960f813b9d0387f3d3bc003338

[32meth_call[0m
  Contract call:       <UnrecognizedContract>
  From:                0xf39fd6e51aad88f6f4ce6ab8827279cfffb92266
  To:                  0xac9fcba56e42d5960f813b9d0387f3d3bc003338

[32meth_chainId[0m
[32meth_call[0m
  Contract call:       <UnrecognizedContract>
  From:                0xf39fd6e51aad88f6f4ce6ab8827279cfffb92266
  To:                  0xac9fcba56e42d5960f813b9d0387f3d3bc003338

[32meth_chainId[0m
[32meth_call[0m
  Contract call:       <UnrecognizedContract>
  From:                0xf39fd6e51aad88f6f4ce6ab8827279cfffb92266
  To:                  0xac9fcba56e42d5960f813b9d0387f3d3bc003338

[32meth_chainId[0m
[32meth_call[0m
  Contract call:       <UnrecognizedContract>
  From:                0xf39fd6e51aad88f6f4ce6ab8827279cfffb92266
  To:                  0xac9fcba56e42d5960f813b9d0387f3d3bc003338

[32meth_call[0m
  Contract call:       <UnrecognizedContract>
  From:                0xf39fd6e51aad88f6f4ce6ab8827279cfffb92266
  To:                  0xac9fcba56e42d5960f813b9d0387f3d3bc003338

[32meth_chainId[0m
[32meth_call[0m
  Contract call:       <UnrecognizedContract>
  From:                0xf39fd6e51aad88f6f4ce6ab8827279cfffb92266
  To:                  0xac9fcba56e42d5960f813b9d0387f3d3bc003338

[32meth_chainId[0m
[32meth_call[0m
  Contract call:       <UnrecognizedContract>
  From:                0xf39fd6e51aad88f6f4ce6ab8827279cfffb92266
  To:                  0xac9fcba56e42d5960f813b9d0387f3d3bc003338

[32meth_chainId[0m
[32meth_call[0m
  Contract call:       <UnrecognizedContract>
  From:                0xf39fd6e51aad88f6f4ce6ab8827279cfffb92266
  To:                  0xac9fcba56e42d5960f813b9d0387f3d3bc003338

[32meth_call[0m
  Contract call:       <UnrecognizedContract>
  From:                0xf39fd6e51aad88f6f4ce6ab8827279cfffb92266
  To:                  0xac9fcba56e42d5960f813b9d0387f3d3bc003338

[32meth_chainId[0m
[32meth_call[0m
  Contract call:       <UnrecognizedContract>
  From:                0xf39fd6e51aad88f6f4ce6ab8827279cfffb92266
  To:                  0xac9fcba56e42d5960f813b9d0387f3d3bc003338

[32meth_chainId[0m
[32meth_call[0m
  Contract call:       <UnrecognizedContract>
  From:                0xf39fd6e51aad88f6f4ce6ab8827279cfffb92266
  To:                  0xac9fcba56e42d5960f813b9d0387f3d3bc003338

[32meth_chainId[0m
[32meth_call[0m
  Contract call:       <UnrecognizedContract>
  From:                0xf39fd6e51aad88f6f4ce6ab8827279cfffb92266
  To:                  0xac9fcba56e42d5960f813b9d0387f3d3bc003338

[32meth_call[0m
  Contract call:       <UnrecognizedContract>
  From:                0xf39fd6e51aad88f6f4ce6ab8827279cfffb92266
  To:                  0xac9fcba56e42d5960f813b9d0387f3d3bc003338

[32meth_chainId[0m
[32meth_call[0m
  Contract call:       <UnrecognizedContract>
  From:                0xf39fd6e51aad88f6f4ce6ab8827279cfffb92266
  To:                  0xac9fcba56e42d5960f813b9d0387f3d3bc003338

[32meth_chainId[0m
[32meth_call[0m
  Contract call:       <UnrecognizedContract>
  From:                0xf39fd6e51aad88f6f4ce6ab8827279cfffb92266
  To:                  0xac9fcba56e42d5960f813b9d0387f3d3bc003338

[32meth_chainId[0m
[32meth_call[0m
  Contract call:       <UnrecognizedContract>
  From:                0xf39fd6e51aad88f6f4ce6ab8827279cfffb92266
  To:                  0xac9fcba56e42d5960f813b9d0387f3d3bc003338

[32meth_call[0m
  Contract call:       <UnrecognizedContract>
  From:                0xf39fd6e51aad88f6f4ce6ab8827279cfffb92266
  To:                  0xac9fcba56e42d5960f813b9d0387f3d3bc003338

[32meth_chainId[0m
[32meth_call[0m
  Contract call:       <UnrecognizedContract>
  From:                0xf39fd6e51aad88f6f4ce6ab8827279cfffb92266
  To:                  0xac9fcba56e42d5960f813b9d0387f3d3bc003338

[32meth_chainId[0m
[32meth_call[0m
  Contract call:       <UnrecognizedContract>
  From:                0xf39fd6e51aad88f6f4ce6ab8827279cfffb92266
  To:                  0xac9fcba56e42d5960f813b9d0387f3d3bc003338

[32meth_chainId[0m
[32meth_call[0m
  Contract call:       <UnrecognizedContract>
  From:                0xf39fd6e51aad88f6f4ce6ab8827279cfffb92266
  To:                  0xac9fcba56e42d5960f813b9d0387f3d3bc003338

[32meth_call[0m
  Contract call:       <UnrecognizedContract>
  From:                0xf39fd6e51aad88f6f4ce6ab8827279cfffb92266
  To:                  0xac9fcba56e42d5960f813b9d0387f3d3bc003338

[32meth_chainId[0m
[32meth_call[0m
  Contract call:       <UnrecognizedContract>
  From:                0xf39fd6e51aad88f6f4ce6ab8827279cfffb92266
  To:                  0xac9fcba56e42d5960f813b9d0387f3d3bc003338

[32meth_chainId[0m
[32meth_call[0m
  Contract call:       <UnrecognizedContract>
  From:                0xf39fd6e51aad88f6f4ce6ab8827279cfffb92266
  To:                  0xac9fcba56e42d5960f813b9d0387f3d3bc003338

[32meth_chainId[0m
[32meth_call[0m
  Contract call:       <UnrecognizedContract>
  From:                0xf39fd6e51aad88f6f4ce6ab8827279cfffb92266
  To:                  0xac9fcba56e42d5960f813b9d0387f3d3bc003338

[32meth_call[0m
  Contract call:       <UnrecognizedContract>
  From:                0xf39fd6e51aad88f6f4ce6ab8827279cfffb92266
  To:                  0xac9fcba56e42d5960f813b9d0387f3d3bc003338

[32meth_chainId[0m
[32meth_call[0m
  Contract call:       <UnrecognizedContract>
  From:                0xf39fd6e51aad88f6f4ce6ab8827279cfffb92266
  To:                  0xac9fcba56e42d5960f813b9d0387f3d3bc003338

[32meth_chainId[0m
[32meth_call[0m
  Contract call:       <UnrecognizedContract>
  From:                0xf39fd6e51aad88f6f4ce6ab8827279cfffb92266
  To:                  0xac9fcba56e42d5960f813b9d0387f3d3bc003338

[32meth_chainId[0m
[32meth_call[0m
  Contract call:       <UnrecognizedContract>
  From:                0xf39fd6e51aad88f6f4ce6ab8827279cfffb92266
  To:                  0xac9fcba56e42d5960f813b9d0387f3d3bc003338

[32meth_call[0m
  Contract call:       <UnrecognizedContract>
  From:                0xf39fd6e51aad88f6f4ce6ab8827279cfffb92266
  To:                  0xac9fcba56e42d5960f813b9d0387f3d3bc003338

[32meth_chainId[0m
[32meth_call[0m
  Contract call:       <UnrecognizedContract>
  From:                0xf39fd6e51aad88f6f4ce6ab8827279cfffb92266
  To:                  0xac9fcba56e42d5960f813b9d0387f3d3bc003338

[32meth_chainId[0m
[32meth_call[0m
  Contract call:       <UnrecognizedContract>
  From:                0xf39fd6e51aad88f6f4ce6ab8827279cfffb92266
  To:                  0xac9fcba56e42d5960f813b9d0387f3d3bc003338

[32meth_chainId[0m
[32meth_call[0m
  Contract call:       <UnrecognizedContract>
  From:                0xf39fd6e51aad88f6f4ce6ab8827279cfffb92266
  To:                  0xac9fcba56e42d5960f813b9d0387f3d3bc003338

[32meth_call[0m
  Contract call:       <UnrecognizedContract>
  From:                0xf39fd6e51aad88f6f4ce6ab8827279cfffb92266
  To:                  0xac9fcba56e42d5960f813b9d0387f3d3bc003338

[32meth_chainId[0m
[32meth_call[0m
  Contract call:       <UnrecognizedContract>
  From:                0xf39fd6e51aad88f6f4ce6ab8827279cfffb92266
  To:                  0xac9fcba56e42d5960f813b9d0387f3d3bc003338

[32meth_chainId[0m
[32meth_call[0m
  Contract call:       <UnrecognizedContract>
  From:                0xf39fd6e51aad88f6f4ce6ab8827279cfffb92266
  To:                  0xac9fcba56e42d5960f813b9d0387f3d3bc003338

[32meth_chainId[0m
[32meth_call[0m
  Contract call:       <UnrecognizedContract>
  From:                0xf39fd6e51aad88f6f4ce6ab8827279cfffb92266
  To:                  0xac9fcba56e42d5960f813b9d0387f3d3bc003338

[32meth_call[0m
  Contract call:       <UnrecognizedContract>
  From:                0xf39fd6e51aad88f6f4ce6ab8827279cfffb92266
  To:                  0xac9fcba56e42d5960f813b9d0387f3d3bc003338

[32meth_chainId[0m
[32meth_call[0m
  Contract call:       <UnrecognizedContract>
  From:                0xf39fd6e51aad88f6f4ce6ab8827279cfffb92266
  To:                  0xac9fcba56e42d5960f813b9d0387f3d3bc003338

[32meth_chainId[0m
[32meth_call[0m
  Contract call:       <UnrecognizedContract>
  From:                0xf39fd6e51aad88f6f4ce6ab8827279cfffb92266
  To:                  0xac9fcba56e42d5960f813b9d0387f3d3bc003338

[32meth_chainId[0m
[32meth_call[0m
  Contract call:       <UnrecognizedContract>
  From:                0xf39fd6e51aad88f6f4ce6ab8827279cfffb92266
  To:                  0xac9fcba56e42d5960f813b9d0387f3d3bc003338

[32meth_call[0m
  Contract call:       <UnrecognizedContract>
  From:                0xf39fd6e51aad88f6f4ce6ab8827279cfffb92266
  To:                  0xac9fcba56e42d5960f813b9d0387f3d3bc003338

[32meth_call[0m
  Contract call:       <UnrecognizedContract>
  From:                0xf39fd6e51aad88f6f4ce6ab8827279cfffb92266
  To:                  0xac9fcba56e42d5960f813b9d0387f3d3bc003338

[32meth_chainId[0m
[32meth_call[0m
  Contract call:       <UnrecognizedContract>
  From:                0xf39fd6e51aad88f6f4ce6ab8827279cfffb92266
  To:                  0xac9fcba56e42d5960f813b9d0387f3d3bc003338

[32meth_chainId[0m
[32meth_call[0m
  Contract call:       <UnrecognizedContract>
  From:                0xf39fd6e51aad88f6f4ce6ab8827279cfffb92266
  To:                  0xac9fcba56e42d5960f813b9d0387f3d3bc003338

[32meth_call[0m
  Contract call:       <UnrecognizedContract>
  From:                0xf39fd6e51aad88f6f4ce6ab8827279cfffb92266
  To:                  0xac9fcba56e42d5960f813b9d0387f3d3bc003338

[32meth_call[0m
  Contract call:       <UnrecognizedContract>
  From:                0xf39fd6e51aad88f6f4ce6ab8827279cfffb92266
  To:                  0xac9fcba56e42d5960f813b9d0387f3d3bc003338

[32meth_chainId[0m
[32meth_call[0m
  Contract call:       <UnrecognizedContract>
  From:                0xf39fd6e51aad88f6f4ce6ab8827279cfffb92266
  To:                  0xac9fcba56e42d5960f813b9d0387f3d3bc003338

[32meth_chainId[0m
[32meth_call[0m
  Contract call:       <UnrecognizedContract>
  From:                0xf39fd6e51aad88f6f4ce6ab8827279cfffb92266
  To:                  0xac9fcba56e42d5960f813b9d0387f3d3bc003338

[32meth_chainId[0m
[32meth_call[0m
  Contract call:       <UnrecognizedContract>
  From:                0xf39fd6e51aad88f6f4ce6ab8827279cfffb92266
  To:                  0xac9fcba56e42d5960f813b9d0387f3d3bc003338

[32meth_chainId[0m
[32meth_call[0m
  Contract call:       <UnrecognizedContract>
  From:                0xf39fd6e51aad88f6f4ce6ab8827279cfffb92266
  To:                  0xac9fcba56e42d5960f813b9d0387f3d3bc003338

[32meth_chainId[0m
[32meth_call[0m
  Contract call:       <UnrecognizedContract>
  From:                0xf39fd6e51aad88f6f4ce6ab8827279cfffb92266
  To:                  0xac9fcba56e42d5960f813b9d0387f3d3bc003338

[32meth_call[0m
  Contract call:       <UnrecognizedContract>
  From:                0xf39fd6e51aad88f6f4ce6ab8827279cfffb92266
  To:                  0xac9fcba56e42d5960f813b9d0387f3d3bc003338

[32meth_chainId[0m
[32meth_call[0m
  Contract call:       <UnrecognizedContract>
  From:                0xf39fd6e51aad88f6f4ce6ab8827279cfffb92266
  To:                  0xac9fcba56e42d5960f813b9d0387f3d3bc003338

[32meth_chainId[0m
[32meth_call[0m
  Contract call:       <UnrecognizedContract>
  From:                0xf39fd6e51aad88f6f4ce6ab8827279cfffb92266
  To:                  0xac9fcba56e42d5960f813b9d0387f3d3bc003338

[32meth_chainId[0m
[32meth_call[0m
  Contract call:       <UnrecognizedContract>
  From:                0xf39fd6e51aad88f6f4ce6ab8827279cfffb92266
  To:                  0xac9fcba56e42d5960f813b9d0387f3d3bc003338

[32meth_call[0m
  Contract call:       <UnrecognizedContract>
  From:                0xf39fd6e51aad88f6f4ce6ab8827279cfffb92266
  To:                  0xac9fcba56e42d5960f813b9d0387f3d3bc003338

[32meth_call[0m
  Contract call:       <UnrecognizedContract>
  From:                0xf39fd6e51aad88f6f4ce6ab8827279cfffb92266
  To:                  0xac9fcba56e42d5960f813b9d0387f3d3bc003338

[32meth_chainId[0m
[32meth_call[0m
  Contract call:       <UnrecognizedContract>
  From:                0xf39fd6e51aad88f6f4ce6ab8827279cfffb92266
  To:                  0xac9fcba56e42d5960f813b9d0387f3d3bc003338

[32meth_chainId[0m
[32meth_call[0m
  Contract call:       <UnrecognizedContract>
  From:                0xf39fd6e51aad88f6f4ce6ab8827279cfffb92266
  To:                  0xac9fcba56e42d5960f813b9d0387f3d3bc003338

[32meth_call[0m
  Contract call:       <UnrecognizedContract>
  From:                0xf39fd6e51aad88f6f4ce6ab8827279cfffb92266
  To:                  0xac9fcba56e42d5960f813b9d0387f3d3bc003338

[32meth_chainId[0m
[32meth_call[0m
  Contract call:       <UnrecognizedContract>
  From:                0xf39fd6e51aad88f6f4ce6ab8827279cfffb92266
  To:                  0xac9fcba56e42d5960f813b9d0387f3d3bc003338

[32meth_chainId[0m
[32meth_call[0m
  Contract call:       <UnrecognizedContract>
  From:                0xf39fd6e51aad88f6f4ce6ab8827279cfffb92266
  To:                  0xac9fcba56e42d5960f813b9d0387f3d3bc003338

[32meth_chainId[0m
[32meth_call[0m
  Contract call:       <UnrecognizedContract>
  From:                0xf39fd6e51aad88f6f4ce6ab8827279cfffb92266
  To:                  0xac9fcba56e42d5960f813b9d0387f3d3bc003338

[32meth_chainId[0m
[32meth_call[0m
  Contract call:       <UnrecognizedContract>
  From:                0xf39fd6e51aad88f6f4ce6ab8827279cfffb92266
  To:                  0xac9fcba56e42d5960f813b9d0387f3d3bc003338

[32meth_chainId[0m
[32meth_call[0m
  Contract call:       <UnrecognizedContract>
  From:                0xf39fd6e51aad88f6f4ce6ab8827279cfffb92266
  To:                  0xac9fcba56e42d5960f813b9d0387f3d3bc003338

[32meth_call[0m
  Contract call:       <UnrecognizedContract>
  From:                0xf39fd6e51aad88f6f4ce6ab8827279cfffb92266
  To:                  0xac9fcba56e42d5960f813b9d0387f3d3bc003338

[32meth_chainId[0m
[32meth_call[0m
  Contract call:       <UnrecognizedContract>
  From:                0xf39fd6e51aad88f6f4ce6ab8827279cfffb92266
  To:                  0xac9fcba56e42d5960f813b9d0387f3d3bc003338

[32meth_chainId[0m
[32meth_call[0m
  Contract call:       <UnrecognizedContract>
  From:                0xf39fd6e51aad88f6f4ce6ab8827279cfffb92266
  To:                  0xac9fcba56e42d5960f813b9d0387f3d3bc003338

[32meth_chainId[0m
[32meth_call[0m
  Contract call:       <UnrecognizedContract>
  From:                0xf39fd6e51aad88f6f4ce6ab8827279cfffb92266
  To:                  0xac9fcba56e42d5960f813b9d0387f3d3bc003338

[32meth_call[0m
  Contract call:       <UnrecognizedContract>
  From:                0xf39fd6e51aad88f6f4ce6ab8827279cfffb92266
  To:                  0xac9fcba56e42d5960f813b9d0387f3d3bc003338

[32meth_chainId[0m
[32meth_call[0m
  Contract call:       <UnrecognizedContract>
  From:                0xf39fd6e51aad88f6f4ce6ab8827279cfffb92266
  To:                  0xac9fcba56e42d5960f813b9d0387f3d3bc003338

[32meth_call[0m
  Contract call:       <UnrecognizedContract>
  From:                0xf39fd6e51aad88f6f4ce6ab8827279cfffb92266
  To:                  0xac9fcba56e42d5960f813b9d0387f3d3bc003338

[32meth_chainId[0m
[32meth_call[0m
  Contract call:       <UnrecognizedContract>
  From:                0xf39fd6e51aad88f6f4ce6ab8827279cfffb92266
  To:                  0xac9fcba56e42d5960f813b9d0387f3d3bc003338

[32meth_chainId[0m
[32meth_call[0m
  Contract call:       <UnrecognizedContract>
  From:                0xf39fd6e51aad88f6f4ce6ab8827279cfffb92266
  To:                  0xac9fcba56e42d5960f813b9d0387f3d3bc003338

[32meth_chainId[0m
[32meth_call[0m
  Contract call:       <UnrecognizedContract>
  From:                0xf39fd6e51aad88f6f4ce6ab8827279cfffb92266
  To:                  0xac9fcba56e42d5960f813b9d0387f3d3bc003338

[32meth_call[0m
  Contract call:       <UnrecognizedContract>
  From:                0xf39fd6e51aad88f6f4ce6ab8827279cfffb92266
  To:                  0xac9fcba56e42d5960f813b9d0387f3d3bc003338

[32meth_chainId[0m
[32meth_call[0m
  Contract call:       <UnrecognizedContract>
  From:                0xf39fd6e51aad88f6f4ce6ab8827279cfffb92266
  To:                  0xac9fcba56e42d5960f813b9d0387f3d3bc003338

[32meth_chainId[0m
[32meth_call[0m
  Contract call:       <UnrecognizedContract>
  From:                0xf39fd6e51aad88f6f4ce6ab8827279cfffb92266
  To:                  0xac9fcba56e42d5960f813b9d0387f3d3bc003338

[32meth_chainId[0m
[32meth_call[0m
  Contract call:       <UnrecognizedContract>
  From:                0xf39fd6e51aad88f6f4ce6ab8827279cfffb92266
  To:                  0xac9fcba56e42d5960f813b9d0387f3d3bc003338

[32meth_call[0m
  Contract call:       <UnrecognizedContract>
  From:                0xf39fd6e51aad88f6f4ce6ab8827279cfffb92266
  To:                  0xac9fcba56e42d5960f813b9d0387f3d3bc003338

[32meth_chainId[0m
[32meth_call[0m
  Contract call:       <UnrecognizedContract>
  From:                0xf39fd6e51aad88f6f4ce6ab8827279cfffb92266
  To:                  0xac9fcba56e42d5960f813b9d0387f3d3bc003338

[32meth_chainId[0m
[32meth_call[0m
  Contract call:       <UnrecognizedContract>
  From:                0xf39fd6e51aad88f6f4ce6ab8827279cfffb92266
  To:                  0xac9fcba56e42d5960f813b9d0387f3d3bc003338

[32meth_chainId[0m
[32meth_call[0m
  Contract call:       <UnrecognizedContract>
  From:                0xf39fd6e51aad88f6f4ce6ab8827279cfffb92266
  To:                  0xac9fcba56e42d5960f813b9d0387f3d3bc003338

[32meth_call[0m
  Contract call:       <UnrecognizedContract>
  From:                0xf39fd6e51aad88f6f4ce6ab8827279cfffb92266
  To:                  0xac9fcba56e42d5960f813b9d0387f3d3bc003338

[32meth_chainId[0m
[32meth_call[0m
  Contract call:       <UnrecognizedContract>
  From:                0xf39fd6e51aad88f6f4ce6ab8827279cfffb92266
  To:                  0xac9fcba56e42d5960f813b9d0387f3d3bc003338

[32meth_chainId[0m
[32meth_call[0m
  Contract call:       <UnrecognizedContract>
  From:                0xf39fd6e51aad88f6f4ce6ab8827279cfffb92266
  To:                  0xac9fcba56e42d5960f813b9d0387f3d3bc003338

[32meth_chainId[0m
[32meth_call[0m
  Contract call:       <UnrecognizedContract>
  From:                0xf39fd6e51aad88f6f4ce6ab8827279cfffb92266
  To:                  0xac9fcba56e42d5960f813b9d0387f3d3bc003338

[32meth_call[0m
  Contract call:       <UnrecognizedContract>
  From:                0xf39fd6e51aad88f6f4ce6ab8827279cfffb92266
  To:                  0xac9fcba56e42d5960f813b9d0387f3d3bc003338

[32meth_chainId[0m
[32meth_call[0m
  Contract call:       <UnrecognizedContract>
  From:                0xf39fd6e51aad88f6f4ce6ab8827279cfffb92266
  To:                  0xac9fcba56e42d5960f813b9d0387f3d3bc003338

[32meth_chainId[0m
[32meth_call[0m
  Contract call:       <UnrecognizedContract>
  From:                0xf39fd6e51aad88f6f4ce6ab8827279cfffb92266
  To:                  0xac9fcba56e42d5960f813b9d0387f3d3bc003338

[32meth_chainId[0m
[32meth_call[0m
  Contract call:       <UnrecognizedContract>
  From:                0xf39fd6e51aad88f6f4ce6ab8827279cfffb92266
  To:                  0xac9fcba56e42d5960f813b9d0387f3d3bc003338

[32meth_call[0m
  Contract call:       <UnrecognizedContract>
  From:                0xf39fd6e51aad88f6f4ce6ab8827279cfffb92266
  To:                  0xac9fcba56e42d5960f813b9d0387f3d3bc003338

[32meth_chainId[0m
[32meth_call[0m
  Contract call:       <UnrecognizedContract>
  From:                0xf39fd6e51aad88f6f4ce6ab8827279cfffb92266
  To:                  0xac9fcba56e42d5960f813b9d0387f3d3bc003338

[32meth_chainId[0m
[32meth_call[0m
  Contract call:       <UnrecognizedContract>
  From:                0xf39fd6e51aad88f6f4ce6ab8827279cfffb92266
  To:                  0xac9fcba56e42d5960f813b9d0387f3d3bc003338

[32meth_chainId[0m
[32meth_call[0m
  Contract call:       <UnrecognizedContract>
  From:                0xf39fd6e51aad88f6f4ce6ab8827279cfffb92266
  To:                  0xac9fcba56e42d5960f813b9d0387f3d3bc003338

[32meth_call[0m
  Contract call:       <UnrecognizedContract>
  From:                0xf39fd6e51aad88f6f4ce6ab8827279cfffb92266
  To:                  0xac9fcba56e42d5960f813b9d0387f3d3bc003338

[32meth_chainId[0m
[32meth_call[0m
  Contract call:       <UnrecognizedContract>
  From:                0xf39fd6e51aad88f6f4ce6ab8827279cfffb92266
  To:                  0xac9fcba56e42d5960f813b9d0387f3d3bc003338

[32meth_chainId[0m
[32meth_call[0m
  Contract call:       <UnrecognizedContract>
  From:                0xf39fd6e51aad88f6f4ce6ab8827279cfffb92266
  To:                  0xac9fcba56e42d5960f813b9d0387f3d3bc003338

[32meth_chainId[0m
[32meth_call[0m
  Contract call:       <UnrecognizedContract>
  From:                0xf39fd6e51aad88f6f4ce6ab8827279cfffb92266
  To:                  0xac9fcba56e42d5960f813b9d0387f3d3bc003338

[32meth_call[0m
  Contract call:       <UnrecognizedContract>
  From:                0xf39fd6e51aad88f6f4ce6ab8827279cfffb92266
  To:                  0xac9fcba56e42d5960f813b9d0387f3d3bc003338

[32meth_chainId[0m
[32meth_call[0m
  Contract call:       <UnrecognizedContract>
  From:                0xf39fd6e51aad88f6f4ce6ab8827279cfffb92266
  To:                  0xac9fcba56e42d5960f813b9d0387f3d3bc003338

[32meth_chainId[0m
[32meth_call[0m
  Contract call:       <UnrecognizedContract>
  From:                0xf39fd6e51aad88f6f4ce6ab8827279cfffb92266
  To:                  0xac9fcba56e42d5960f813b9d0387f3d3bc003338

[32meth_chainId[0m
[32meth_call[0m
  Contract call:       <UnrecognizedContract>
  From:                0xf39fd6e51aad88f6f4ce6ab8827279cfffb92266
  To:                  0xac9fcba56e42d5960f813b9d0387f3d3bc003338

[32meth_call[0m
  Contract call:       <UnrecognizedContract>
  From:                0xf39fd6e51aad88f6f4ce6ab8827279cfffb92266
  To:                  0xac9fcba56e42d5960f813b9d0387f3d3bc003338

[32meth_chainId[0m
[32meth_call[0m
  Contract call:       <UnrecognizedContract>
  From:                0xf39fd6e51aad88f6f4ce6ab8827279cfffb92266
  To:                  0xac9fcba56e42d5960f813b9d0387f3d3bc003338

[32meth_chainId[0m
[32meth_call[0m
  Contract call:       <UnrecognizedContract>
  From:                0xf39fd6e51aad88f6f4ce6ab8827279cfffb92266
  To:                  0xac9fcba56e42d5960f813b9d0387f3d3bc003338

[32meth_chainId[0m
[32meth_call[0m
  Contract call:       <UnrecognizedContract>
  From:                0xf39fd6e51aad88f6f4ce6ab8827279cfffb92266
  To:                  0xac9fcba56e42d5960f813b9d0387f3d3bc003338

[32meth_call[0m
  Contract call:       <UnrecognizedContract>
  From:                0xf39fd6e51aad88f6f4ce6ab8827279cfffb92266
  To:                  0xac9fcba56e42d5960f813b9d0387f3d3bc003338

[32meth_chainId[0m
[32meth_call[0m
  Contract call:       <UnrecognizedContract>
  From:                0xf39fd6e51aad88f6f4ce6ab8827279cfffb92266
  To:                  0xac9fcba56e42d5960f813b9d0387f3d3bc003338

[32meth_chainId[0m
[32meth_call[0m
  Contract call:       <UnrecognizedContract>
  From:                0xf39fd6e51aad88f6f4ce6ab8827279cfffb92266
  To:                  0xac9fcba56e42d5960f813b9d0387f3d3bc003338

[32meth_chainId[0m
[32meth_call[0m
  Contract call:       <UnrecognizedContract>
  From:                0xf39fd6e51aad88f6f4ce6ab8827279cfffb92266
  To:                  0xac9fcba56e42d5960f813b9d0387f3d3bc003338

[32meth_call[0m
  Contract call:       <UnrecognizedContract>
  From:                0xf39fd6e51aad88f6f4ce6ab8827279cfffb92266
  To:                  0xac9fcba56e42d5960f813b9d0387f3d3bc003338

[32meth_chainId[0m
[32meth_call[0m
  Contract call:       <UnrecognizedContract>
  From:                0xf39fd6e51aad88f6f4ce6ab8827279cfffb92266
  To:                  0xac9fcba56e42d5960f813b9d0387f3d3bc003338

[32meth_chainId[0m
[32meth_call[0m
  Contract call:       <UnrecognizedContract>
  From:                0xf39fd6e51aad88f6f4ce6ab8827279cfffb92266
  To:                  0xac9fcba56e42d5960f813b9d0387f3d3bc003338

[32meth_chainId[0m
[32meth_call[0m
  Contract call:       <UnrecognizedContract>
  From:                0xf39fd6e51aad88f6f4ce6ab8827279cfffb92266
  To:                  0xac9fcba56e42d5960f813b9d0387f3d3bc003338

[32meth_call[0m
  Contract call:       <UnrecognizedContract>
  From:                0xf39fd6e51aad88f6f4ce6ab8827279cfffb92266
  To:                  0xac9fcba56e42d5960f813b9d0387f3d3bc003338

[32meth_chainId[0m
[32meth_call[0m
  Contract call:       <UnrecognizedContract>
  From:                0xf39fd6e51aad88f6f4ce6ab8827279cfffb92266
  To:                  0xac9fcba56e42d5960f813b9d0387f3d3bc003338

[32meth_chainId[0m
[32meth_call[0m
  Contract call:       <UnrecognizedContract>
  From:                0xf39fd6e51aad88f6f4ce6ab8827279cfffb92266
  To:                  0xac9fcba56e42d5960f813b9d0387f3d3bc003338

[32meth_chainId[0m
[32meth_call[0m
  Contract call:       <UnrecognizedContract>
  From:                0xf39fd6e51aad88f6f4ce6ab8827279cfffb92266
  To:                  0xac9fcba56e42d5960f813b9d0387f3d3bc003338

[32meth_call[0m
  Contract call:       <UnrecognizedContract>
  From:                0xf39fd6e51aad88f6f4ce6ab8827279cfffb92266
  To:                  0xac9fcba56e42d5960f813b9d0387f3d3bc003338

[32meth_chainId[0m
[32meth_call[0m
  Contract call:       <UnrecognizedContract>
  From:                0xf39fd6e51aad88f6f4ce6ab8827279cfffb92266
  To:                  0xac9fcba56e42d5960f813b9d0387f3d3bc003338

[32meth_chainId[0m
[32meth_call[0m
  Contract call:       <UnrecognizedContract>
  From:                0xf39fd6e51aad88f6f4ce6ab8827279cfffb92266
  To:                  0xac9fcba56e42d5960f813b9d0387f3d3bc003338

[32meth_chainId[0m
[32meth_call[0m
  Contract call:       <UnrecognizedContract>
  From:                0xf39fd6e51aad88f6f4ce6ab8827279cfffb92266
  To:                  0xac9fcba56e42d5960f813b9d0387f3d3bc003338

[32meth_call[0m
  Contract call:       <UnrecognizedContract>
  From:                0xf39fd6e51aad88f6f4ce6ab8827279cfffb92266
  To:                  0xac9fcba56e42d5960f813b9d0387f3d3bc003338

[32meth_chainId[0m
[32meth_call[0m
  Contract call:       <UnrecognizedContract>
  From:                0xf39fd6e51aad88f6f4ce6ab8827279cfffb92266
  To:                  0xac9fcba56e42d5960f813b9d0387f3d3bc003338

[32meth_chainId[0m
[32meth_call[0m
  Contract call:       <UnrecognizedContract>
  From:                0xf39fd6e51aad88f6f4ce6ab8827279cfffb92266
  To:                  0xac9fcba56e42d5960f813b9d0387f3d3bc003338

[32meth_chainId[0m
[32meth_call[0m
  Contract call:       <UnrecognizedContract>
  From:                0xf39fd6e51aad88f6f4ce6ab8827279cfffb92266
  To:                  0xac9fcba56e42d5960f813b9d0387f3d3bc003338

[32meth_call[0m
  Contract call:       <UnrecognizedContract>
  From:                0xf39fd6e51aad88f6f4ce6ab8827279cfffb92266
  To:                  0xac9fcba56e42d5960f813b9d0387f3d3bc003338

[32meth_chainId[0m
[32meth_call[0m
  Contract call:       <UnrecognizedContract>
  From:                0xf39fd6e51aad88f6f4ce6ab8827279cfffb92266
  To:                  0xac9fcba56e42d5960f813b9d0387f3d3bc003338

[32meth_chainId[0m
[32meth_call[0m
  Contract call:       <UnrecognizedContract>
  From:                0xf39fd6e51aad88f6f4ce6ab8827279cfffb92266
  To:                  0xac9fcba56e42d5960f813b9d0387f3d3bc003338

[32meth_chainId[0m
[32meth_call[0m
  Contract call:       <UnrecognizedContract>
  From:                0xf39fd6e51aad88f6f4ce6ab8827279cfffb92266
  To:                  0xac9fcba56e42d5960f813b9d0387f3d3bc003338

[32meth_call[0m
  Contract call:       <UnrecognizedContract>
  From:                0xf39fd6e51aad88f6f4ce6ab8827279cfffb92266
  To:                  0xac9fcba56e42d5960f813b9d0387f3d3bc003338

[32meth_chainId[0m
[32meth_call[0m
  Contract call:       <UnrecognizedContract>
  From:                0xf39fd6e51aad88f6f4ce6ab8827279cfffb92266
  To:                  0xac9fcba56e42d5960f813b9d0387f3d3bc003338

[32meth_chainId[0m
[32meth_call[0m
  Contract call:       <UnrecognizedContract>
  From:                0xf39fd6e51aad88f6f4ce6ab8827279cfffb92266
  To:                  0xac9fcba56e42d5960f813b9d0387f3d3bc003338

[32meth_chainId[0m
[32meth_call[0m
  Contract call:       <UnrecognizedContract>
  From:                0xf39fd6e51aad88f6f4ce6ab8827279cfffb92266
  To:                  0xac9fcba56e42d5960f813b9d0387f3d3bc003338

[32meth_call[0m
  Contract call:       <UnrecognizedContract>
  From:                0xf39fd6e51aad88f6f4ce6ab8827279cfffb92266
  To:                  0xac9fcba56e42d5960f813b9d0387f3d3bc003338

[32meth_chainId[0m
[32meth_call[0m
  Contract call:       <UnrecognizedContract>
  From:                0xf39fd6e51aad88f6f4ce6ab8827279cfffb92266
  To:                  0xac9fcba56e42d5960f813b9d0387f3d3bc003338

[32meth_chainId[0m
[32meth_call[0m
  Contract call:       <UnrecognizedContract>
  From:                0xf39fd6e51aad88f6f4ce6ab8827279cfffb92266
  To:                  0xac9fcba56e42d5960f813b9d0387f3d3bc003338

[32meth_chainId[0m
[32meth_call[0m
  Contract call:       <UnrecognizedContract>
  From:                0xf39fd6e51aad88f6f4ce6ab8827279cfffb92266
  To:                  0xac9fcba56e42d5960f813b9d0387f3d3bc003338

[32meth_call[0m
  Contract call:       <UnrecognizedContract>
  From:                0xf39fd6e51aad88f6f4ce6ab8827279cfffb92266
  To:                  0xac9fcba56e42d5960f813b9d0387f3d3bc003338

[32meth_chainId[0m
[32meth_call[0m
  Contract call:       <UnrecognizedContract>
  From:                0xf39fd6e51aad88f6f4ce6ab8827279cfffb92266
  To:                  0xac9fcba56e42d5960f813b9d0387f3d3bc003338

[32meth_chainId[0m
[32meth_call[0m
  Contract call:       <UnrecognizedContract>
  From:                0xf39fd6e51aad88f6f4ce6ab8827279cfffb92266
  To:                  0xac9fcba56e42d5960f813b9d0387f3d3bc003338

[32meth_chainId[0m
[32meth_call[0m
  Contract call:       <UnrecognizedContract>
  From:                0xf39fd6e51aad88f6f4ce6ab8827279cfffb92266
  To:                  0xac9fcba56e42d5960f813b9d0387f3d3bc003338

[32meth_call[0m
  Contract call:       <UnrecognizedContract>
  From:                0xf39fd6e51aad88f6f4ce6ab8827279cfffb92266
  To:                  0xac9fcba56e42d5960f813b9d0387f3d3bc003338

[32meth_chainId[0m
[32meth_call[0m
  Contract call:       <UnrecognizedContract>
  From:                0xf39fd6e51aad88f6f4ce6ab8827279cfffb92266
  To:                  0xac9fcba56e42d5960f813b9d0387f3d3bc003338

[32meth_chainId[0m
[32meth_call[0m
  Contract call:       <UnrecognizedContract>
  From:                0xf39fd6e51aad88f6f4ce6ab8827279cfffb92266
  To:                  0xac9fcba56e42d5960f813b9d0387f3d3bc003338

[32meth_chainId[0m
[32meth_call[0m
  Contract call:       <UnrecognizedContract>
  From:                0xf39fd6e51aad88f6f4ce6ab8827279cfffb92266
  To:                  0xac9fcba56e42d5960f813b9d0387f3d3bc003338

[32meth_call[0m
  Contract call:       <UnrecognizedContract>
  From:                0xf39fd6e51aad88f6f4ce6ab8827279cfffb92266
  To:                  0xac9fcba56e42d5960f813b9d0387f3d3bc003338

[32meth_chainId[0m
[32meth_call[0m
  Contract call:       <UnrecognizedContract>
  From:                0xf39fd6e51aad88f6f4ce6ab8827279cfffb92266
  To:                  0xac9fcba56e42d5960f813b9d0387f3d3bc003338

[32meth_chainId[0m
[32meth_call[0m
  Contract call:       <UnrecognizedContract>
  From:                0xf39fd6e51aad88f6f4ce6ab8827279cfffb92266
  To:                  0xac9fcba56e42d5960f813b9d0387f3d3bc003338

[32meth_chainId[0m
[32meth_call[0m
  Contract call:       <UnrecognizedContract>
  From:                0xf39fd6e51aad88f6f4ce6ab8827279cfffb92266
  To:                  0xac9fcba56e42d5960f813b9d0387f3d3bc003338

[32meth_call[0m
  Contract call:       <UnrecognizedContract>
  From:                0xf39fd6e51aad88f6f4ce6ab8827279cfffb92266
  To:                  0xac9fcba56e42d5960f813b9d0387f3d3bc003338

[32meth_chainId[0m
[32meth_call[0m
  Contract call:       <UnrecognizedContract>
  From:                0xf39fd6e51aad88f6f4ce6ab8827279cfffb92266
  To:                  0xac9fcba56e42d5960f813b9d0387f3d3bc003338

[32meth_chainId[0m
[32meth_call[0m
  Contract call:       <UnrecognizedContract>
  From:                0xf39fd6e51aad88f6f4ce6ab8827279cfffb92266
  To:                  0xac9fcba56e42d5960f813b9d0387f3d3bc003338

[32meth_chainId[0m
[32meth_call[0m
  Contract call:       <UnrecognizedContract>
  From:                0xf39fd6e51aad88f6f4ce6ab8827279cfffb92266
  To:                  0xac9fcba56e42d5960f813b9d0387f3d3bc003338

[32meth_call[0m
  Contract call:       <UnrecognizedContract>
  From:                0xf39fd6e51aad88f6f4ce6ab8827279cfffb92266
  To:                  0xac9fcba56e42d5960f813b9d0387f3d3bc003338

[32meth_chainId[0m
[32meth_call[0m
  Contract call:       <UnrecognizedContract>
  From:                0xf39fd6e51aad88f6f4ce6ab8827279cfffb92266
  To:                  0xac9fcba56e42d5960f813b9d0387f3d3bc003338

[32meth_chainId[0m
[32meth_call[0m
  Contract call:       <UnrecognizedContract>
  From:                0xf39fd6e51aad88f6f4ce6ab8827279cfffb92266
  To:                  0xac9fcba56e42d5960f813b9d0387f3d3bc003338

[32meth_chainId[0m
[32meth_call[0m
  Contract call:       <UnrecognizedContract>
  From:                0xf39fd6e51aad88f6f4ce6ab8827279cfffb92266
  To:                  0xac9fcba56e42d5960f813b9d0387f3d3bc003338

[32meth_call[0m
  Contract call:       <UnrecognizedContract>
  From:                0xf39fd6e51aad88f6f4ce6ab8827279cfffb92266
  To:                  0xac9fcba56e42d5960f813b9d0387f3d3bc003338

[32meth_chainId[0m
[32meth_call[0m
  Contract call:       <UnrecognizedContract>
  From:                0xf39fd6e51aad88f6f4ce6ab8827279cfffb92266
  To:                  0xac9fcba56e42d5960f813b9d0387f3d3bc003338

[32meth_chainId[0m
[32meth_call[0m
  Contract call:       <UnrecognizedContract>
  From:                0xf39fd6e51aad88f6f4ce6ab8827279cfffb92266
  To:                  0xac9fcba56e42d5960f813b9d0387f3d3bc003338

[32meth_chainId[0m
[32meth_call[0m
  Contract call:       <UnrecognizedContract>
  From:                0xf39fd6e51aad88f6f4ce6ab8827279cfffb92266
  To:                  0xac9fcba56e42d5960f813b9d0387f3d3bc003338

[32meth_call[0m
  Contract call:       <UnrecognizedContract>
  From:                0xf39fd6e51aad88f6f4ce6ab8827279cfffb92266
  To:                  0xac9fcba56e42d5960f813b9d0387f3d3bc003338

[32meth_chainId[0m
[32meth_call[0m
  Contract call:       <UnrecognizedContract>
  From:                0xf39fd6e51aad88f6f4ce6ab8827279cfffb92266
  To:                  0xac9fcba56e42d5960f813b9d0387f3d3bc003338

[32meth_chainId[0m
[32meth_call[0m
  Contract call:       <UnrecognizedContract>
  From:                0xf39fd6e51aad88f6f4ce6ab8827279cfffb92266
  To:                  0xac9fcba56e42d5960f813b9d0387f3d3bc003338

[32meth_chainId[0m
[32meth_call[0m
  Contract call:       <UnrecognizedContract>
  From:                0xf39fd6e51aad88f6f4ce6ab8827279cfffb92266
  To:                  0xac9fcba56e42d5960f813b9d0387f3d3bc003338

[32meth_call[0m
  Contract call:       <UnrecognizedContract>
  From:                0xf39fd6e51aad88f6f4ce6ab8827279cfffb92266
  To:                  0xac9fcba56e42d5960f813b9d0387f3d3bc003338

[32meth_chainId[0m
[32meth_call[0m
  Contract call:       <UnrecognizedContract>
  From:                0xf39fd6e51aad88f6f4ce6ab8827279cfffb92266
  To:                  0xac9fcba56e42d5960f813b9d0387f3d3bc003338

[32meth_chainId[0m
[32meth_call[0m
  Contract call:       <UnrecognizedContract>
  From:                0xf39fd6e51aad88f6f4ce6ab8827279cfffb92266
  To:                  0xac9fcba56e42d5960f813b9d0387f3d3bc003338

[32meth_chainId[0m
[32meth_call[0m
  Contract call:       <UnrecognizedContract>
  From:                0xf39fd6e51aad88f6f4ce6ab8827279cfffb92266
  To:                  0xac9fcba56e42d5960f813b9d0387f3d3bc003338

[32meth_call[0m
  Contract call:       <UnrecognizedContract>
  From:                0xf39fd6e51aad88f6f4ce6ab8827279cfffb92266
  To:                  0xac9fcba56e42d5960f813b9d0387f3d3bc003338

[32meth_chainId[0m
[32meth_call[0m
  Contract call:       <UnrecognizedContract>
  From:                0xf39fd6e51aad88f6f4ce6ab8827279cfffb92266
  To:                  0xac9fcba56e42d5960f813b9d0387f3d3bc003338

[32meth_chainId[0m
[32meth_call[0m
  Contract call:       <UnrecognizedContract>
  From:                0xf39fd6e51aad88f6f4ce6ab8827279cfffb92266
  To:                  0xac9fcba56e42d5960f813b9d0387f3d3bc003338

[32meth_chainId[0m
[32meth_call[0m
  Contract call:       <UnrecognizedContract>
  From:                0xf39fd6e51aad88f6f4ce6ab8827279cfffb92266
  To:                  0xac9fcba56e42d5960f813b9d0387f3d3bc003338

[32meth_call[0m
  Contract call:       <UnrecognizedContract>
  From:                0xf39fd6e51aad88f6f4ce6ab8827279cfffb92266
  To:                  0xac9fcba56e42d5960f813b9d0387f3d3bc003338

[32meth_chainId[0m
[32meth_call[0m
  Contract call:       <UnrecognizedContract>
  From:                0xf39fd6e51aad88f6f4ce6ab8827279cfffb92266
  To:                  0xac9fcba56e42d5960f813b9d0387f3d3bc003338

[32meth_chainId[0m
[32meth_call[0m
  Contract call:       <UnrecognizedContract>
  From:                0xf39fd6e51aad88f6f4ce6ab8827279cfffb92266
  To:                  0xac9fcba56e42d5960f813b9d0387f3d3bc003338

[32meth_chainId[0m
[32meth_call[0m
  Contract call:       <UnrecognizedContract>
  From:                0xf39fd6e51aad88f6f4ce6ab8827279cfffb92266
  To:                  0xac9fcba56e42d5960f813b9d0387f3d3bc003338

[32meth_call[0m
  Contract call:       <UnrecognizedContract>
  From:                0xf39fd6e51aad88f6f4ce6ab8827279cfffb92266
  To:                  0xac9fcba56e42d5960f813b9d0387f3d3bc003338

[32meth_call[0m
  Contract call:       <UnrecognizedContract>
  From:                0xf39fd6e51aad88f6f4ce6ab8827279cfffb92266
  To:                  0xac9fcba56e42d5960f813b9d0387f3d3bc003338

[32meth_chainId[0m
[32meth_call[0m
  Contract call:       <UnrecognizedContract>
  From:                0xf39fd6e51aad88f6f4ce6ab8827279cfffb92266
  To:                  0xac9fcba56e42d5960f813b9d0387f3d3bc003338

[32meth_chainId[0m
[32meth_call[0m
  Contract call:       <UnrecognizedContract>
  From:                0xf39fd6e51aad88f6f4ce6ab8827279cfffb92266
  To:                  0xac9fcba56e42d5960f813b9d0387f3d3bc003338

[32meth_call[0m
  Contract call:       <UnrecognizedContract>
  From:                0xf39fd6e51aad88f6f4ce6ab8827279cfffb92266
  To:                  0xac9fcba56e42d5960f813b9d0387f3d3bc003338

[32meth_chainId[0m
[32meth_call[0m
  Contract call:       <UnrecognizedContract>
  From:                0xf39fd6e51aad88f6f4ce6ab8827279cfffb92266
  To:                  0xac9fcba56e42d5960f813b9d0387f3d3bc003338

[32meth_chainId[0m
[32meth_call[0m
  Contract call:       <UnrecognizedContract>
  From:                0xf39fd6e51aad88f6f4ce6ab8827279cfffb92266
  To:                  0xac9fcba56e42d5960f813b9d0387f3d3bc003338

