
  [32m[1mVITE[22m v8.3.0[39m  [2mready in [0m[1m3023[22m[2m[0m ms[22m

  [32m➜[39m  [1mLocal[22m:   [36mhttp://127.0.0.1:[1m5173[22m/[39m
[2m9:49:32 am[22m [31m[1m[vite][22m[39m [31mhttp proxy error: /api/health[39m
AggregateError [ECONNREFUSED]: 
    at internalConnectMultiple (node:net:1139:18)
    at afterConnectMultiple (node:net:1712:7)
[2m9:49:32 am[22m [31m[1m[vite][22m[39m [31mhttp proxy error: /api/claims[39m
AggregateError [ECONNREFUSED]: 
    at internalConnectMultiple (node:net:1139:18)
    at afterConnectMultiple (node:net:1712:7)
[2m9:49:32 am[22m [31m[1m[vite][22m[39m [31mhttp proxy error: /api/fraud-memory[39m
AggregateError [ECONNREFUSED]: 
    at internalConnectMultiple (node:net:1139:18)
    at afterConnectMultiple (node:net:1712:7)
[2m9:49:32 am[22m [31m[1m[vite][22m[39m [31mhttp proxy error: /api/stats[39m
AggregateError [ECONNREFUSED]: 
    at internalConnectMultiple (node:net:1139:18)
    at afterConnectMultiple (node:net:1712:7)
[2m9:49:33 am[22m [31m[1m[vite][22m[39m [31mhttp proxy error: /api/health[39m
AggregateError [ECONNREFUSED]: 
    at internalConnectMultiple (node:net:1139:18)
    at afterConnectMultiple (node:net:1712:7)
[2m9:49:33 am[22m [31m[1m[vite][22m[39m [31mhttp proxy error: /api/claims[39m
AggregateError [ECONNREFUSED]: 
    at internalConnectMultiple (node:net:1139:18)
    at afterConnectMultiple (node:net:1712:7)
[2m9:49:33 am[22m [31m[1m[vite][22m[39m [31mhttp proxy error: /api/fraud-memory[39m
AggregateError [ECONNREFUSED]: 
    at internalConnectMultiple (node:net:1139:18)
    at afterConnectMultiple (node:net:1712:7)
[2m9:49:33 am[22m [31m[1m[vite][22m[39m [31mhttp proxy error: /api/stats[39m
AggregateError [ECONNREFUSED]: 
    at internalConnectMultiple (node:net:1139:18)
    at afterConnectMultiple (node:net:1712:7)
[2m9:49:37 am[22m [31m[1m[vite][22m[39m [31mhttp proxy error: /api/claims[39m
AggregateError [ECONNREFUSED]: 
    at internalConnectMultiple (node:net:1139:18)
    at afterConnectMultiple (node:net:1712:7)
[2m9:49:38 am[22m [31m[1m[vite][22m[39m [31mhttp proxy error: /api/health[39m
AggregateError [ECONNREFUSED]: 
    at internalConnectMultiple (node:net:1139:18)
    at afterConnectMultiple (node:net:1712:7)
[2m9:49:38 am[22m [31m[1m[vite][22m[39m [31mhttp proxy error: /api/stats[39m
AggregateError [ECONNREFUSED]: 
    at internalConnectMultiple (node:net:1139:18)
    at afterConnectMultiple (node:net:1712:7)
[2m9:49:38 am[22m [31m[1m[vite][22m[39m [31mhttp proxy error: /api/claims[39m
AggregateError [ECONNREFUSED]: 
    at internalConnectMultiple (node:net:1139:18)
    at afterConnectMultiple (node:net:1712:7)
[2m9:49:39 am[22m [31m[1m[vite][22m[39m [31mhttp proxy error: /api/health[39m
AggregateError [ECONNREFUSED]: 
    at internalConnectMultiple (node:net:1139:18)
    at afterConnectMultiple (node:net:1712:7)
[2m9:49:39 am[22m [31m[1m[vite][22m[39m [31mhttp proxy error: /api/stats[39m
AggregateError [ECONNREFUSED]: 
    at internalConnectMultiple (node:net:1139:18)
    at afterConnectMultiple (node:net:1712:7)
[2m9:49:42 am[22m [31m[1m[vite][22m[39m [31mhttp proxy error: /api/claims[39m
AggregateError [ECONNREFUSED]: 
    at internalConnectMultiple (node:net:1139:18)
    at afterConnectMultiple (node:net:1712:7)
[2m9:49:43 am[22m [31m[1m[vite][22m[39m [31mhttp proxy error: /api/fraud-memory[39m
AggregateError [ECONNREFUSED]: 
    at internalConnectMultiple (node:net:1139:18)
    at afterConnectMultiple (node:net:1712:7)
[2m9:49:43 am[22m [31m[1m[vite][22m[39m [31mhttp proxy error: /api/claims[39m
AggregateError [ECONNREFUSED]: 
    at internalConnectMultiple (node:net:1139:18)
    at afterConnectMultiple (node:net:1712:7)
[2m9:49:44 am[22m [31m[1m[vite][22m[39m [31mhttp proxy error: /api/fraud-memory[39m
AggregateError [ECONNREFUSED]: 
    at internalConnectMultiple (node:net:1139:18)
    at afterConnectMultiple (node:net:1712:7)
[2m9:49:44 am[22m [31m[1m[vite][22m[39m [31mhttp proxy error: /api/health[39m
AggregateError [ECONNREFUSED]: 
    at internalConnectMultiple (node:net:1139:18)
    at afterConnectMultiple (node:net:1712:7)
[2m9:49:44 am[22m [31m[1m[vite][22m[39m [31mhttp proxy error: /api/stats[39m
AggregateError [ECONNREFUSED]: 
    at internalConnectMultiple (node:net:1139:18)
    at afterConnectMultiple (node:net:1712:7)
[2m9:49:45 am[22m [31m[1m[vite][22m[39m [31mhttp proxy error: /api/health[39m
AggregateError [ECONNREFUSED]: 
    at internalConnectMultiple (node:net:1139:18)
    at afterConnectMultiple (node:net:1712:7)
[2m9:49:45 am[22m [31m[1m[vite][22m[39m [31mhttp proxy error: /api/stats[39m
AggregateError [ECONNREFUSED]: 
    at internalConnectMultiple (node:net:1139:18)
    at afterConnectMultiple (node:net:1712:7)
[2m9:49:47 am[22m [31m[1m[vite][22m[39m [31mhttp proxy error: /api/claims[39m
AggregateError [ECONNREFUSED]: 
    at internalConnectMultiple (node:net:1139:18)
    at afterConnectMultiple (node:net:1712:7)
[2m9:49:48 am[22m [31m[1m[vite][22m[39m [31mhttp proxy error: /api/claims[39m
AggregateError [ECONNREFUSED]: 
    at internalConnectMultiple (node:net:1139:18)
    at afterConnectMultiple (node:net:1712:7)
[2m9:49:50 am[22m [31m[1m[vite][22m[39m [31mhttp proxy error: /api/health[39m
AggregateError [ECONNREFUSED]: 
    at internalConnectMultiple (node:net:1139:18)
    at afterConnectMultiple (node:net:1712:7)
[2m9:49:50 am[22m [31m[1m[vite][22m[39m [31mhttp proxy error: /api/stats[39m
AggregateError [ECONNREFUSED]: 
    at internalConnectMultiple (node:net:1139:18)
    at afterConnectMultiple (node:net:1712:7)
[2m9:49:51 am[22m [31m[1m[vite][22m[39m [31mhttp proxy error: /api/health[39m
AggregateError [ECONNREFUSED]: 
    at internalConnectMultiple (node:net:1139:18)
    at afterConnectMultiple (node:net:1712:7)
[2m9:49:51 am[22m [31m[1m[vite][22m[39m [31mhttp proxy error: /api/stats[39m
AggregateError [ECONNREFUSED]: 
    at internalConnectMultiple (node:net:1139:18)
    at afterConnectMultiple (node:net:1712:7)
[2m9:49:52 am[22m [31m[1m[vite][22m[39m [31mhttp proxy error: /api/claims[39m
AggregateError [ECONNREFUSED]: 
    at internalConnectMultiple (node:net:1139:18)
    at afterConnectMultiple (node:net:1712:7)
[2m9:49:53 am[22m [31m[1m[vite][22m[39m [31mhttp proxy error: /api/claims[39m
AggregateError [ECONNREFUSED]: 
    at internalConnectMultiple (node:net:1139:18)
    at afterConnectMultiple (node:net:1712:7)
[2m9:49:54 am[22m [31m[1m[vite][22m[39m [31mhttp proxy error: /api/fraud-memory[39m
AggregateError [ECONNREFUSED]: 
    at internalConnectMultiple (node:net:1139:18)
    at afterConnectMultiple (node:net:1712:7)
[2m9:49:55 am[22m [31m[1m[vite][22m[39m [31mhttp proxy error: /api/fraud-memory[39m
AggregateError [ECONNREFUSED]: 
    at internalConnectMultiple (node:net:1139:18)
    at afterConnectMultiple (node:net:1712:7)
[2m9:49:56 am[22m [31m[1m[vite][22m[39m [31mhttp proxy error: /api/health[39m
AggregateError [ECONNREFUSED]: 
    at internalConnectMultiple (node:net:1139:18)
    at afterConnectMultiple (node:net:1712:7)
[2m9:49:56 am[22m [31m[1m[vite][22m[39m [31mhttp proxy error: /api/stats[39m
AggregateError [ECONNREFUSED]: 
    at internalConnectMultiple (node:net:1139:18)
    at afterConnectMultiple (node:net:1712:7)
[2m9:49:57 am[22m [31m[1m[vite][22m[39m [31mhttp proxy error: /api/claims[39m
AggregateError [ECONNREFUSED]: 
    at internalConnectMultiple (node:net:1139:18)
    at afterConnectMultiple (node:net:1712:7)
[2m9:49:57 am[22m [31m[1m[vite][22m[39m [31mhttp proxy error: /api/health[39m
AggregateError [ECONNREFUSED]: 
    at internalConnectMultiple (node:net:1139:18)
    at afterConnectMultiple (node:net:1712:7)
[2m9:49:57 am[22m [31m[1m[vite][22m[39m [31mhttp proxy error: /api/stats[39m
AggregateError [ECONNREFUSED]: 
    at internalConnectMultiple (node:net:1139:18)
    at afterConnectMultiple (node:net:1712:7)
[2m9:49:58 am[22m [31m[1m[vite][22m[39m [31mhttp proxy error: /api/claims[39m
AggregateError [ECONNREFUSED]: 
    at internalConnectMultiple (node:net:1139:18)
    at afterConnectMultiple (node:net:1712:7)
[2m9:50:02 am[22m [31m[1m[vite][22m[39m [31mhttp proxy error: /api/claims[39m
AggregateError [ECONNREFUSED]: 
    at internalConnectMultiple (node:net:1139:18)
    at afterConnectMultiple (node:net:1712:7)
[2m9:50:02 am[22m [31m[1m[vite][22m[39m [31mhttp proxy error: /api/health[39m
AggregateError [ECONNREFUSED]: 
    at internalConnectMultiple (node:net:1139:18)
    at afterConnectMultiple (node:net:1712:7)
[2m9:50:02 am[22m [31m[1m[vite][22m[39m [31mhttp proxy error: /api/stats[39m
AggregateError [ECONNREFUSED]: 
    at internalConnectMultiple (node:net:1139:18)
    at afterConnectMultiple (node:net:1712:7)
[2m9:50:03 am[22m [31m[1m[vite][22m[39m [31mhttp proxy error: /api/claims[39m
AggregateError [ECONNREFUSED]: 
    at internalConnectMultiple (node:net:1139:18)
    at afterConnectMultiple (node:net:1712:7)
[2m9:50:03 am[22m [31m[1m[vite][22m[39m [31mhttp proxy error: /api/health[39m
AggregateError [ECONNREFUSED]: 
    at internalConnectMultiple (node:net:1139:18)
    at afterConnectMultiple (node:net:1712:7)
[2m9:50:03 am[22m [31m[1m[vite][22m[39m [31mhttp proxy error: /api/stats[39m
AggregateError [ECONNREFUSED]: 
    at internalConnectMultiple (node:net:1139:18)
    at afterConnectMultiple (node:net:1712:7)
[2m9:50:05 am[22m [31m[1m[vite][22m[39m [31mhttp proxy error: /api/fraud-memory[39m
AggregateError [ECONNREFUSED]: 
    at internalConnectMultiple (node:net:1139:18)
    at afterConnectMultiple (node:net:1712:7)
[2m9:50:06 am[22m [31m[1m[vite][22m[39m [31mhttp proxy error: /api/fraud-memory[39m
AggregateError [ECONNREFUSED]: 
    at internalConnectMultiple (node:net:1139:18)
    at afterConnectMultiple (node:net:1712:7)
[2m9:50:07 am[22m [31m[1m[vite][22m[39m [31mhttp proxy error: /api/claims[39m
AggregateError [ECONNREFUSED]: 
    at internalConnectMultiple (node:net:1139:18)
    at afterConnectMultiple (node:net:1712:7)
[2m9:50:08 am[22m [31m[1m[vite][22m[39m [31mhttp proxy error: /api/health[39m
AggregateError [ECONNREFUSED]: 
    at internalConnectMultiple (node:net:1139:18)
    at afterConnectMultiple (node:net:1712:7)
[2m9:50:08 am[22m [31m[1m[vite][22m[39m [31mhttp proxy error: /api/stats[39m
AggregateError [ECONNREFUSED]: 
    at internalConnectMultiple (node:net:1139:18)
    at afterConnectMultiple (node:net:1712:7)
[2m9:50:08 am[22m [31m[1m[vite][22m[39m [31mhttp proxy error: /api/claims[39m
AggregateError [ECONNREFUSED]: 
    at internalConnectMultiple (node:net:1139:18)
    at afterConnectMultiple (node:net:1712:7)
[2m9:50:09 am[22m [31m[1m[vite][22m[39m [31mhttp proxy error: /api/health[39m
AggregateError [ECONNREFUSED]: 
    at internalConnectMultiple (node:net:1139:18)
    at afterConnectMultiple (node:net:1712:7)
[2m9:50:09 am[22m [31m[1m[vite][22m[39m [31mhttp proxy error: /api/stats[39m
AggregateError [ECONNREFUSED]: 
    at internalConnectMultiple (node:net:1139:18)
    at afterConnectMultiple (node:net:1712:7)
[2m9:50:12 am[22m [31m[1m[vite][22m[39m [31mhttp proxy error: /api/claims[39m
AggregateError [ECONNREFUSED]: 
    at internalConnectMultiple (node:net:1139:18)
    at afterConnectMultiple (node:net:1712:7)
[2m9:50:13 am[22m [31m[1m[vite][22m[39m [31mhttp proxy error: /api/claims[39m
AggregateError [ECONNREFUSED]: 
    at internalConnectMultiple (node:net:1139:18)
    at afterConnectMultiple (node:net:1712:7)
[2m9:50:14 am[22m [31m[1m[vite][22m[39m [31mhttp proxy error: /api/health[39m
AggregateError [ECONNREFUSED]: 
    at internalConnectMultiple (node:net:1139:18)
    at afterConnectMultiple (node:net:1712:7)
[2m9:50:14 am[22m [31m[1m[vite][22m[39m [31mhttp proxy error: /api/stats[39m
AggregateError [ECONNREFUSED]: 
    at internalConnectMultiple (node:net:1139:18)
    at afterConnectMultiple (node:net:1712:7)
[2m9:50:15 am[22m [31m[1m[vite][22m[39m [31mhttp proxy error: /api/health[39m
AggregateError [ECONNREFUSED]: 
    at internalConnectMultiple (node:net:1139:18)
    at afterConnectMultiple (node:net:1712:7)
[2m9:50:15 am[22m [31m[1m[vite][22m[39m [31mhttp proxy error: /api/stats[39m
AggregateError [ECONNREFUSED]: 
    at internalConnectMultiple (node:net:1139:18)
    at afterConnectMultiple (node:net:1712:7)
[2m9:50:16 am[22m [31m[1m[vite][22m[39m [31mhttp proxy error: /api/fraud-memory[39m
AggregateError [ECONNREFUSED]: 
    at internalConnectMultiple (node:net:1139:18)
    at afterConnectMultiple (node:net:1712:7)
[2m9:50:17 am[22m [31m[1m[vite][22m[39m [31mhttp proxy error: /api/fraud-memory[39m
AggregateError [ECONNREFUSED]: 
    at internalConnectMultiple (node:net:1139:18)
    at afterConnectMultiple (node:net:1712:7)
[2m9:50:17 am[22m [31m[1m[vite][22m[39m [31mhttp proxy error: /api/claims[39m
AggregateError [ECONNREFUSED]: 
    at internalConnectMultiple (node:net:1139:18)
    at afterConnectMultiple (node:net:1712:7)
[2m9:50:18 am[22m [31m[1m[vite][22m[39m [31mhttp proxy error: /api/claims[39m
AggregateError [ECONNREFUSED]: 
    at internalConnectMultiple (node:net:1139:18)
    at afterConnectMultiple (node:net:1712:7)
[2m9:50:20 am[22m [31m[1m[vite][22m[39m [31mhttp proxy error: /api/health[39m
AggregateError [ECONNREFUSED]: 
    at internalConnectMultiple (node:net:1139:18)
    at afterConnectMultiple (node:net:1712:7)
[2m9:50:20 am[22m [31m[1m[vite][22m[39m [31mhttp proxy error: /api/stats[39m
AggregateError [ECONNREFUSED]: 
    at internalConnectMultiple (node:net:1139:18)
    at afterConnectMultiple (node:net:1712:7)
[2m9:50:21 am[22m [31m[1m[vite][22m[39m [31mhttp proxy error: /api/health[39m
AggregateError [ECONNREFUSED]: 
    at internalConnectMultiple (node:net:1139:18)
    at afterConnectMultiple (node:net:1712:7)
[2m9:50:21 am[22m [31m[1m[vite][22m[39m [31mhttp proxy error: /api/stats[39m
AggregateError [ECONNREFUSED]: 
    at internalConnectMultiple (node:net:1139:18)
    at afterConnectMultiple (node:net:1712:7)
[2m9:50:22 am[22m [31m[1m[vite][22m[39m [31mhttp proxy error: /api/claims[39m
AggregateError [ECONNREFUSED]: 
    at internalConnectMultiple (node:net:1139:18)
    at afterConnectMultiple (node:net:1712:7)
[2m9:50:23 am[22m [31m[1m[vite][22m[39m [31mhttp proxy error: /api/claims[39m
AggregateError [ECONNREFUSED]: 
    at internalConnectMultiple (node:net:1139:18)
    at afterConnectMultiple (node:net:1712:7)
[2m9:50:26 am[22m [31m[1m[vite][22m[39m [31mhttp proxy error: /api/health[39m
AggregateError [ECONNREFUSED]: 
    at internalConnectMultiple (node:net:1139:18)
    at afterConnectMultiple (node:net:1712:7)
[2m9:50:26 am[22m [31m[1m[vite][22m[39m [31mhttp proxy error: /api/stats[39m
AggregateError [ECONNREFUSED]: 
    at internalConnectMultiple (node:net:1139:18)
    at afterConnectMultiple (node:net:1712:7)
[2m9:50:27 am[22m [31m[1m[vite][22m[39m [31mhttp proxy error: /api/fraud-memory[39m
AggregateError [ECONNREFUSED]: 
    at internalConnectMultiple (node:net:1139:18)
    at afterConnectMultiple (node:net:1712:7)
[2m9:50:27 am[22m [31m[1m[vite][22m[39m [31mhttp proxy error: /api/health[39m
AggregateError [ECONNREFUSED]: 
    at internalConnectMultiple (node:net:1139:18)
    at afterConnectMultiple (node:net:1712:7)
[2m9:50:27 am[22m [31m[1m[vite][22m[39m [31mhttp proxy error: /api/stats[39m
AggregateError [ECONNREFUSED]: 
    at internalConnectMultiple (node:net:1139:18)
    at afterConnectMultiple (node:net:1712:7)
[2m9:50:27 am[22m [31m[1m[vite][22m[39m [31mhttp proxy error: /api/claims[39m
AggregateError [ECONNREFUSED]: 
    at internalConnectMultiple (node:net:1139:18)
    at afterConnectMultiple (node:net:1712:7)
[2m9:50:28 am[22m [31m[1m[vite][22m[39m [31mhttp proxy error: /api/fraud-memory[39m
AggregateError [ECONNREFUSED]: 
    at internalConnectMultiple (node:net:1139:18)
    at afterConnectMultiple (node:net:1712:7)
[2m9:50:28 am[22m [31m[1m[vite][22m[39m [31mhttp proxy error: /api/claims[39m
AggregateError [ECONNREFUSED]: 
    at internalConnectMultiple (node:net:1139:18)
    at afterConnectMultiple (node:net:1712:7)
[2m9:50:32 am[22m [31m[1m[vite][22m[39m [31mhttp proxy error: /api/health[39m
AggregateError [ECONNREFUSED]: 
    at internalConnectMultiple (node:net:1139:18)
    at afterConnectMultiple (node:net:1712:7)
[2m9:50:32 am[22m [31m[1m[vite][22m[39m [31mhttp proxy error: /api/stats[39m
AggregateError [ECONNREFUSED]: 
    at internalConnectMultiple (node:net:1139:18)
    at afterConnectMultiple (node:net:1712:7)
[2m9:50:32 am[22m [31m[1m[vite][22m[39m [31mhttp proxy error: /api/claims[39m
AggregateError [ECONNREFUSED]: 
    at internalConnectMultiple (node:net:1139:18)
    at afterConnectMultiple (node:net:1712:7)
[2m9:50:33 am[22m [31m[1m[vite][22m[39m [31mhttp proxy error: /api/health[39m
AggregateError [ECONNREFUSED]: 
    at internalConnectMultiple (node:net:1139:18)
    at afterConnectMultiple (node:net:1712:7)
[2m9:50:33 am[22m [31m[1m[vite][22m[39m [31mhttp proxy error: /api/stats[39m
AggregateError [ECONNREFUSED]: 
    at internalConnectMultiple (node:net:1139:18)
    at afterConnectMultiple (node:net:1712:7)
[2m9:50:33 am[22m [31m[1m[vite][22m[39m [31mhttp proxy error: /api/claims[39m
AggregateError [ECONNREFUSED]: 
    at internalConnectMultiple (node:net:1139:18)
    at afterConnectMultiple (node:net:1712:7)
[2m9:50:37 am[22m [31m[1m[vite][22m[39m [31mhttp proxy error: /api/claims[39m
AggregateError [ECONNREFUSED]: 
    at internalConnectMultiple (node:net:1139:18)
    at afterConnectMultiple (node:net:1712:7)
[2m9:50:38 am[22m [31m[1m[vite][22m[39m [31mhttp proxy error: /api/fraud-memory[39m
AggregateError [ECONNREFUSED]: 
    at internalConnectMultiple (node:net:1139:18)
    at afterConnectMultiple (node:net:1712:7)
[2m9:50:38 am[22m [31m[1m[vite][22m[39m [31mhttp proxy error: /api/health[39m
AggregateError [ECONNREFUSED]: 
    at internalConnectMultiple (node:net:1139:18)
    at afterConnectMultiple (node:net:1712:7)
[2m9:50:38 am[22m [31m[1m[vite][22m[39m [31mhttp proxy error: /api/stats[39m
AggregateError [ECONNREFUSED]: 
    at internalConnectMultiple (node:net:1139:18)
    at afterConnectMultiple (node:net:1712:7)
[2m9:50:38 am[22m [31m[1m[vite][22m[39m [31mhttp proxy error: /api/claims[39m
AggregateError [ECONNREFUSED]: 
    at internalConnectMultiple (node:net:1139:18)
    at afterConnectMultiple (node:net:1712:7)
[2m9:50:39 am[22m [31m[1m[vite][22m[39m [31mhttp proxy error: /api/fraud-memory[39m
AggregateError [ECONNREFUSED]: 
    at internalConnectMultiple (node:net:1139:18)
    at afterConnectMultiple (node:net:1712:7)
[2m9:50:39 am[22m [31m[1m[vite][22m[39m [31mhttp proxy error: /api/health[39m
AggregateError [ECONNREFUSED]: 
    at internalConnectMultiple (node:net:1139:18)
    at afterConnectMultiple (node:net:1712:7)
[2m9:50:39 am[22m [31m[1m[vite][22m[39m [31mhttp proxy error: /api/stats[39m
AggregateError [ECONNREFUSED]: 
    at internalConnectMultiple (node:net:1139:18)
    at afterConnectMultiple (node:net:1712:7)
[2m9:50:42 am[22m [31m[1m[vite][22m[39m [31mhttp proxy error: /api/claims[39m
AggregateError [ECONNREFUSED]: 
    at internalConnectMultiple (node:net:1139:18)
    at afterConnectMultiple (node:net:1712:7)
[2m9:50:43 am[22m [31m[1m[vite][22m[39m [31mhttp proxy error: /api/claims[39m
AggregateError [ECONNREFUSED]: 
    at internalConnectMultiple (node:net:1139:18)
    at afterConnectMultiple (node:net:1712:7)
[2m9:50:46 am[22m [31m[1m[vite][22m[39m [31mhttp proxy error: /api/health[39m
AggregateError [ECONNREFUSED]: 
    at internalConnectMultiple (node:net:1139:18)
    at afterConnectMultiple (node:net:1712:7)
[2m9:50:46 am[22m [31m[1m[vite][22m[39m [31mhttp proxy error: /api/stats[39m
AggregateError [ECONNREFUSED]: 
    at internalConnectMultiple (node:net:1139:18)
    at afterConnectMultiple (node:net:1712:7)
[2m9:50:47 am[22m [31m[1m[vite][22m[39m [31mhttp proxy error: /api/health[39m
AggregateError [ECONNREFUSED]: 
    at internalConnectMultiple (node:net:1139:18)
    at afterConnectMultiple (node:net:1712:7)
[2m9:50:47 am[22m [31m[1m[vite][22m[39m [31mhttp proxy error: /api/stats[39m
AggregateError [ECONNREFUSED]: 
    at internalConnectMultiple (node:net:1139:18)
    at afterConnectMultiple (node:net:1712:7)
[2m9:50:47 am[22m [31m[1m[vite][22m[39m [31mhttp proxy error: /api/claims[39m
AggregateError [ECONNREFUSED]: 
    at internalConnectMultiple (node:net:1139:18)
    at afterConnectMultiple (node:net:1712:7)
[2m9:50:50 am[22m [31m[1m[vite][22m[39m [31mhttp proxy error: /api/fraud-memory[39m
AggregateError [ECONNREFUSED]: 
    at internalConnectMultiple (node:net:1139:18)
    at afterConnectMultiple (node:net:1712:7)
[2m9:50:50 am[22m [31m[1m[vite][22m[39m [31mhttp proxy error: /api/claims[39m
AggregateError [ECONNREFUSED]: 
    at internalConnectMultiple (node:net:1139:18)
    at afterConnectMultiple (node:net:1712:7)
[2m9:50:51 am[22m [31m[1m[vite][22m[39m [31mhttp proxy error: /api/fraud-memory[39m
AggregateError [ECONNREFUSED]: 
    at internalConnectMultiple (node:net:1139:18)
    at afterConnectMultiple (node:net:1712:7)
[2m9:50:52 am[22m [31m[1m[vite][22m[39m [31mhttp proxy error: /api/health[39m
AggregateError [ECONNREFUSED]: 
    at internalConnectMultiple (node:net:1139:18)
    at afterConnectMultiple (node:net:1712:7)
[2m9:50:52 am[22m [31m[1m[vite][22m[39m [31mhttp proxy error: /api/stats[39m
AggregateError [ECONNREFUSED]: 
    at internalConnectMultiple (node:net:1139:18)
    at afterConnectMultiple (node:net:1712:7)
[2m9:50:53 am[22m [31m[1m[vite][22m[39m [31mhttp proxy error: /api/health[39m
AggregateError [ECONNREFUSED]: 
    at internalConnectMultiple (node:net:1139:18)
    at afterConnectMultiple (node:net:1712:7)
[2m9:50:53 am[22m [31m[1m[vite][22m[39m [31mhttp proxy error: /api/stats[39m
AggregateError [ECONNREFUSED]: 
    at internalConnectMultiple (node:net:1139:18)
    at afterConnectMultiple (node:net:1712:7)
[2m9:50:54 am[22m [31m[1m[vite][22m[39m [31mhttp proxy error: /api/claims[39m
AggregateError [ECONNREFUSED]: 
    at internalConnectMultiple (node:net:1139:18)
    at afterConnectMultiple (node:net:1712:7)
[2m9:50:55 am[22m [31m[1m[vite][22m[39m [31mhttp proxy error: /api/claims[39m
AggregateError [ECONNREFUSED]: 
    at internalConnectMultiple (node:net:1139:18)
    at afterConnectMultiple (node:net:1712:7)
[2m9:50:58 am[22m [31m[1m[vite][22m[39m [31mhttp proxy error: /api/health[39m
AggregateError [ECONNREFUSED]: 
    at internalConnectMultiple (node:net:1139:18)
    at afterConnectMultiple (node:net:1712:7)
[2m9:50:58 am[22m [31m[1m[vite][22m[39m [31mhttp proxy error: /api/stats[39m
AggregateError [ECONNREFUSED]: 
    at internalConnectMultiple (node:net:1139:18)
    at afterConnectMultiple (node:net:1712:7)
[2m9:50:59 am[22m [31m[1m[vite][22m[39m [31mhttp proxy error: /api/claims[39m
AggregateError [ECONNREFUSED]: 
    at internalConnectMultiple (node:net:1139:18)
    at afterConnectMultiple (node:net:1712:7)
[2m9:50:59 am[22m [31m[1m[vite][22m[39m [31mhttp proxy error: /api/health[39m
AggregateError [ECONNREFUSED]: 
    at internalConnectMultiple (node:net:1139:18)
    at afterConnectMultiple (node:net:1712:7)
[2m9:50:59 am[22m [31m[1m[vite][22m[39m [31mhttp proxy error: /api/stats[39m
AggregateError [ECONNREFUSED]: 
    at internalConnectMultiple (node:net:1139:18)
    at afterConnectMultiple (node:net:1712:7)
[2m9:51:00 am[22m [31m[1m[vite][22m[39m [31mhttp proxy error: /api/claims[39m
AggregateError [ECONNREFUSED]: 
    at internalConnectMultiple (node:net:1139:18)
    at afterConnectMultiple (node:net:1712:7)
[2m9:51:01 am[22m [31m[1m[vite][22m[39m [31mhttp proxy error: /api/fraud-memory[39m
AggregateError [ECONNREFUSED]: 
    at internalConnectMultiple (node:net:1139:18)
    at afterConnectMultiple (node:net:1712:7)
[2m9:51:02 am[22m [31m[1m[vite][22m[39m [31mhttp proxy error: /api/fraud-memory[39m
AggregateError [ECONNREFUSED]: 
    at internalConnectMultiple (node:net:1139:18)
    at afterConnectMultiple (node:net:1712:7)
[2m9:51:04 am[22m [31m[1m[vite][22m[39m [31mhttp proxy error: /api/health[39m
AggregateError [ECONNREFUSED]: 
    at internalConnectMultiple (node:net:1139:18)
    at afterConnectMultiple (node:net:1712:7)
[2m9:51:04 am[22m [31m[1m[vite][22m[39m [31mhttp proxy error: /api/stats[39m
AggregateError [ECONNREFUSED]: 
    at internalConnectMultiple (node:net:1139:18)
    at afterConnectMultiple (node:net:1712:7)
[2m9:51:04 am[22m [31m[1m[vite][22m[39m [31mhttp proxy error: /api/claims[39m
AggregateError [ECONNREFUSED]: 
    at internalConnectMultiple (node:net:1139:18)
    at afterConnectMultiple (node:net:1712:7)
[2m9:51:05 am[22m [31m[1m[vite][22m[39m [31mhttp proxy error: /api/health[39m
AggregateError [ECONNREFUSED]: 
    at internalConnectMultiple (node:net:1139:18)
    at afterConnectMultiple (node:net:1712:7)
[2m9:51:05 am[22m [31m[1m[vite][22m[39m [31mhttp proxy error: /api/stats[39m
AggregateError [ECONNREFUSED]: 
    at internalConnectMultiple (node:net:1139:18)
    at afterConnectMultiple (node:net:1712:7)
[2m9:51:05 am[22m [31m[1m[vite][22m[39m [31mhttp proxy error: /api/claims[39m
AggregateError [ECONNREFUSED]: 
    at internalConnectMultiple (node:net:1139:18)
    at afterConnectMultiple (node:net:1712:7)
[2m9:51:09 am[22m [31m[1m[vite][22m[39m [31mhttp proxy error: /api/claims[39m
AggregateError [ECONNREFUSED]: 
    at internalConnectMultiple (node:net:1139:18)
    at afterConnectMultiple (node:net:1712:7)
[2m9:51:10 am[22m [31m[1m[vite][22m[39m [31mhttp proxy error: /api/health[39m
AggregateError [ECONNREFUSED]: 
    at internalConnectMultiple (node:net:1139:18)
    at afterConnectMultiple (node:net:1712:7)
[2m9:51:10 am[22m [31m[1m[vite][22m[39m [31mhttp proxy error: /api/stats[39m
AggregateError [ECONNREFUSED]: 
    at internalConnectMultiple (node:net:1139:18)
    at afterConnectMultiple (node:net:1712:7)
[2m9:51:10 am[22m [31m[1m[vite][22m[39m [31mhttp proxy error: /api/claims[39m
AggregateError [ECONNREFUSED]: 
    at internalConnectMultiple (node:net:1139:18)
    at afterConnectMultiple (node:net:1712:7)
[2m9:51:11 am[22m [31m[1m[vite][22m[39m [31mhttp proxy error: /api/health[39m
AggregateError [ECONNREFUSED]: 
    at internalConnectMultiple (node:net:1139:18)
    at afterConnectMultiple (node:net:1712:7)
[2m9:51:11 am[22m [31m[1m[vite][22m[39m [31mhttp proxy error: /api/stats[39m
AggregateError [ECONNREFUSED]: 
    at internalConnectMultiple (node:net:1139:18)
    at afterConnectMultiple (node:net:1712:7)
[2m9:51:12 am[22m [31m[1m[vite][22m[39m [31mhttp proxy error: /api/fraud-memory[39m
AggregateError [ECONNREFUSED]: 
    at internalConnectMultiple (node:net:1139:18)
    at afterConnectMultiple (node:net:1712:7)
[2m9:51:13 am[22m [31m[1m[vite][22m[39m [31mhttp proxy error: /api/fraud-memory[39m
AggregateError [ECONNREFUSED]: 
    at internalConnectMultiple (node:net:1139:18)
    at afterConnectMultiple (node:net:1712:7)
[2m9:51:14 am[22m [31m[1m[vite][22m[39m [31mhttp proxy error: /api/claims[39m
AggregateError [ECONNREFUSED]: 
    at internalConnectMultiple (node:net:1139:18)
    at afterConnectMultiple (node:net:1712:7)
[2m9:51:15 am[22m [31m[1m[vite][22m[39m [31mhttp proxy error: /api/claims[39m
AggregateError [ECONNREFUSED]: 
    at internalConnectMultiple (node:net:1139:18)
    at afterConnectMultiple (node:net:1712:7)
[2m9:51:16 am[22m [31m[1m[vite][22m[39m [31mhttp proxy error: /api/health[39m
AggregateError [ECONNREFUSED]: 
    at internalConnectMultiple (node:net:1139:18)
    at afterConnectMultiple (node:net:1712:7)
[2m9:51:16 am[22m [31m[1m[vite][22m[39m [31mhttp proxy error: /api/stats[39m
AggregateError [ECONNREFUSED]: 
    at internalConnectMultiple (node:net:1139:18)
    at afterConnectMultiple (node:net:1712:7)
[2m9:51:17 am[22m [31m[1m[vite][22m[39m [31mhttp proxy error: /api/health[39m
AggregateError [ECONNREFUSED]: 
    at internalConnectMultiple (node:net:1139:18)
    at afterConnectMultiple (node:net:1712:7)
[2m9:51:17 am[22m [31m[1m[vite][22m[39m [31mhttp proxy error: /api/stats[39m
AggregateError [ECONNREFUSED]: 
    at internalConnectMultiple (node:net:1139:18)
    at afterConnectMultiple (node:net:1712:7)
[2m9:51:19 am[22m [31m[1m[vite][22m[39m [31mhttp proxy error: /api/claims[39m
AggregateError [ECONNREFUSED]: 
    at internalConnectMultiple (node:net:1139:18)
    at afterConnectMultiple (node:net:1712:7)
[2m9:51:20 am[22m [31m[1m[vite][22m[39m [31mhttp proxy error: /api/claims[39m
AggregateError [ECONNREFUSED]: 
    at internalConnectMultiple (node:net:1139:18)
    at afterConnectMultiple (node:net:1712:7)
[2m9:51:22 am[22m [31m[1m[vite][22m[39m [31mhttp proxy error: /api/health[39m
AggregateError [ECONNREFUSED]: 
    at internalConnectMultiple (node:net:1139:18)
    at afterConnectMultiple (node:net:1712:7)
[2m9:51:22 am[22m [31m[1m[vite][22m[39m [31mhttp proxy error: /api/stats[39m
AggregateError [ECONNREFUSED]: 
    at internalConnectMultiple (node:net:1139:18)
    at afterConnectMultiple (node:net:1712:7)
[2m9:51:23 am[22m [31m[1m[vite][22m[39m [31mhttp proxy error: /api/fraud-memory[39m
AggregateError [ECONNREFUSED]: 
    at internalConnectMultiple (node:net:1139:18)
    at afterConnectMultiple (node:net:1712:7)
[2m9:51:23 am[22m [31m[1m[vite][22m[39m [31mhttp proxy error: /api/health[39m
AggregateError [ECONNREFUSED]: 
    at internalConnectMultiple (node:net:1139:18)
    at afterConnectMultiple (node:net:1712:7)
[2m9:51:23 am[22m [31m[1m[vite][22m[39m [31mhttp proxy error: /api/stats[39m
AggregateError [ECONNREFUSED]: 
    at internalConnectMultiple (node:net:1139:18)
    at afterConnectMultiple (node:net:1712:7)
[2m9:51:24 am[22m [31m[1m[vite][22m[39m [31mhttp proxy error: /api/fraud-memory[39m
AggregateError [ECONNREFUSED]: 
    at internalConnectMultiple (node:net:1139:18)
    at afterConnectMultiple (node:net:1712:7)
[2m9:51:24 am[22m [31m[1m[vite][22m[39m [31mhttp proxy error: /api/claims[39m
AggregateError [ECONNREFUSED]: 
    at internalConnectMultiple (node:net:1139:18)
    at afterConnectMultiple (node:net:1712:7)
[2m9:51:25 am[22m [31m[1m[vite][22m[39m [31mhttp proxy error: /api/claims[39m
AggregateError [ECONNREFUSED]: 
    at internalConnectMultiple (node:net:1139:18)
    at afterConnectMultiple (node:net:1712:7)
[2m9:51:28 am[22m [31m[1m[vite][22m[39m [31mhttp proxy error: /api/health[39m
AggregateError [ECONNREFUSED]: 
    at internalConnectMultiple (node:net:1139:18)
    at afterConnectMultiple (node:net:1712:7)
[2m9:51:28 am[22m [31m[1m[vite][22m[39m [31mhttp proxy error: /api/stats[39m
AggregateError [ECONNREFUSED]: 
    at internalConnectMultiple (node:net:1139:18)
    at afterConnectMultiple (node:net:1712:7)
[2m9:51:29 am[22m [31m[1m[vite][22m[39m [31mhttp proxy error: /api/claims[39m
AggregateError [ECONNREFUSED]: 
    at internalConnectMultiple (node:net:1139:18)
    at afterConnectMultiple (node:net:1712:7)
[2m9:51:29 am[22m [31m[1m[vite][22m[39m [31mhttp proxy error: /api/health[39m
AggregateError [ECONNREFUSED]: 
    at internalConnectMultiple (node:net:1139:18)
    at afterConnectMultiple (node:net:1712:7)
[2m9:51:29 am[22m [31m[1m[vite][22m[39m [31mhttp proxy error: /api/stats[39m
AggregateError [ECONNREFUSED]: 
    at internalConnectMultiple (node:net:1139:18)
    at afterConnectMultiple (node:net:1712:7)
[2m9:51:30 am[22m [31m[1m[vite][22m[39m [31mhttp proxy error: /api/claims[39m
AggregateError [ECONNREFUSED]: 
    at internalConnectMultiple (node:net:1139:18)
    at afterConnectMultiple (node:net:1712:7)
[2m9:51:34 am[22m [31m[1m[vite][22m[39m [31mhttp proxy error: /api/fraud-memory[39m
AggregateError [ECONNREFUSED]: 
    at internalConnectMultiple (node:net:1139:18)
    at afterConnectMultiple (node:net:1712:7)
[2m9:51:34 am[22m [31m[1m[vite][22m[39m [31mhttp proxy error: /api/health[39m
AggregateError [ECONNREFUSED]: 
    at internalConnectMultiple (node:net:1139:18)
    at afterConnectMultiple (node:net:1712:7)
[2m9:51:34 am[22m [31m[1m[vite][22m[39m [31mhttp proxy error: /api/stats[39m
AggregateError [ECONNREFUSED]: 
    at internalConnectMultiple (node:net:1139:18)
    at afterConnectMultiple (node:net:1712:7)
[2m9:51:34 am[22m [31m[1m[vite][22m[39m [31mhttp proxy error: /api/claims[39m
AggregateError [ECONNREFUSED]: 
    at internalConnectMultiple (node:net:1139:18)
    at afterConnectMultiple (node:net:1712:7)
[2m9:51:35 am[22m [31m[1m[vite][22m[39m [31mhttp proxy error: /api/fraud-memory[39m
AggregateError [ECONNREFUSED]: 
    at internalConnectMultiple (node:net:1139:18)
    at afterConnectMultiple (node:net:1712:7)
[2m9:51:35 am[22m [31m[1m[vite][22m[39m [31mhttp proxy error: /api/health[39m
AggregateError [ECONNREFUSED]: 
    at internalConnectMultiple (node:net:1139:18)
    at afterConnectMultiple (node:net:1712:7)
[2m9:51:35 am[22m [31m[1m[vite][22m[39m [31mhttp proxy error: /api/stats[39m
AggregateError [ECONNREFUSED]: 
    at internalConnectMultiple (node:net:1139:18)
    at afterConnectMultiple (node:net:1712:7)
[2m9:51:35 am[22m [31m[1m[vite][22m[39m [31mhttp proxy error: /api/claims[39m
AggregateError [ECONNREFUSED]: 
    at internalConnectMultiple (node:net:1139:18)
    at afterConnectMultiple (node:net:1712:7)
[2m9:51:39 am[22m [31m[1m[vite][22m[39m [31mhttp proxy error: /api/claims[39m
AggregateError [ECONNREFUSED]: 
    at internalConnectMultiple (node:net:1139:18)
    at afterConnectMultiple (node:net:1712:7)
[2m9:51:40 am[22m [31m[1m[vite][22m[39m [31mhttp proxy error: /api/health[39m
AggregateError [ECONNREFUSED]: 
    at internalConnectMultiple (node:net:1139:18)
    at afterConnectMultiple (node:net:1712:7)
[2m9:51:40 am[22m [31m[1m[vite][22m[39m [31mhttp proxy error: /api/stats[39m
AggregateError [ECONNREFUSED]: 
    at internalConnectMultiple (node:net:1139:18)
    at afterConnectMultiple (node:net:1712:7)
[2m9:51:40 am[22m [31m[1m[vite][22m[39m [31mhttp proxy error: /api/claims[39m
AggregateError [ECONNREFUSED]: 
    at internalConnectMultiple (node:net:1139:18)
    at afterConnectMultiple (node:net:1712:7)
[2m9:51:41 am[22m [31m[1m[vite][22m[39m [31mhttp proxy error: /api/health[39m
AggregateError [ECONNREFUSED]: 
    at internalConnectMultiple (node:net:1139:18)
    at afterConnectMultiple (node:net:1712:7)
[2m9:51:41 am[22m [31m[1m[vite][22m[39m [31mhttp proxy error: /api/stats[39m
AggregateError [ECONNREFUSED]: 
    at internalConnectMultiple (node:net:1139:18)
    at afterConnectMultiple (node:net:1712:7)
[2m9:51:44 am[22m [31m[1m[vite][22m[39m [31mhttp proxy error: /api/claims[39m
AggregateError [ECONNREFUSED]: 
    at internalConnectMultiple (node:net:1139:18)
    at afterConnectMultiple (node:net:1712:7)
[2m9:51:45 am[22m [31m[1m[vite][22m[39m [31mhttp proxy error: /api/fraud-memory[39m
AggregateError [ECONNREFUSED]: 
    at internalConnectMultiple (node:net:1139:18)
    at afterConnectMultiple (node:net:1712:7)
[2m9:51:45 am[22m [31m[1m[vite][22m[39m [31mhttp proxy error: /api/claims[39m
AggregateError [ECONNREFUSED]: 
    at internalConnectMultiple (node:net:1139:18)
    at afterConnectMultiple (node:net:1712:7)
[2m9:51:46 am[22m [31m[1m[vite][22m[39m [31mhttp proxy error: /api/fraud-memory[39m
AggregateError [ECONNREFUSED]: 
    at internalConnectMultiple (node:net:1139:18)
    at afterConnectMultiple (node:net:1712:7)
[2m9:51:46 am[22m [31m[1m[vite][22m[39m [31mhttp proxy error: /api/health[39m
AggregateError [ECONNREFUSED]: 
    at internalConnectMultiple (node:net:1139:18)
    at afterConnectMultiple (node:net:1712:7)
[2m9:51:46 am[22m [31m[1m[vite][22m[39m [31mhttp proxy error: /api/stats[39m
AggregateError [ECONNREFUSED]: 
    at internalConnectMultiple (node:net:1139:18)
    at afterConnectMultiple (node:net:1712:7)
[2m9:51:47 am[22m [31m[1m[vite][22m[39m [31mhttp proxy error: /api/claims[39m
AggregateError [ECONNREFUSED]: 
    at internalConnectMultiple (node:net:1139:18)
    at afterConnectMultiple (node:net:1712:7)
[2m9:51:47 am[22m [31m[1m[vite][22m[39m [31mhttp proxy error: /api/health[39m
AggregateError [ECONNREFUSED]: 
    at internalConnectMultiple (node:net:1139:18)
    at afterConnectMultiple (node:net:1712:7)
[2m9:51:47 am[22m [31m[1m[vite][22m[39m [31mhttp proxy error: /api/stats[39m
AggregateError [ECONNREFUSED]: 
    at internalConnectMultiple (node:net:1139:18)
    at afterConnectMultiple (node:net:1712:7)
[2m9:51:49 am[22m [31m[1m[vite][22m[39m [31mhttp proxy error: /api/claims[39m
AggregateError [ECONNREFUSED]: 
    at internalConnectMultiple (node:net:1139:18)
    at afterConnectMultiple (node:net:1712:7)
[2m9:51:50 am[22m [31m[1m[vite][22m[39m [31mhttp proxy error: /api/claims[39m
AggregateError [ECONNREFUSED]: 
    at internalConnectMultiple (node:net:1139:18)
    at afterConnectMultiple (node:net:1712:7)
[2m9:51:52 am[22m [31m[1m[vite][22m[39m [31mhttp proxy error: /api/health[39m
AggregateError [ECONNREFUSED]: 
    at internalConnectMultiple (node:net:1139:18)
    at afterConnectMultiple (node:net:1712:7)
[2m9:51:52 am[22m [31m[1m[vite][22m[39m [31mhttp proxy error: /api/stats[39m
AggregateError [ECONNREFUSED]: 
    at internalConnectMultiple (node:net:1139:18)
    at afterConnectMultiple (node:net:1712:7)
[2m9:51:53 am[22m [31m[1m[vite][22m[39m [31mhttp proxy error: /api/claims[39m
AggregateError [ECONNREFUSED]: 
    at internalConnectMultiple (node:net:1139:18)
    at afterConnectMultiple (node:net:1712:7)
[2m9:51:53 am[22m [31m[1m[vite][22m[39m [31mhttp proxy error: /api/health[39m
AggregateError [ECONNREFUSED]: 
    at internalConnectMultiple (node:net:1139:18)
    at afterConnectMultiple (node:net:1712:7)
[2m9:51:53 am[22m [31m[1m[vite][22m[39m [31mhttp proxy error: /api/stats[39m
AggregateError [ECONNREFUSED]: 
    at internalConnectMultiple (node:net:1139:18)
    at afterConnectMultiple (node:net:1712:7)
[2m9:51:54 am[22m [31m[1m[vite][22m[39m [31mhttp proxy error: /api/claims[39m
AggregateError [ECONNREFUSED]: 
    at internalConnectMultiple (node:net:1139:18)
    at afterConnectMultiple (node:net:1712:7)
[2m9:51:55 am[22m [31m[1m[vite][22m[39m [31mhttp proxy error: /api/claims[39m
AggregateError [ECONNREFUSED]: 
    at internalConnectMultiple (node:net:1139:18)
    at afterConnectMultiple (node:net:1712:7)
[2m9:51:56 am[22m [31m[1m[vite][22m[39m [31mhttp proxy error: /api/fraud-memory[39m
AggregateError [ECONNREFUSED]: 
    at internalConnectMultiple (node:net:1139:18)
    at afterConnectMultiple (node:net:1712:7)
[2m9:51:57 am[22m [31m[1m[vite][22m[39m [31mhttp proxy error: /api/fraud-memory[39m
AggregateError [ECONNREFUSED]: 
    at internalConnectMultiple (node:net:1139:18)
    at afterConnectMultiple (node:net:1712:7)
[2m9:51:58 am[22m [31m[1m[vite][22m[39m [31mhttp proxy error: /api/health[39m
AggregateError [ECONNREFUSED]: 
    at internalConnectMultiple (node:net:1139:18)
    at afterConnectMultiple (node:net:1712:7)
[2m9:51:58 am[22m [31m[1m[vite][22m[39m [31mhttp proxy error: /api/stats[39m
AggregateError [ECONNREFUSED]: 
    at internalConnectMultiple (node:net:1139:18)
    at afterConnectMultiple (node:net:1712:7)
[2m9:51:59 am[22m [31m[1m[vite][22m[39m [31mhttp proxy error: /api/claims[39m
AggregateError [ECONNREFUSED]: 
    at internalConnectMultiple (node:net:1139:18)
    at afterConnectMultiple (node:net:1712:7)
[2m9:51:59 am[22m [31m[1m[vite][22m[39m [31mhttp proxy error: /api/health[39m
AggregateError [ECONNREFUSED]: 
    at internalConnectMultiple (node:net:1139:18)
    at afterConnectMultiple (node:net:1712:7)
[2m9:51:59 am[22m [31m[1m[vite][22m[39m [31mhttp proxy error: /api/stats[39m
AggregateError [ECONNREFUSED]: 
    at internalConnectMultiple (node:net:1139:18)
    at afterConnectMultiple (node:net:1712:7)
[2m9:52:00 am[22m [31m[1m[vite][22m[39m [31mhttp proxy error: /api/claims[39m
AggregateError [ECONNREFUSED]: 
    at internalConnectMultiple (node:net:1139:18)
    at afterConnectMultiple (node:net:1712:7)
[2m9:52:01 am[22m [31m[1m[vite][22m[39m [31mhttp proxy error: /api/claims[39m
AggregateError [ECONNREFUSED]: 
    at internalConnectMultiple (node:net:1139:18)
    at afterConnectMultiple (node:net:1712:7)
[2m9:52:05 am[22m [31m[1m[vite][22m[39m [31mhttp proxy error: /api/health[39m
AggregateError [ECONNREFUSED]: 
    at internalConnectMultiple (node:net:1139:18)
    at afterConnectMultiple (node:net:1712:7)
[2m9:52:05 am[22m [31m[1m[vite][22m[39m [31mhttp proxy error: /api/stats[39m
AggregateError [ECONNREFUSED]: 
    at internalConnectMultiple (node:net:1139:18)
    at afterConnectMultiple (node:net:1712:7)
[2m9:52:05 am[22m [31m[1m[vite][22m[39m [31mhttp proxy error: /api/claims[39m
AggregateError [ECONNREFUSED]: 
    at internalConnectMultiple (node:net:1139:18)
    at afterConnectMultiple (node:net:1712:7)
[2m9:52:05 am[22m [31m[1m[vite][22m[39m [31mhttp proxy error: /api/claims[39m
AggregateError [ECONNREFUSED]: 
    at internalConnectMultiple (node:net:1139:18)
    at afterConnectMultiple (node:net:1712:7)
[2m9:52:06 am[22m [31m[1m[vite][22m[39m [31mhttp proxy error: /api/health[39m
AggregateError [ECONNREFUSED]: 
    at internalConnectMultiple (node:net:1139:18)
    at afterConnectMultiple (node:net:1712:7)
[2m9:52:06 am[22m [31m[1m[vite][22m[39m [31mhttp proxy error: /api/stats[39m
AggregateError [ECONNREFUSED]: 
    at internalConnectMultiple (node:net:1139:18)
    at afterConnectMultiple (node:net:1712:7)
[2m9:52:06 am[22m [31m[1m[vite][22m[39m [31mhttp proxy error: /api/claims[39m
AggregateError [ECONNREFUSED]: 
    at internalConnectMultiple (node:net:1139:18)
    at afterConnectMultiple (node:net:1712:7)
[2m9:52:07 am[22m [31m[1m[vite][22m[39m [31mhttp proxy error: /api/fraud-memory[39m
AggregateError [ECONNREFUSED]: 
    at internalConnectMultiple (node:net:1139:18)
    at afterConnectMultiple (node:net:1712:7)
[2m9:52:08 am[22m [31m[1m[vite][22m[39m [31mhttp proxy error: /api/fraud-memory[39m
AggregateError [ECONNREFUSED]: 
    at internalConnectMultiple (node:net:1139:18)
    at afterConnectMultiple (node:net:1712:7)
[2m9:52:10 am[22m [31m[1m[vite][22m[39m [31mhttp proxy error: /api/claims[39m
AggregateError [ECONNREFUSED]: 
    at internalConnectMultiple (node:net:1139:18)
    at afterConnectMultiple (node:net:1712:7)
[2m9:52:11 am[22m [31m[1m[vite][22m[39m [31mhttp proxy error: /api/health[39m
AggregateError [ECONNREFUSED]: 
    at internalConnectMultiple (node:net:1139:18)
    at afterConnectMultiple (node:net:1712:7)
[2m9:52:11 am[22m [31m[1m[vite][22m[39m [31mhttp proxy error: /api/stats[39m
AggregateError [ECONNREFUSED]: 
    at internalConnectMultiple (node:net:1139:18)
    at afterConnectMultiple (node:net:1712:7)
[2m9:52:11 am[22m [31m[1m[vite][22m[39m [31mhttp proxy error: /api/claims[39m
AggregateError [ECONNREFUSED]: 
    at internalConnectMultiple (node:net:1139:18)
    at afterConnectMultiple (node:net:1712:7)
[2m9:52:11 am[22m [31m[1m[vite][22m[39m [31mhttp proxy error: /api/claims[39m
AggregateError [ECONNREFUSED]: 
    at internalConnectMultiple (node:net:1139:18)
    at afterConnectMultiple (node:net:1712:7)
[2m9:52:12 am[22m [31m[1m[vite][22m[39m [31mhttp proxy error: /api/health[39m
AggregateError [ECONNREFUSED]: 
    at internalConnectMultiple (node:net:1139:18)
    at afterConnectMultiple (node:net:1712:7)
[2m9:52:12 am[22m [31m[1m[vite][22m[39m [31mhttp proxy error: /api/stats[39m
AggregateError [ECONNREFUSED]: 
    at internalConnectMultiple (node:net:1139:18)
    at afterConnectMultiple (node:net:1712:7)
[2m9:52:15 am[22m [31m[1m[vite][22m[39m [31mhttp proxy error: /api/claims[39m
AggregateError [ECONNREFUSED]: 
    at internalConnectMultiple (node:net:1139:18)
    at afterConnectMultiple (node:net:1712:7)
[2m9:52:16 am[22m [31m[1m[vite][22m[39m [31mhttp proxy error: /api/claims[39m
AggregateError [ECONNREFUSED]: 
    at internalConnectMultiple (node:net:1139:18)
    at afterConnectMultiple (node:net:1712:7)
[2m9:52:17 am[22m [31m[1m[vite][22m[39m [31mhttp proxy error: /api/health[39m
AggregateError [ECONNREFUSED]: 
    at internalConnectMultiple (node:net:1139:18)
    at afterConnectMultiple (node:net:1712:7)
[2m9:52:17 am[22m [31m[1m[vite][22m[39m [31mhttp proxy error: /api/stats[39m
AggregateError [ECONNREFUSED]: 
    at internalConnectMultiple (node:net:1139:18)
    at afterConnectMultiple (node:net:1712:7)
[2m9:52:17 am[22m [31m[1m[vite][22m[39m [31mhttp proxy error: /api/claims[39m
AggregateError [ECONNREFUSED]: 
    at internalConnectMultiple (node:net:1139:18)
    at afterConnectMultiple (node:net:1712:7)
[2m9:52:18 am[22m [31m[1m[vite][22m[39m [31mhttp proxy error: /api/health[39m
AggregateError [ECONNREFUSED]: 
    at internalConnectMultiple (node:net:1139:18)
    at afterConnectMultiple (node:net:1712:7)
[2m9:52:18 am[22m [31m[1m[vite][22m[39m [31mhttp proxy error: /api/stats[39m
AggregateError [ECONNREFUSED]: 
    at internalConnectMultiple (node:net:1139:18)
    at afterConnectMultiple (node:net:1712:7)
[2m9:52:18 am[22m [31m[1m[vite][22m[39m [31mhttp proxy error: /api/fraud-memory[39m
AggregateError [ECONNREFUSED]: 
    at internalConnectMultiple (node:net:1139:18)
    at afterConnectMultiple (node:net:1712:7)
[2m9:52:19 am[22m [31m[1m[vite][22m[39m [31mhttp proxy error: /api/fraud-memory[39m
AggregateError [ECONNREFUSED]: 
    at internalConnectMultiple (node:net:1139:18)
    at afterConnectMultiple (node:net:1712:7)
[2m9:52:20 am[22m [31m[1m[vite][22m[39m [31mhttp proxy error: /api/claims[39m
AggregateError [ECONNREFUSED]: 
    at internalConnectMultiple (node:net:1139:18)
    at afterConnectMultiple (node:net:1712:7)
[2m9:52:21 am[22m [31m[1m[vite][22m[39m [31mhttp proxy error: /api/claims[39m
AggregateError [ECONNREFUSED]: 
    at internalConnectMultiple (node:net:1139:18)
    at afterConnectMultiple (node:net:1712:7)
[2m9:52:23 am[22m [31m[1m[vite][22m[39m [31mhttp proxy error: /api/health[39m
AggregateError [ECONNREFUSED]: 
    at internalConnectMultiple (node:net:1139:18)
    at afterConnectMultiple (node:net:1712:7)
[2m9:52:23 am[22m [31m[1m[vite][22m[39m [31mhttp proxy error: /api/stats[39m
AggregateError [ECONNREFUSED]: 
    at internalConnectMultiple (node:net:1139:18)
    at afterConnectMultiple (node:net:1712:7)
[2m9:52:23 am[22m [31m[1m[vite][22m[39m [31mhttp proxy error: /api/claims[39m
AggregateError [ECONNREFUSED]: 
    at internalConnectMultiple (node:net:1139:18)
    at afterConnectMultiple (node:net:1712:7)
[2m9:52:24 am[22m [31m[1m[vite][22m[39m [31mhttp proxy error: /api/health[39m
AggregateError [ECONNREFUSED]: 
    at internalConnectMultiple (node:net:1139:18)
    at afterConnectMultiple (node:net:1712:7)
[2m9:52:24 am[22m [31m[1m[vite][22m[39m [31mhttp proxy error: /api/stats[39m
AggregateError [ECONNREFUSED]: 
    at internalConnectMultiple (node:net:1139:18)
    at afterConnectMultiple (node:net:1712:7)
[2m9:52:25 am[22m [31m[1m[vite][22m[39m [31mhttp proxy error: /api/claims[39m
AggregateError [ECONNREFUSED]: 
    at internalConnectMultiple (node:net:1139:18)
    at afterConnectMultiple (node:net:1712:7)
[2m9:52:26 am[22m [31m[1m[vite][22m[39m [31mhttp proxy error: /api/claims[39m
AggregateError [ECONNREFUSED]: 
    at internalConnectMultiple (node:net:1139:18)
    at afterConnectMultiple (node:net:1712:7)
[2m9:52:29 am[22m [31m[1m[vite][22m[39m [31mhttp proxy error: /api/health[39m
AggregateError [ECONNREFUSED]: 
    at internalConnectMultiple (node:net:1139:18)
    at afterConnectMultiple (node:net:1712:7)
[2m9:52:29 am[22m [31m[1m[vite][22m[39m [31mhttp proxy error: /api/stats[39m
AggregateError [ECONNREFUSED]: 
    at internalConnectMultiple (node:net:1139:18)
    at afterConnectMultiple (node:net:1712:7)
[2m9:52:29 am[22m [31m[1m[vite][22m[39m [31mhttp proxy error: /api/claims[39m
AggregateError [ECONNREFUSED]: 
    at internalConnectMultiple (node:net:1139:18)
    at afterConnectMultiple (node:net:1712:7)
[2m9:52:29 am[22m [31m[1m[vite][22m[39m [31mhttp proxy error: /api/fraud-memory[39m
AggregateError [ECONNREFUSED]: 
    at internalConnectMultiple (node:net:1139:18)
    at afterConnectMultiple (node:net:1712:7)
[2m9:52:30 am[22m [31m[1m[vite][22m[39m [31mhttp proxy error: /api/health[39m
AggregateError [ECONNREFUSED]: 
    at internalConnectMultiple (node:net:1139:18)
    at afterConnectMultiple (node:net:1712:7)
[2m9:52:30 am[22m [31m[1m[vite][22m[39m [31mhttp proxy error: /api/stats[39m
AggregateError [ECONNREFUSED]: 
    at internalConnectMultiple (node:net:1139:18)
    at afterConnectMultiple (node:net:1712:7)
[2m9:52:30 am[22m [31m[1m[vite][22m[39m [31mhttp proxy error: /api/claims[39m
AggregateError [ECONNREFUSED]: 
    at internalConnectMultiple (node:net:1139:18)
    at afterConnectMultiple (node:net:1712:7)
[2m9:52:30 am[22m [31m[1m[vite][22m[39m [31mhttp proxy error: /api/fraud-memory[39m
AggregateError [ECONNREFUSED]: 
    at internalConnectMultiple (node:net:1139:18)
    at afterConnectMultiple (node:net:1712:7)
[2m9:52:31 am[22m [31m[1m[vite][22m[39m [31mhttp proxy error: /api/claims[39m
AggregateError [ECONNREFUSED]: 
    at internalConnectMultiple (node:net:1139:18)
    at afterConnectMultiple (node:net:1712:7)
[2m9:52:35 am[22m [31m[1m[vite][22m[39m [31mhttp proxy error: /api/health[39m
AggregateError [ECONNREFUSED]: 
    at internalConnectMultiple (node:net:1139:18)
    at afterConnectMultiple (node:net:1712:7)
[2m9:52:35 am[22m [31m[1m[vite][22m[39m [31mhttp proxy error: /api/stats[39m
AggregateError [ECONNREFUSED]: 
    at internalConnectMultiple (node:net:1139:18)
    at afterConnectMultiple (node:net:1712:7)
[2m9:52:35 am[22m [31m[1m[vite][22m[39m [31mhttp proxy error: /api/claims[39m
AggregateError [ECONNREFUSED]: 
    at internalConnectMultiple (node:net:1139:18)
    at afterConnectMultiple (node:net:1712:7)
[2m9:52:35 am[22m [31m[1m[vite][22m[39m [31mhttp proxy error: /api/claims[39m
AggregateError [ECONNREFUSED]: 
    at internalConnectMultiple (node:net:1139:18)
    at afterConnectMultiple (node:net:1712:7)
[2m9:52:36 am[22m [31m[1m[vite][22m[39m [31mhttp proxy error: /api/health[39m
AggregateError [ECONNREFUSED]: 
    at internalConnectMultiple (node:net:1139:18)
    at afterConnectMultiple (node:net:1712:7)
[2m9:52:36 am[22m [31m[1m[vite][22m[39m [31mhttp proxy error: /api/stats[39m
AggregateError [ECONNREFUSED]: 
    at internalConnectMultiple (node:net:1139:18)
    at afterConnectMultiple (node:net:1712:7)
[2m9:52:36 am[22m [31m[1m[vite][22m[39m [31mhttp proxy error: /api/claims[39m
AggregateError [ECONNREFUSED]: 
    at internalConnectMultiple (node:net:1139:18)
    at afterConnectMultiple (node:net:1712:7)
[2m9:52:40 am[22m [31m[1m[vite][22m[39m [31mhttp proxy error: /api/claims[39m
AggregateError [ECONNREFUSED]: 
    at internalConnectMultiple (node:net:1139:18)
    at afterConnectMultiple (node:net:1712:7)
[2m9:52:40 am[22m [31m[1m[vite][22m[39m [31mhttp proxy error: /api/fraud-memory[39m
AggregateError [ECONNREFUSED]: 
    at internalConnectMultiple (node:net:1139:18)
    at afterConnectMultiple (node:net:1712:7)
[2m9:52:41 am[22m [31m[1m[vite][22m[39m [31mhttp proxy error: /api/health[39m
AggregateError [ECONNREFUSED]: 
    at internalConnectMultiple (node:net:1139:18)
    at afterConnectMultiple (node:net:1712:7)
[2m9:52:41 am[22m [31m[1m[vite][22m[39m [31mhttp proxy error: /api/stats[39m
AggregateError [ECONNREFUSED]: 
    at internalConnectMultiple (node:net:1139:18)
    at afterConnectMultiple (node:net:1712:7)
[2m9:52:41 am[22m [31m[1m[vite][22m[39m [31mhttp proxy error: /api/claims[39m
AggregateError [ECONNREFUSED]: 
    at internalConnectMultiple (node:net:1139:18)
    at afterConnectMultiple (node:net:1712:7)
[2m9:52:41 am[22m [31m[1m[vite][22m[39m [31mhttp proxy error: /api/claims[39m
AggregateError [ECONNREFUSED]: 
    at internalConnectMultiple (node:net:1139:18)
    at afterConnectMultiple (node:net:1712:7)
[2m9:52:41 am[22m [31m[1m[vite][22m[39m [31mhttp proxy error: /api/fraud-memory[39m
AggregateError [ECONNREFUSED]: 
    at internalConnectMultiple (node:net:1139:18)
    at afterConnectMultiple (node:net:1712:7)
[2m9:52:42 am[22m [31m[1m[vite][22m[39m [31mhttp proxy error: /api/health[39m
AggregateError [ECONNREFUSED]: 
    at internalConnectMultiple (node:net:1139:18)
    at afterConnectMultiple (node:net:1712:7)
[2m9:52:42 am[22m [31m[1m[vite][22m[39m [31mhttp proxy error: /api/stats[39m
AggregateError [ECONNREFUSED]: 
    at internalConnectMultiple (node:net:1139:18)
    at afterConnectMultiple (node:net:1712:7)
[2m9:52:45 am[22m [31m[1m[vite][22m[39m [31mhttp proxy error: /api/claims[39m
AggregateError [ECONNREFUSED]: 
    at internalConnectMultiple (node:net:1139:18)
    at afterConnectMultiple (node:net:1712:7)
[2m9:52:46 am[22m [31m[1m[vite][22m[39m [31mhttp proxy error: /api/claims[39m
AggregateError [ECONNREFUSED]: 
    at internalConnectMultiple (node:net:1139:18)
    at afterConnectMultiple (node:net:1712:7)
[2m9:52:47 am[22m [31m[1m[vite][22m[39m [31mhttp proxy error: /api/health[39m
AggregateError [ECONNREFUSED]: 
    at internalConnectMultiple (node:net:1139:18)
    at afterConnectMultiple (node:net:1712:7)
[2m9:52:47 am[22m [31m[1m[vite][22m[39m [31mhttp proxy error: /api/stats[39m
AggregateError [ECONNREFUSED]: 
    at internalConnectMultiple (node:net:1139:18)
    at afterConnectMultiple (node:net:1712:7)
[2m9:52:47 am[22m [31m[1m[vite][22m[39m [31mhttp proxy error: /api/claims[39m
AggregateError [ECONNREFUSED]: 
    at internalConnectMultiple (node:net:1139:18)
    at afterConnectMultiple (node:net:1712:7)
[2m9:52:48 am[22m [31m[1m[vite][22m[39m [31mhttp proxy error: /api/health[39m
AggregateError [ECONNREFUSED]: 
    at internalConnectMultiple (node:net:1139:18)
    at afterConnectMultiple (node:net:1712:7)
[2m9:52:48 am[22m [31m[1m[vite][22m[39m [31mhttp proxy error: /api/stats[39m
AggregateError [ECONNREFUSED]: 
    at internalConnectMultiple (node:net:1139:18)
    at afterConnectMultiple (node:net:1712:7)
[2m9:52:50 am[22m [31m[1m[vite][22m[39m [31mhttp proxy error: /api/claims[39m
AggregateError [ECONNREFUSED]: 
    at internalConnectMultiple (node:net:1139:18)
    at afterConnectMultiple (node:net:1712:7)
[2m9:52:51 am[22m [31m[1m[vite][22m[39m [31mhttp proxy error: /api/claims[39m
AggregateError [ECONNREFUSED]: 
    at internalConnectMultiple (node:net:1139:18)
    at afterConnectMultiple (node:net:1712:7)
[2m9:52:51 am[22m [31m[1m[vite][22m[39m [31mhttp proxy error: /api/fraud-memory[39m
AggregateError [ECONNREFUSED]: 
    at internalConnectMultiple (node:net:1139:18)
    at afterConnectMultiple (node:net:1712:7)
[2m9:52:52 am[22m [31m[1m[vite][22m[39m [31mhttp proxy error: /api/fraud-memory[39m
AggregateError [ECONNREFUSED]: 
    at internalConnectMultiple (node:net:1139:18)
    at afterConnectMultiple (node:net:1712:7)
[2m9:52:53 am[22m [31m[1m[vite][22m[39m [31mhttp proxy error: /api/health[39m
AggregateError [ECONNREFUSED]: 
    at internalConnectMultiple (node:net:1139:18)
    at afterConnectMultiple (node:net:1712:7)
[2m9:52:53 am[22m [31m[1m[vite][22m[39m [31mhttp proxy error: /api/stats[39m
AggregateError [ECONNREFUSED]: 
    at internalConnectMultiple (node:net:1139:18)
    at afterConnectMultiple (node:net:1712:7)
[2m9:52:53 am[22m [31m[1m[vite][22m[39m [31mhttp proxy error: /api/claims[39m
AggregateError [ECONNREFUSED]: 
    at internalConnectMultiple (node:net:1139:18)
    at afterConnectMultiple (node:net:1712:7)
[2m9:52:54 am[22m [31m[1m[vite][22m[39m [31mhttp proxy error: /api/health[39m
AggregateError [ECONNREFUSED]: 
    at internalConnectMultiple (node:net:1139:18)
    at afterConnectMultiple (node:net:1712:7)
[2m9:52:54 am[22m [31m[1m[vite][22m[39m [31mhttp proxy error: /api/stats[39m
AggregateError [ECONNREFUSED]: 
    at internalConnectMultiple (node:net:1139:18)
    at afterConnectMultiple (node:net:1712:7)
[2m9:52:55 am[22m [31m[1m[vite][22m[39m [31mhttp proxy error: /api/claims[39m
AggregateError [ECONNREFUSED]: 
    at internalConnectMultiple (node:net:1139:18)
    at afterConnectMultiple (node:net:1712:7)
[2m9:52:56 am[22m [31m[1m[vite][22m[39m [31mhttp proxy error: /api/claims[39m
AggregateError [ECONNREFUSED]: 
    at internalConnectMultiple (node:net:1139:18)
    at afterConnectMultiple (node:net:1712:7)
[2m9:52:59 am[22m [31m[1m[vite][22m[39m [31mhttp proxy error: /api/health[39m
AggregateError [ECONNREFUSED]: 
    at internalConnectMultiple (node:net:1139:18)
    at afterConnectMultiple (node:net:1712:7)
[2m9:52:59 am[22m [31m[1m[vite][22m[39m [31mhttp proxy error: /api/stats[39m
AggregateError [ECONNREFUSED]: 
    at internalConnectMultiple (node:net:1139:18)
    at afterConnectMultiple (node:net:1712:7)
[2m9:52:59 am[22m [31m[1m[vite][22m[39m [31mhttp proxy error: /api/claims[39m
AggregateError [ECONNREFUSED]: 
    at internalConnectMultiple (node:net:1139:18)
    at afterConnectMultiple (node:net:1712:7)
[2m9:53:00 am[22m [31m[1m[vite][22m[39m [31mhttp proxy error: /api/health[39m
AggregateError [ECONNREFUSED]: 
    at internalConnectMultiple (node:net:1139:18)
    at afterConnectMultiple (node:net:1712:7)
[2m9:53:00 am[22m [31m[1m[vite][22m[39m [31mhttp proxy error: /api/stats[39m
AggregateError [ECONNREFUSED]: 
    at internalConnectMultiple (node:net:1139:18)
    at afterConnectMultiple (node:net:1712:7)
[2m9:53:00 am[22m [31m[1m[vite][22m[39m [31mhttp proxy error: /api/claims[39m
AggregateError [ECONNREFUSED]: 
    at internalConnectMultiple (node:net:1139:18)
    at afterConnectMultiple (node:net:1712:7)
[2m9:53:01 am[22m [31m[1m[vite][22m[39m [31mhttp proxy error: /api/claims[39m
AggregateError [ECONNREFUSED]: 
    at internalConnectMultiple (node:net:1139:18)
    at afterConnectMultiple (node:net:1712:7)
[2m9:53:03 am[22m [31m[1m[vite][22m[39m [31mhttp proxy error: /api/fraud-memory[39m
AggregateError [ECONNREFUSED]: 
    at internalConnectMultiple (node:net:1139:18)
    at afterConnectMultiple (node:net:1712:7)
[2m9:53:04 am[22m [31m[1m[vite][22m[39m [31mhttp proxy error: /api/fraud-memory[39m
AggregateError [ECONNREFUSED]: 
    at internalConnectMultiple (node:net:1139:18)
    at afterConnectMultiple (node:net:1712:7)
[2m9:53:05 am[22m [31m[1m[vite][22m[39m [31mhttp proxy error: /api/health[39m
AggregateError [ECONNREFUSED]: 
    at internalConnectMultiple (node:net:1139:18)
    at afterConnectMultiple (node:net:1712:7)
[2m9:53:05 am[22m [31m[1m[vite][22m[39m [31mhttp proxy error: /api/stats[39m
AggregateError [ECONNREFUSED]: 
    at internalConnectMultiple (node:net:1139:18)
    at afterConnectMultiple (node:net:1712:7)
[2m9:53:05 am[22m [31m[1m[vite][22m[39m [31mhttp proxy error: /api/claims[39m
AggregateError [ECONNREFUSED]: 
    at internalConnectMultiple (node:net:1139:18)
    at afterConnectMultiple (node:net:1712:7)
[2m9:53:05 am[22m [31m[1m[vite][22m[39m [31mhttp proxy error: /api/claims[39m
AggregateError [ECONNREFUSED]: 
    at internalConnectMultiple (node:net:1139:18)
    at afterConnectMultiple (node:net:1712:7)
[2m9:53:06 am[22m [31m[1m[vite][22m[39m [31mhttp proxy error: /api/health[39m
AggregateError [ECONNREFUSED]: 
    at internalConnectMultiple (node:net:1139:18)
    at afterConnectMultiple (node:net:1712:7)
[2m9:53:06 am[22m [31m[1m[vite][22m[39m [31mhttp proxy error: /api/stats[39m
AggregateError [ECONNREFUSED]: 
    at internalConnectMultiple (node:net:1139:18)
    at afterConnectMultiple (node:net:1712:7)
[2m9:53:06 am[22m [31m[1m[vite][22m[39m [31mhttp proxy error: /api/claims[39m
AggregateError [ECONNREFUSED]: 
    at internalConnectMultiple (node:net:1139:18)
    at afterConnectMultiple (node:net:1712:7)
[2m9:53:10 am[22m [31m[1m[vite][22m[39m [31mhttp proxy error: /api/claims[39m
AggregateError [ECONNREFUSED]: 
    at internalConnectMultiple (node:net:1139:18)
    at afterConnectMultiple (node:net:1712:7)
[2m9:53:11 am[22m [31m[1m[vite][22m[39m [31mhttp proxy error: /api/health[39m
AggregateError [ECONNREFUSED]: 
    at internalConnectMultiple (node:net:1139:18)
    at afterConnectMultiple (node:net:1712:7)
[2m9:53:11 am[22m [31m[1m[vite][22m[39m [31mhttp proxy error: /api/stats[39m
AggregateError [ECONNREFUSED]: 
    at internalConnectMultiple (node:net:1139:18)
    at afterConnectMultiple (node:net:1712:7)
[2m9:53:11 am[22m [31m[1m[vite][22m[39m [31mhttp proxy error: /api/claims[39m
AggregateError [ECONNREFUSED]: 
    at internalConnectMultiple (node:net:1139:18)
    at afterConnectMultiple (node:net:1712:7)
[2m9:53:11 am[22m [31m[1m[vite][22m[39m [31mhttp proxy error: /api/claims[39m
AggregateError [ECONNREFUSED]: 
    at internalConnectMultiple (node:net:1139:18)
    at afterConnectMultiple (node:net:1712:7)
[2m9:53:12 am[22m [31m[1m[vite][22m[39m [31mhttp proxy error: /api/health[39m
AggregateError [ECONNREFUSED]: 
    at internalConnectMultiple (node:net:1139:18)
    at afterConnectMultiple (node:net:1712:7)
[2m9:53:12 am[22m [31m[1m[vite][22m[39m [31mhttp proxy error: /api/stats[39m
AggregateError [ECONNREFUSED]: 
    at internalConnectMultiple (node:net:1139:18)
    at afterConnectMultiple (node:net:1712:7)
[2m9:53:14 am[22m [31m[1m[vite][22m[39m [31mhttp proxy error: /api/fraud-memory[39m
AggregateError [ECONNREFUSED]: 
    at internalConnectMultiple (node:net:1139:18)
    at afterConnectMultiple (node:net:1712:7)
[2m9:53:15 am[22m [31m[1m[vite][22m[39m [31mhttp proxy error: /api/fraud-memory[39m
AggregateError [ECONNREFUSED]: 
    at internalConnectMultiple (node:net:1139:18)
    at afterConnectMultiple (node:net:1712:7)
[2m9:53:15 am[22m [31m[1m[vite][22m[39m [31mhttp proxy error: /api/claims[39m
AggregateError [ECONNREFUSED]: 
    at internalConnectMultiple (node:net:1139:18)
    at afterConnectMultiple (node:net:1712:7)
[2m9:53:16 am[22m [31m[1m[vite][22m[39m [31mhttp proxy error: /api/claims[39m
AggregateError [ECONNREFUSED]: 
    at internalConnectMultiple (node:net:1139:18)
    at afterConnectMultiple (node:net:1712:7)
[2m9:53:17 am[22m [31m[1m[vite][22m[39m [31mhttp proxy error: /api/health[39m
AggregateError [ECONNREFUSED]: 
    at internalConnectMultiple (node:net:1139:18)
    at afterConnectMultiple (node:net:1712:7)
[2m9:53:17 am[22m [31m[1m[vite][22m[39m [31mhttp proxy error: /api/stats[39m
AggregateError [ECONNREFUSED]: 
    at internalConnectMultiple (node:net:1139:18)
    at afterConnectMultiple (node:net:1712:7)
[2m9:53:17 am[22m [31m[1m[vite][22m[39m [31mhttp proxy error: /api/claims[39m
AggregateError [ECONNREFUSED]: 
    at internalConnectMultiple (node:net:1139:18)
    at afterConnectMultiple (node:net:1712:7)
[2m9:53:18 am[22m [31m[1m[vite][22m[39m [31mhttp proxy error: /api/health[39m
AggregateError [ECONNREFUSED]: 
    at internalConnectMultiple (node:net:1139:18)
    at afterConnectMultiple (node:net:1712:7)
[2m9:53:18 am[22m [31m[1m[vite][22m[39m [31mhttp proxy error: /api/stats[39m
AggregateError [ECONNREFUSED]: 
    at internalConnectMultiple (node:net:1139:18)
    at afterConnectMultiple (node:net:1712:7)
[2m9:53:20 am[22m [31m[1m[vite][22m[39m [31mhttp proxy error: /api/claims[39m
AggregateError [ECONNREFUSED]: 
    at internalConnectMultiple (node:net:1139:18)
    at afterConnectMultiple (node:net:1712:7)
[2m9:53:21 am[22m [31m[1m[vite][22m[39m [31mhttp proxy error: /api/claims[39m
AggregateError [ECONNREFUSED]: 
    at internalConnectMultiple (node:net:1139:18)
    at afterConnectMultiple (node:net:1712:7)
[2m9:53:23 am[22m [31m[1m[vite][22m[39m [31mhttp proxy error: /api/health[39m
AggregateError [ECONNREFUSED]: 
    at internalConnectMultiple (node:net:1139:18)
    at afterConnectMultiple (node:net:1712:7)
[2m9:53:23 am[22m [31m[1m[vite][22m[39m [31mhttp proxy error: /api/stats[39m
AggregateError [ECONNREFUSED]: 
    at internalConnectMultiple (node:net:1139:18)
    at afterConnectMultiple (node:net:1712:7)
[2m9:53:23 am[22m [31m[1m[vite][22m[39m [31mhttp proxy error: /api/claims[39m
AggregateError [ECONNREFUSED]: 
    at internalConnectMultiple (node:net:1139:18)
    at afterConnectMultiple (node:net:1712:7)
[2m9:53:24 am[22m [31m[1m[vite][22m[39m [31mhttp proxy error: /api/health[39m
AggregateError [ECONNREFUSED]: 
    at internalConnectMultiple (node:net:1139:18)
    at afterConnectMultiple (node:net:1712:7)
[2m9:53:24 am[22m [31m[1m[vite][22m[39m [31mhttp proxy error: /api/stats[39m
AggregateError [ECONNREFUSED]: 
    at internalConnectMultiple (node:net:1139:18)
    at afterConnectMultiple (node:net:1712:7)
[2m9:53:25 am[22m [31m[1m[vite][22m[39m [31mhttp proxy error: /api/fraud-memory[39m
AggregateError [ECONNREFUSED]: 
    at internalConnectMultiple (node:net:1139:18)
    at afterConnectMultiple (node:net:1712:7)
[2m9:53:25 am[22m [31m[1m[vite][22m[39m [31mhttp proxy error: /api/claims[39m
AggregateError [ECONNREFUSED]: 
    at internalConnectMultiple (node:net:1139:18)
    at afterConnectMultiple (node:net:1712:7)
[2m9:53:26 am[22m [31m[1m[vite][22m[39m [31mhttp proxy error: /api/fraud-memory[39m
AggregateError [ECONNREFUSED]: 
    at internalConnectMultiple (node:net:1139:18)
    at afterConnectMultiple (node:net:1712:7)
[2m9:53:26 am[22m [31m[1m[vite][22m[39m [31mhttp proxy error: /api/claims[39m
AggregateError [ECONNREFUSED]: 
    at internalConnectMultiple (node:net:1139:18)
    at afterConnectMultiple (node:net:1712:7)
[2m9:53:29 am[22m [31m[1m[vite][22m[39m [31mhttp proxy error: /api/health[39m
AggregateError [ECONNREFUSED]: 
    at internalConnectMultiple (node:net:1139:18)
    at afterConnectMultiple (node:net:1712:7)
[2m9:53:29 am[22m [31m[1m[vite][22m[39m [31mhttp proxy error: /api/stats[39m
AggregateError [ECONNREFUSED]: 
    at internalConnectMultiple (node:net:1139:18)
    at afterConnectMultiple (node:net:1712:7)
[2m9:53:30 am[22m [31m[1m[vite][22m[39m [31mhttp proxy error: /api/claims[39m
AggregateError [ECONNREFUSED]: 
    at internalConnectMultiple (node:net:1139:18)
    at afterConnectMultiple (node:net:1712:7)
[2m9:53:30 am[22m [31m[1m[vite][22m[39m [31mhttp proxy error: /api/health[39m
AggregateError [ECONNREFUSED]: 
    at internalConnectMultiple (node:net:1139:18)
    at afterConnectMultiple (node:net:1712:7)
[2m9:53:30 am[22m [31m[1m[vite][22m[39m [31mhttp proxy error: /api/stats[39m
AggregateError [ECONNREFUSED]: 
    at internalConnectMultiple (node:net:1139:18)
    at afterConnectMultiple (node:net:1712:7)
[2m9:53:30 am[22m [31m[1m[vite][22m[39m [31mhttp proxy error: /api/claims[39m
AggregateError [ECONNREFUSED]: 
    at internalConnectMultiple (node:net:1139:18)
    at afterConnectMultiple (node:net:1712:7)
[2m9:53:31 am[22m [31m[1m[vite][22m[39m [31mhttp proxy error: /api/claims[39m
AggregateError [ECONNREFUSED]: 
    at internalConnectMultiple (node:net:1139:18)
    at afterConnectMultiple (node:net:1712:7)
[2m9:53:35 am[22m [31m[1m[vite][22m[39m [31mhttp proxy error: /api/health[39m
AggregateError [ECONNREFUSED]: 
    at internalConnectMultiple (node:net:1139:18)
    at afterConnectMultiple (node:net:1712:7)
[2m9:53:35 am[22m [31m[1m[vite][22m[39m [31mhttp proxy error: /api/stats[39m
AggregateError [ECONNREFUSED]: 
    at internalConnectMultiple (node:net:1139:18)
    at afterConnectMultiple (node:net:1712:7)
[2m9:53:35 am[22m [31m[1m[vite][22m[39m [31mhttp proxy error: /api/claims[39m
AggregateError [ECONNREFUSED]: 
    at internalConnectMultiple (node:net:1139:18)
    at afterConnectMultiple (node:net:1712:7)
[2m9:53:36 am[22m [31m[1m[vite][22m[39m [31mhttp proxy error: /api/claims[39m
AggregateError [ECONNREFUSED]: 
    at internalConnectMultiple (node:net:1139:18)
    at afterConnectMultiple (node:net:1712:7)
[2m9:53:36 am[22m [31m[1m[vite][22m[39m [31mhttp proxy error: /api/fraud-memory[39m
AggregateError [ECONNREFUSED]: 
    at internalConnectMultiple (node:net:1139:18)
    at afterConnectMultiple (node:net:1712:7)
[2m9:53:36 am[22m [31m[1m[vite][22m[39m [31mhttp proxy error: /api/stats[39m
AggregateError [ECONNREFUSED]: 
    at internalConnectMultiple (node:net:1139:18)
    at afterConnectMultiple (node:net:1712:7)
[2m9:53:36 am[22m [31m[1m[vite][22m[39m [31mhttp proxy error: /api/health[39m
AggregateError [ECONNREFUSED]: 
    at internalConnectMultiple (node:net:1139:18)
    at afterConnectMultiple (node:net:1712:7)
[2m9:53:36 am[22m [31m[1m[vite][22m[39m [31mhttp proxy error: /api/claims[39m
AggregateError [ECONNREFUSED]: 
    at internalConnectMultiple (node:net:1139:18)
    at afterConnectMultiple (node:net:1712:7)
[2m9:53:37 am[22m [31m[1m[vite][22m[39m [31mhttp proxy error: /api/fraud-memory[39m
AggregateError [ECONNREFUSED]: 
    at internalConnectMultiple (node:net:1139:18)
    at afterConnectMultiple (node:net:1712:7)
[2m9:53:40 am[22m [31m[1m[vite][22m[39m [31mhttp proxy error: /api/claims[39m
AggregateError [ECONNREFUSED]: 
    at internalConnectMultiple (node:net:1139:18)
    at afterConnectMultiple (node:net:1712:7)
[2m9:53:41 am[22m [31m[1m[vite][22m[39m [31mhttp proxy error: /api/stats[39m
AggregateError [ECONNREFUSED]: 
    at internalConnectMultiple (node:net:1139:18)
    at afterConnectMultiple (node:net:1712:7)
[2m9:53:41 am[22m [31m[1m[vite][22m[39m [31mhttp proxy error: /api/health[39m
AggregateError [ECONNREFUSED]: 
    at internalConnectMultiple (node:net:1139:18)
    at afterConnectMultiple (node:net:1712:7)
[2m9:53:41 am[22m [31m[1m[vite][22m[39m [31mhttp proxy error: /api/claims[39m
AggregateError [ECONNREFUSED]: 
    at internalConnectMultiple (node:net:1139:18)
    at afterConnectMultiple (node:net:1712:7)
[2m9:53:42 am[22m [31m[1m[vite][22m[39m [31mhttp proxy error: /api/claims[39m
AggregateError [ECONNREFUSED]: 
    at internalConnectMultiple (node:net:1139:18)
    at afterConnectMultiple (node:net:1712:7)
[2m9:53:42 am[22m [31m[1m[vite][22m[39m [31mhttp proxy error: /api/stats[39m
AggregateError [ECONNREFUSED]: 
    at internalConnectMultiple (node:net:1139:18)
    at afterConnectMultiple (node:net:1712:7)
[2m9:53:42 am[22m [31m[1m[vite][22m[39m [31mhttp proxy error: /api/health[39m
AggregateError [ECONNREFUSED]: 
    at internalConnectMultiple (node:net:1139:18)
    at afterConnectMultiple (node:net:1712:7)
[2m9:53:45 am[22m [31m[1m[vite][22m[39m [31mhttp proxy error: /api/claims[39m
AggregateError [ECONNREFUSED]: 
    at internalConnectMultiple (node:net:1139:18)
    at afterConnectMultiple (node:net:1712:7)
[2m9:53:46 am[22m [31m[1m[vite][22m[39m [31mhttp proxy error: /api/claims[39m
AggregateError [ECONNREFUSED]: 
    at internalConnectMultiple (node:net:1139:18)
    at afterConnectMultiple (node:net:1712:7)
[2m9:53:47 am[22m [31m[1m[vite][22m[39m [31mhttp proxy error: /api/fraud-memory[39m
AggregateError [ECONNREFUSED]: 
    at internalConnectMultiple (node:net:1139:18)
    at afterConnectMultiple (node:net:1712:7)
[2m9:53:47 am[22m [31m[1m[vite][22m[39m [31mhttp proxy error: /api/stats[39m
AggregateError [ECONNREFUSED]: 
    at internalConnectMultiple (node:net:1139:18)
    at afterConnectMultiple (node:net:1712:7)
[2m9:53:47 am[22m [31m[1m[vite][22m[39m [31mhttp proxy error: /api/health[39m
AggregateError [ECONNREFUSED]: 
    at internalConnectMultiple (node:net:1139:18)
    at afterConnectMultiple (node:net:1712:7)
[2m9:53:48 am[22m [31m[1m[vite][22m[39m [31mhttp proxy error: /api/claims[39m
AggregateError [ECONNREFUSED]: 
    at internalConnectMultiple (node:net:1139:18)
    at afterConnectMultiple (node:net:1712:7)
[2m9:53:48 am[22m [31m[1m[vite][22m[39m [31mhttp proxy error: /api/fraud-memory[39m
AggregateError [ECONNREFUSED]: 
    at internalConnectMultiple (node:net:1139:18)
    at afterConnectMultiple (node:net:1712:7)
[2m9:53:48 am[22m [31m[1m[vite][22m[39m [31mhttp proxy error: /api/stats[39m
AggregateError [ECONNREFUSED]: 
    at internalConnectMultiple (node:net:1139:18)
    at afterConnectMultiple (node:net:1712:7)
[2m9:53:48 am[22m [31m[1m[vite][22m[39m [31mhttp proxy error: /api/health[39m
AggregateError [ECONNREFUSED]: 
    at internalConnectMultiple (node:net:1139:18)
    at afterConnectMultiple (node:net:1712:7)
[2m9:53:50 am[22m [31m[1m[vite][22m[39m [31mhttp proxy error: /api/claims[39m
AggregateError [ECONNREFUSED]: 
    at internalConnectMultiple (node:net:1139:18)
    at afterConnectMultiple (node:net:1712:7)
[2m9:53:51 am[22m [31m[1m[vite][22m[39m [31mhttp proxy error: /api/claims[39m
AggregateError [ECONNREFUSED]: 
    at internalConnectMultiple (node:net:1139:18)
    at afterConnectMultiple (node:net:1712:7)
[2m9:53:53 am[22m [31m[1m[vite][22m[39m [31mhttp proxy error: /api/stats[39m
AggregateError [ECONNREFUSED]: 
    at internalConnectMultiple (node:net:1139:18)
    at afterConnectMultiple (node:net:1712:7)
[2m9:53:53 am[22m [31m[1m[vite][22m[39m [31mhttp proxy error: /api/health[39m
AggregateError [ECONNREFUSED]: 
    at internalConnectMultiple (node:net:1139:18)
    at afterConnectMultiple (node:net:1712:7)
[2m9:53:54 am[22m [31m[1m[vite][22m[39m [31mhttp proxy error: /api/claims[39m
AggregateError [ECONNREFUSED]: 
    at internalConnectMultiple (node:net:1139:18)
    at afterConnectMultiple (node:net:1712:7)
[2m9:53:54 am[22m [31m[1m[vite][22m[39m [31mhttp proxy error: /api/stats[39m
AggregateError [ECONNREFUSED]: 
    at internalConnectMultiple (node:net:1139:18)
    at afterConnectMultiple (node:net:1712:7)
[2m9:53:54 am[22m [31m[1m[vite][22m[39m [31mhttp proxy error: /api/health[39m
AggregateError [ECONNREFUSED]: 
    at internalConnectMultiple (node:net:1139:18)
    at afterConnectMultiple (node:net:1712:7)
[2m9:53:55 am[22m [31m[1m[vite][22m[39m [31mhttp proxy error: /api/claims[39m
AggregateError [ECONNREFUSED]: 
    at internalConnectMultiple (node:net:1139:18)
    at afterConnectMultiple (node:net:1712:7)
[2m9:53:56 am[22m [31m[1m[vite][22m[39m [31mhttp proxy error: /api/claims[39m
AggregateError [ECONNREFUSED]: 
    at internalConnectMultiple (node:net:1139:18)
    at afterConnectMultiple (node:net:1712:7)
[2m9:53:58 am[22m [31m[1m[vite][22m[39m [31mhttp proxy error: /api/fraud-memory[39m
AggregateError [ECONNREFUSED]: 
    at internalConnectMultiple (node:net:1139:18)
    at afterConnectMultiple (node:net:1712:7)
[2m9:53:59 am[22m [31m[1m[vite][22m[39m [31mhttp proxy error: /api/fraud-memory[39m
AggregateError [ECONNREFUSED]: 
    at internalConnectMultiple (node:net:1139:18)
    at afterConnectMultiple (node:net:1712:7)
[2m9:53:59 am[22m [31m[1m[vite][22m[39m [31mhttp proxy error: /api/stats[39m
AggregateError [ECONNREFUSED]: 
    at internalConnectMultiple (node:net:1139:18)
    at afterConnectMultiple (node:net:1712:7)
[2m9:53:59 am[22m [31m[1m[vite][22m[39m [31mhttp proxy error: /api/health[39m
AggregateError [ECONNREFUSED]: 
    at internalConnectMultiple (node:net:1139:18)
    at afterConnectMultiple (node:net:1712:7)
[2m9:54:00 am[22m [31m[1m[vite][22m[39m [31mhttp proxy error: /api/claims[39m
AggregateError [ECONNREFUSED]: 
    at internalConnectMultiple (node:net:1139:18)
    at afterConnectMultiple (node:net:1712:7)
[2m9:54:00 am[22m [31m[1m[vite][22m[39m [31mhttp proxy error: /api/health[39m
AggregateError [ECONNREFUSED]: 
    at internalConnectMultiple (node:net:1139:18)
    at afterConnectMultiple (node:net:1712:7)
[2m9:54:00 am[22m [31m[1m[vite][22m[39m [31mhttp proxy error: /api/stats[39m
AggregateError [ECONNREFUSED]: 
    at internalConnectMultiple (node:net:1139:18)
    at afterConnectMultiple (node:net:1712:7)
[2m9:54:00 am[22m [31m[1m[vite][22m[39m [31mhttp proxy error: /api/claims[39m
AggregateError [ECONNREFUSED]: 
    at internalConnectMultiple (node:net:1139:18)
    at afterConnectMultiple (node:net:1712:7)
[2m9:54:01 am[22m [31m[1m[vite][22m[39m [31mhttp proxy error: /api/claims[39m
AggregateError [ECONNREFUSED]: 
    at internalConnectMultiple (node:net:1139:18)
    at afterConnectMultiple (node:net:1712:7)
[2m9:54:05 am[22m [31m[1m[vite][22m[39m [31mhttp proxy error: /api/health[39m
AggregateError [ECONNREFUSED]: 
    at internalConnectMultiple (node:net:1139:18)
    at afterConnectMultiple (node:net:1712:7)
[2m9:54:05 am[22m [31m[1m[vite][22m[39m [31mhttp proxy error: /api/stats[39m
AggregateError [ECONNREFUSED]: 
    at internalConnectMultiple (node:net:1139:18)
    at afterConnectMultiple (node:net:1712:7)
[2m9:54:05 am[22m [31m[1m[vite][22m[39m [31mhttp proxy error: /api/claims[39m
AggregateError [ECONNREFUSED]: 
    at internalConnectMultiple (node:net:1139:18)
    at afterConnectMultiple (node:net:1712:7)
[2m9:54:06 am[22m [31m[1m[vite][22m[39m [31mhttp proxy error: /api/claims[39m
AggregateError [ECONNREFUSED]: 
    at internalConnectMultiple (node:net:1139:18)
    at afterConnectMultiple (node:net:1712:7)
[2m9:54:06 am[22m [31m[1m[vite][22m[39m [31mhttp proxy error: /api/health[39m
AggregateError [ECONNREFUSED]: 
    at internalConnectMultiple (node:net:1139:18)
    at afterConnectMultiple (node:net:1712:7)
[2m9:54:06 am[22m [31m[1m[vite][22m[39m [31mhttp proxy error: /api/stats[39m
AggregateError [ECONNREFUSED]: 
    at internalConnectMultiple (node:net:1139:18)
    at afterConnectMultiple (node:net:1712:7)
[2m9:54:06 am[22m [31m[1m[vite][22m[39m [31mhttp proxy error: /api/claims[39m
AggregateError [ECONNREFUSED]: 
    at internalConnectMultiple (node:net:1139:18)
    at afterConnectMultiple (node:net:1712:7)
[2m9:54:09 am[22m [31m[1m[vite][22m[39m [31mhttp proxy error: /api/fraud-memory[39m
AggregateError [ECONNREFUSED]: 
    at internalConnectMultiple (node:net:1139:18)
    at afterConnectMultiple (node:net:1712:7)
[2m9:54:10 am[22m [31m[1m[vite][22m[39m [31mhttp proxy error: /api/fraud-memory[39m
AggregateError [ECONNREFUSED]: 
    at internalConnectMultiple (node:net:1139:18)
    at afterConnectMultiple (node:net:1712:7)
[2m9:54:10 am[22m [31m[1m[vite][22m[39m [31mhttp proxy error: /api/claims[39m
AggregateError [ECONNREFUSED]: 
    at internalConnectMultiple (node:net:1139:18)
    at afterConnectMultiple (node:net:1712:7)
[2m9:54:11 am[22m [31m[1m[vite][22m[39m [31mhttp proxy error: /api/health[39m
AggregateError [ECONNREFUSED]: 
    at internalConnectMultiple (node:net:1139:18)
    at afterConnectMultiple (node:net:1712:7)
[2m9:54:11 am[22m [31m[1m[vite][22m[39m [31mhttp proxy error: /api/stats[39m
AggregateError [ECONNREFUSED]: 
    at internalConnectMultiple (node:net:1139:18)
    at afterConnectMultiple (node:net:1712:7)
[2m9:54:12 am[22m [31m[1m[vite][22m[39m [31mhttp proxy error: /api/claims[39m
AggregateError [ECONNREFUSED]: 
    at internalConnectMultiple (node:net:1139:18)
    at afterConnectMultiple (node:net:1712:7)
[2m9:54:12 am[22m [31m[1m[vite][22m[39m [31mhttp proxy error: /api/claims[39m
AggregateError [ECONNREFUSED]: 
    at internalConnectMultiple (node:net:1139:18)
    at afterConnectMultiple (node:net:1712:7)
[2m9:54:12 am[22m [31m[1m[vite][22m[39m [31mhttp proxy error: /api/health[39m
AggregateError [ECONNREFUSED]: 
    at internalConnectMultiple (node:net:1139:18)
    at afterConnectMultiple (node:net:1712:7)
[2m9:54:12 am[22m [31m[1m[vite][22m[39m [31mhttp proxy error: /api/stats[39m
AggregateError [ECONNREFUSED]: 
    at internalConnectMultiple (node:net:1139:18)
    at afterConnectMultiple (node:net:1712:7)
[2m9:54:16 am[22m [31m[1m[vite][22m[39m [31mhttp proxy error: /api/claims[39m
AggregateError [ECONNREFUSED]: 
    at internalConnectMultiple (node:net:1139:18)
    at afterConnectMultiple (node:net:1712:7)
[2m9:54:17 am[22m [31m[1m[vite][22m[39m [31mhttp proxy error: /api/claims[39m
AggregateError [ECONNREFUSED]: 
    at internalConnectMultiple (node:net:1139:18)
    at afterConnectMultiple (node:net:1712:7)
[2m9:54:17 am[22m [31m[1m[vite][22m[39m [31mhttp proxy error: /api/health[39m
AggregateError [ECONNREFUSED]: 
    at internalConnectMultiple (node:net:1139:18)
    at afterConnectMultiple (node:net:1712:7)
[2m9:54:17 am[22m [31m[1m[vite][22m[39m [31mhttp proxy error: /api/stats[39m
AggregateError [ECONNREFUSED]: 
    at internalConnectMultiple (node:net:1139:18)
    at afterConnectMultiple (node:net:1712:7)
[2m9:54:18 am[22m [31m[1m[vite][22m[39m [31mhttp proxy error: /api/claims[39m
AggregateError [ECONNREFUSED]: 
    at internalConnectMultiple (node:net:1139:18)
    at afterConnectMultiple (node:net:1712:7)
[2m9:54:18 am[22m [31m[1m[vite][22m[39m [31mhttp proxy error: /api/health[39m
AggregateError [ECONNREFUSED]: 
    at internalConnectMultiple (node:net:1139:18)
    at afterConnectMultiple (node:net:1712:7)
[2m9:54:18 am[22m [31m[1m[vite][22m[39m [31mhttp proxy error: /api/stats[39m
AggregateError [ECONNREFUSED]: 
    at internalConnectMultiple (node:net:1139:18)
    at afterConnectMultiple (node:net:1712:7)
[2m9:54:20 am[22m [31m[1m[vite][22m[39m [31mhttp proxy error: /api/fraud-memory[39m
AggregateError [ECONNREFUSED]: 
    at internalConnectMultiple (node:net:1139:18)
    at afterConnectMultiple (node:net:1712:7)
[2m9:54:21 am[22m [31m[1m[vite][22m[39m [31mhttp proxy error: /api/claims[39m
AggregateError [ECONNREFUSED]: 
    at internalConnectMultiple (node:net:1139:18)
    at afterConnectMultiple (node:net:1712:7)
[2m9:54:21 am[22m [31m[1m[vite][22m[39m [31mhttp proxy error: /api/fraud-memory[39m
AggregateError [ECONNREFUSED]: 
    at internalConnectMultiple (node:net:1139:18)
    at afterConnectMultiple (node:net:1712:7)
[2m9:54:22 am[22m [31m[1m[vite][22m[39m [31mhttp proxy error: /api/claims[39m
AggregateError [ECONNREFUSED]: 
    at internalConnectMultiple (node:net:1139:18)
    at afterConnectMultiple (node:net:1712:7)
[2m9:54:23 am[22m [31m[1m[vite][22m[39m [31mhttp proxy error: /api/health[39m
AggregateError [ECONNREFUSED]: 
    at internalConnectMultiple (node:net:1139:18)
    at afterConnectMultiple (node:net:1712:7)
[2m9:54:23 am[22m [31m[1m[vite][22m[39m [31mhttp proxy error: /api/stats[39m
AggregateError [ECONNREFUSED]: 
    at internalConnectMultiple (node:net:1139:18)
    at afterConnectMultiple (node:net:1712:7)
[2m9:54:24 am[22m [31m[1m[vite][22m[39m [31mhttp proxy error: /api/claims[39m
AggregateError [ECONNREFUSED]: 
    at internalConnectMultiple (node:net:1139:18)
    at afterConnectMultiple (node:net:1712:7)
[2m9:54:24 am[22m [31m[1m[vite][22m[39m [31mhttp proxy error: /api/health[39m
AggregateError [ECONNREFUSED]: 
    at internalConnectMultiple (node:net:1139:18)
    at afterConnectMultiple (node:net:1712:7)
[2m9:54:24 am[22m [31m[1m[vite][22m[39m [31mhttp proxy error: /api/stats[39m
AggregateError [ECONNREFUSED]: 
    at internalConnectMultiple (node:net:1139:18)
    at afterConnectMultiple (node:net:1712:7)
[2m9:54:26 am[22m [31m[1m[vite][22m[39m [31mhttp proxy error: /api/claims[39m
AggregateError [ECONNREFUSED]: 
    at internalConnectMultiple (node:net:1139:18)
    at afterConnectMultiple (node:net:1712:7)
[2m9:54:27 am[22m [31m[1m[vite][22m[39m [31mhttp proxy error: /api/claims[39m
AggregateError [ECONNREFUSED]: 
    at internalConnectMultiple (node:net:1139:18)
    at afterConnectMultiple (node:net:1712:7)
[2m9:54:30 am[22m [31m[1m[vite][22m[39m [31mhttp proxy error: /api/health[39m
AggregateError [ECONNREFUSED]: 
    at internalConnectMultiple (node:net:1139:18)
    at afterConnectMultiple (node:net:1712:7)
[2m9:54:30 am[22m [31m[1m[vite][22m[39m [31mhttp proxy error: /api/stats[39m
AggregateError [ECONNREFUSED]: 
    at internalConnectMultiple (node:net:1139:18)
    at afterConnectMultiple (node:net:1712:7)
[2m9:54:30 am[22m [31m[1m[vite][22m[39m [31mhttp proxy error: /api/claims[39m
AggregateError [ECONNREFUSED]: 
    at internalConnectMultiple (node:net:1139:18)
    at afterConnectMultiple (node:net:1712:7)
[2m9:54:31 am[22m [31m[1m[vite][22m[39m [31mhttp proxy error: /api/health[39m
AggregateError [ECONNREFUSED]: 
    at internalConnectMultiple (node:net:1139:18)
    at afterConnectMultiple (node:net:1712:7)
[2m9:54:31 am[22m [31m[1m[vite][22m[39m [31mhttp proxy error: /api/stats[39m
AggregateError [ECONNREFUSED]: 
    at internalConnectMultiple (node:net:1139:18)
    at afterConnectMultiple (node:net:1712:7)
[2m9:54:31 am[22m [31m[1m[vite][22m[39m [31mhttp proxy error: /api/claims[39m
AggregateError [ECONNREFUSED]: 
    at internalConnectMultiple (node:net:1139:18)
    at afterConnectMultiple (node:net:1712:7)
[2m9:54:31 am[22m [31m[1m[vite][22m[39m [31mhttp proxy error: /api/fraud-memory[39m
AggregateError [ECONNREFUSED]: 
    at internalConnectMultiple (node:net:1139:18)
    at afterConnectMultiple (node:net:1712:7)
[2m9:54:32 am[22m [31m[1m[vite][22m[39m [31mhttp proxy error: /api/claims[39m
AggregateError [ECONNREFUSED]: 
    at internalConnectMultiple (node:net:1139:18)
    at afterConnectMultiple (node:net:1712:7)
[2m9:54:32 am[22m [31m[1m[vite][22m[39m [31mhttp proxy error: /api/fraud-memory[39m
AggregateError [ECONNREFUSED]: 
    at internalConnectMultiple (node:net:1139:18)
    at afterConnectMultiple (node:net:1712:7)
[2m9:54:36 am[22m [31m[1m[vite][22m[39m [31mhttp proxy error: /api/health[39m
AggregateError [ECONNREFUSED]: 
    at internalConnectMultiple (node:net:1139:18)
    at afterConnectMultiple (node:net:1712:7)
[2m9:54:36 am[22m [31m[1m[vite][22m[39m [31mhttp proxy error: /api/stats[39m
AggregateError [ECONNREFUSED]: 
    at internalConnectMultiple (node:net:1139:18)
    at afterConnectMultiple (node:net:1712:7)
[2m9:54:36 am[22m [31m[1m[vite][22m[39m [31mhttp proxy error: /api/claims[39m
AggregateError [ECONNREFUSED]: 
    at internalConnectMultiple (node:net:1139:18)
    at afterConnectMultiple (node:net:1712:7)
[2m9:54:36 am[22m [31m[1m[vite][22m[39m [31mhttp proxy error: /api/claims[39m
AggregateError [ECONNREFUSED]: 
    at internalConnectMultiple (node:net:1139:18)
    at afterConnectMultiple (node:net:1712:7)
[2m9:54:37 am[22m [31m[1m[vite][22m[39m [31mhttp proxy error: /api/health[39m
AggregateError [ECONNREFUSED]: 
    at internalConnectMultiple (node:net:1139:18)
    at afterConnectMultiple (node:net:1712:7)
[2m9:54:37 am[22m [31m[1m[vite][22m[39m [31mhttp proxy error: /api/stats[39m
AggregateError [ECONNREFUSED]: 
    at internalConnectMultiple (node:net:1139:18)
    at afterConnectMultiple (node:net:1712:7)
[2m9:54:37 am[22m [31m[1m[vite][22m[39m [31mhttp proxy error: /api/claims[39m
AggregateError [ECONNREFUSED]: 
    at internalConnectMultiple (node:net:1139:18)
    at afterConnectMultiple (node:net:1712:7)
[2m9:54:41 am[22m [31m[1m[vite][22m[39m [31mhttp proxy error: /api/claims[39m
AggregateError [ECONNREFUSED]: 
    at internalConnectMultiple (node:net:1139:18)
    at afterConnectMultiple (node:net:1712:7)
[2m9:54:42 am[22m [31m[1m[vite][22m[39m [31mhttp proxy error: /api/health[39m
AggregateError [ECONNREFUSED]: 
    at internalConnectMultiple (node:net:1139:18)
    at afterConnectMultiple (node:net:1712:7)
[2m9:54:42 am[22m [31m[1m[vite][22m[39m [31mhttp proxy error: /api/stats[39m
AggregateError [ECONNREFUSED]: 
    at internalConnectMultiple (node:net:1139:18)
    at afterConnectMultiple (node:net:1712:7)
[2m9:54:42 am[22m [31m[1m[vite][22m[39m [31mhttp proxy error: /api/claims[39m
AggregateError [ECONNREFUSED]: 
    at internalConnectMultiple (node:net:1139:18)
    at afterConnectMultiple (node:net:1712:7)
[2m9:54:42 am[22m [31m[1m[vite][22m[39m [31mhttp proxy error: /api/claims[39m
AggregateError [ECONNREFUSED]: 
    at internalConnectMultiple (node:net:1139:18)
    at afterConnectMultiple (node:net:1712:7)
[2m9:54:42 am[22m [31m[1m[vite][22m[39m [31mhttp proxy error: /api/fraud-memory[39m
AggregateError [ECONNREFUSED]: 
    at internalConnectMultiple (node:net:1139:18)
    at afterConnectMultiple (node:net:1712:7)
[2m9:54:43 am[22m [31m[1m[vite][22m[39m [31mhttp proxy error: /api/health[39m
AggregateError [ECONNREFUSED]: 
    at internalConnectMultiple (node:net:1139:18)
    at afterConnectMultiple (node:net:1712:7)
[2m9:54:43 am[22m [31m[1m[vite][22m[39m [31mhttp proxy error: /api/stats[39m
AggregateError [ECONNREFUSED]: 
    at internalConnectMultiple (node:net:1139:18)
    at afterConnectMultiple (node:net:1712:7)
[2m9:54:43 am[22m [31m[1m[vite][22m[39m [31mhttp proxy error: /api/fraud-memory[39m
AggregateError [ECONNREFUSED]: 
    at internalConnectMultiple (node:net:1139:18)
    at afterConnectMultiple (node:net:1712:7)
[2m9:54:46 am[22m [31m[1m[vite][22m[39m [31mhttp proxy error: /api/claims[39m
AggregateError [ECONNREFUSED]: 
    at internalConnectMultiple (node:net:1139:18)
    at afterConnectMultiple (node:net:1712:7)
[2m9:54:47 am[22m [31m[1m[vite][22m[39m [31mhttp proxy error: /api/claims[39m
AggregateError [ECONNREFUSED]: 
    at internalConnectMultiple (node:net:1139:18)
    at afterConnectMultiple (node:net:1712:7)
[2m9:54:48 am[22m [31m[1m[vite][22m[39m [31mhttp proxy error: /api/health[39m
AggregateError [ECONNREFUSED]: 
    at internalConnectMultiple (node:net:1139:18)
    at afterConnectMultiple (node:net:1712:7)
[2m9:54:48 am[22m [31m[1m[vite][22m[39m [31mhttp proxy error: /api/stats[39m
AggregateError [ECONNREFUSED]: 
    at internalConnectMultiple (node:net:1139:18)
    at afterConnectMultiple (node:net:1712:7)
[2m9:54:48 am[22m [31m[1m[vite][22m[39m [31mhttp proxy error: /api/claims[39m
AggregateError [ECONNREFUSED]: 
    at internalConnectMultiple (node:net:1139:18)
    at afterConnectMultiple (node:net:1712:7)
[2m9:54:49 am[22m [31m[1m[vite][22m[39m [31mhttp proxy error: /api/health[39m
AggregateError [ECONNREFUSED]: 
    at internalConnectMultiple (node:net:1139:18)
    at afterConnectMultiple (node:net:1712:7)
[2m9:54:49 am[22m [31m[1m[vite][22m[39m [31mhttp proxy error: /api/stats[39m
AggregateError [ECONNREFUSED]: 
    at internalConnectMultiple (node:net:1139:18)
    at afterConnectMultiple (node:net:1712:7)
[2m9:54:51 am[22m [31m[1m[vite][22m[39m [31mhttp proxy error: /api/claims[39m
AggregateError [ECONNREFUSED]: 
    at internalConnectMultiple (node:net:1139:18)
    at afterConnectMultiple (node:net:1712:7)
[2m9:54:52 am[22m [31m[1m[vite][22m[39m [31mhttp proxy error: /api/claims[39m
AggregateError [ECONNREFUSED]: 
    at internalConnectMultiple (node:net:1139:18)
    at afterConnectMultiple (node:net:1712:7)
[2m9:54:53 am[22m [31m[1m[vite][22m[39m [31mhttp proxy error: /api/fraud-memory[39m
AggregateError [ECONNREFUSED]: 
    at internalConnectMultiple (node:net:1139:18)
    at afterConnectMultiple (node:net:1712:7)
[2m9:54:54 am[22m [31m[1m[vite][22m[39m [31mhttp proxy error: /api/health[39m
AggregateError [ECONNREFUSED]: 
    at internalConnectMultiple (node:net:1139:18)
    at afterConnectMultiple (node:net:1712:7)
[2m9:54:54 am[22m [31m[1m[vite][22m[39m [31mhttp proxy error: /api/stats[39m
AggregateError [ECONNREFUSED]: 
    at internalConnectMultiple (node:net:1139:18)
    at afterConnectMultiple (node:net:1712:7)
[2m9:54:54 am[22m [31m[1m[vite][22m[39m [31mhttp proxy error: /api/claims[39m
AggregateError [ECONNREFUSED]: 
    at internalConnectMultiple (node:net:1139:18)
    at afterConnectMultiple (node:net:1712:7)
[2m9:54:54 am[22m [31m[1m[vite][22m[39m [31mhttp proxy error: /api/fraud-memory[39m
AggregateError [ECONNREFUSED]: 
    at internalConnectMultiple (node:net:1139:18)
    at afterConnectMultiple (node:net:1712:7)
[2m9:54:55 am[22m [31m[1m[vite][22m[39m [31mhttp proxy error: /api/health[39m
AggregateError [ECONNREFUSED]: 
    at internalConnectMultiple (node:net:1139:18)
    at afterConnectMultiple (node:net:1712:7)
[2m9:54:55 am[22m [31m[1m[vite][22m[39m [31mhttp proxy error: /api/stats[39m
AggregateError [ECONNREFUSED]: 
    at internalConnectMultiple (node:net:1139:18)
    at afterConnectMultiple (node:net:1712:7)
[2m9:54:56 am[22m [31m[1m[vite][22m[39m [31mhttp proxy error: /api/claims[39m
AggregateError [ECONNREFUSED]: 
    at internalConnectMultiple (node:net:1139:18)
    at afterConnectMultiple (node:net:1712:7)
[2m9:54:57 am[22m [31m[1m[vite][22m[39m [31mhttp proxy error: /api/claims[39m
AggregateError [ECONNREFUSED]: 
    at internalConnectMultiple (node:net:1139:18)
    at afterConnectMultiple (node:net:1712:7)
[2m9:55:00 am[22m [31m[1m[vite][22m[39m [31mhttp proxy error: /api/health[39m
AggregateError [ECONNREFUSED]: 
    at internalConnectMultiple (node:net:1139:18)
    at afterConnectMultiple (node:net:1712:7)
[2m9:55:00 am[22m [31m[1m[vite][22m[39m [31mhttp proxy error: /api/stats[39m
AggregateError [ECONNREFUSED]: 
    at internalConnectMultiple (node:net:1139:18)
    at afterConnectMultiple (node:net:1712:7)
[2m9:55:00 am[22m [31m[1m[vite][22m[39m [31mhttp proxy error: /api/claims[39m
AggregateError [ECONNREFUSED]: 
    at internalConnectMultiple (node:net:1139:18)
    at afterConnectMultiple (node:net:1712:7)
[2m9:55:01 am[22m [31m[1m[vite][22m[39m [31mhttp proxy error: /api/health[39m
AggregateError [ECONNREFUSED]: 
    at internalConnectMultiple (node:net:1139:18)
    at afterConnectMultiple (node:net:1712:7)
[2m9:55:01 am[22m [31m[1m[vite][22m[39m [31mhttp proxy error: /api/stats[39m
AggregateError [ECONNREFUSED]: 
    at internalConnectMultiple (node:net:1139:18)
    at afterConnectMultiple (node:net:1712:7)
[2m9:55:01 am[22m [31m[1m[vite][22m[39m [31mhttp proxy error: /api/claims[39m
AggregateError [ECONNREFUSED]: 
    at internalConnectMultiple (node:net:1139:18)
    at afterConnectMultiple (node:net:1712:7)
[2m9:55:02 am[22m [31m[1m[vite][22m[39m [31mhttp proxy error: /api/claims[39m
AggregateError [ECONNREFUSED]: 
    at internalConnectMultiple (node:net:1139:18)
    at afterConnectMultiple (node:net:1712:7)
[2m9:55:04 am[22m [31m[1m[vite][22m[39m [31mhttp proxy error: /api/fraud-memory[39m
AggregateError [ECONNREFUSED]: 
    at internalConnectMultiple (node:net:1139:18)
    at afterConnectMultiple (node:net:1712:7)
[2m9:55:05 am[22m [31m[1m[vite][22m[39m [31mhttp proxy error: /api/fraud-memory[39m
AggregateError [ECONNREFUSED]: 
    at internalConnectMultiple (node:net:1139:18)
    at afterConnectMultiple (node:net:1712:7)
[2m9:55:06 am[22m [31m[1m[vite][22m[39m [31mhttp proxy error: /api/health[39m
AggregateError [ECONNREFUSED]: 
    at internalConnectMultiple (node:net:1139:18)
    at afterConnectMultiple (node:net:1712:7)
[2m9:55:06 am[22m [31m[1m[vite][22m[39m [31mhttp proxy error: /api/stats[39m
AggregateError [ECONNREFUSED]: 
    at internalConnectMultiple (node:net:1139:18)
    at afterConnectMultiple (node:net:1712:7)
[2m9:55:06 am[22m [31m[1m[vite][22m[39m [31mhttp proxy error: /api/claims[39m
AggregateError [ECONNREFUSED]: 
    at internalConnectMultiple (node:net:1139:18)
    at afterConnectMultiple (node:net:1712:7)
[2m9:55:07 am[22m [31m[1m[vite][22m[39m [31mhttp proxy error: /api/health[39m
AggregateError [ECONNREFUSED]: 
    at internalConnectMultiple (node:net:1139:18)
    at afterConnectMultiple (node:net:1712:7)
[2m9:55:07 am[22m [31m[1m[vite][22m[39m [31mhttp proxy error: /api/stats[39m
AggregateError [ECONNREFUSED]: 
    at internalConnectMultiple (node:net:1139:18)
    at afterConnectMultiple (node:net:1712:7)
[2m9:55:07 am[22m [31m[1m[vite][22m[39m [31mhttp proxy error: /api/claims[39m
AggregateError [ECONNREFUSED]: 
    at internalConnectMultiple (node:net:1139:18)
    at afterConnectMultiple (node:net:1712:7)
[2m9:55:11 am[22m [31m[1m[vite][22m[39m [31mhttp proxy error: /api/claims[39m
AggregateError [ECONNREFUSED]: 
    at internalConnectMultiple (node:net:1139:18)
    at afterConnectMultiple (node:net:1712:7)
[2m9:55:12 am[22m [31m[1m[vite][22m[39m [31mhttp proxy error: /api/health[39m
AggregateError [ECONNREFUSED]: 
    at internalConnectMultiple (node:net:1139:18)
    at afterConnectMultiple (node:net:1712:7)
[2m9:55:12 am[22m [31m[1m[vite][22m[39m [31mhttp proxy error: /api/stats[39m
AggregateError [ECONNREFUSED]: 
    at internalConnectMultiple (node:net:1139:18)
    at afterConnectMultiple (node:net:1712:7)
[2m9:55:12 am[22m [31m[1m[vite][22m[39m [31mhttp proxy error: /api/claims[39m
AggregateError [ECONNREFUSED]: 
    at internalConnectMultiple (node:net:1139:18)
    at afterConnectMultiple (node:net:1712:7)
[2m9:55:13 am[22m [31m[1m[vite][22m[39m [31mhttp proxy error: /api/health[39m
AggregateError [ECONNREFUSED]: 
    at internalConnectMultiple (node:net:1139:18)
    at afterConnectMultiple (node:net:1712:7)
[2m9:55:13 am[22m [31m[1m[vite][22m[39m [31mhttp proxy error: /api/stats[39m
AggregateError [ECONNREFUSED]: 
    at internalConnectMultiple (node:net:1139:18)
    at afterConnectMultiple (node:net:1712:7)
[2m9:55:15 am[22m [31m[1m[vite][22m[39m [31mhttp proxy error: /api/fraud-memory[39m
AggregateError [ECONNREFUSED]: 
    at internalConnectMultiple (node:net:1139:18)
    at afterConnectMultiple (node:net:1712:7)
[2m9:55:16 am[22m [31m[1m[vite][22m[39m [31mhttp proxy error: /api/fraud-memory[39m
AggregateError [ECONNREFUSED]: 
    at internalConnectMultiple (node:net:1139:18)
    at afterConnectMultiple (node:net:1712:7)
[2m9:55:16 am[22m [31m[1m[vite][22m[39m [31mhttp proxy error: /api/claims[39m
AggregateError [ECONNREFUSED]: 
    at internalConnectMultiple (node:net:1139:18)
    at afterConnectMultiple (node:net:1712:7)
[2m9:55:17 am[22m [31m[1m[vite][22m[39m [31mhttp proxy error: /api/claims[39m
AggregateError [ECONNREFUSED]: 
    at internalConnectMultiple (node:net:1139:18)
    at afterConnectMultiple (node:net:1712:7)
[2m9:55:18 am[22m [31m[1m[vite][22m[39m [31mhttp proxy error: /api/health[39m
AggregateError [ECONNREFUSED]: 
    at internalConnectMultiple (node:net:1139:18)
    at afterConnectMultiple (node:net:1712:7)
[2m9:55:18 am[22m [31m[1m[vite][22m[39m [31mhttp proxy error: /api/stats[39m
AggregateError [ECONNREFUSED]: 
    at internalConnectMultiple (node:net:1139:18)
    at afterConnectMultiple (node:net:1712:7)
[2m9:55:19 am[22m [31m[1m[vite][22m[39m [31mhttp proxy error: /api/health[39m
AggregateError [ECONNREFUSED]: 
    at internalConnectMultiple (node:net:1139:18)
    at afterConnectMultiple (node:net:1712:7)
[2m9:55:19 am[22m [31m[1m[vite][22m[39m [31mhttp proxy error: /api/stats[39m
AggregateError [ECONNREFUSED]: 
    at internalConnectMultiple (node:net:1139:18)
    at afterConnectMultiple (node:net:1712:7)
[2m9:55:21 am[22m [31m[1m[vite][22m[39m [31mhttp proxy error: /api/claims[39m
AggregateError [ECONNREFUSED]: 
    at internalConnectMultiple (node:net:1139:18)
    at afterConnectMultiple (node:net:1712:7)
[2m9:55:22 am[22m [31m[1m[vite][22m[39m [31mhttp proxy error: /api/claims[39m
AggregateError [ECONNREFUSED]: 
    at internalConnectMultiple (node:net:1139:18)
    at afterConnectMultiple (node:net:1712:7)
[2m9:55:24 am[22m [31m[1m[vite][22m[39m [31mhttp proxy error: /api/health[39m
AggregateError [ECONNREFUSED]: 
    at internalConnectMultiple (node:net:1139:18)
    at afterConnectMultiple (node:net:1712:7)
[2m9:55:24 am[22m [31m[1m[vite][22m[39m [31mhttp proxy error: /api/stats[39m
AggregateError [ECONNREFUSED]: 
    at internalConnectMultiple (node:net:1139:18)
    at afterConnectMultiple (node:net:1712:7)
[2m9:55:25 am[22m [31m[1m[vite][22m[39m [31mhttp proxy error: /api/health[39m
AggregateError [ECONNREFUSED]: 
    at internalConnectMultiple (node:net:1139:18)
    at afterConnectMultiple (node:net:1712:7)
[2m9:55:25 am[22m [31m[1m[vite][22m[39m [31mhttp proxy error: /api/stats[39m
AggregateError [ECONNREFUSED]: 
    at internalConnectMultiple (node:net:1139:18)
    at afterConnectMultiple (node:net:1712:7)
[2m9:55:26 am[22m [31m[1m[vite][22m[39m [31mhttp proxy error: /api/fraud-memory[39m
AggregateError [ECONNREFUSED]: 
    at internalConnectMultiple (node:net:1139:18)
    at afterConnectMultiple (node:net:1712:7)
[2m9:55:26 am[22m [31m[1m[vite][22m[39m [31mhttp proxy error: /api/claims[39m
AggregateError [ECONNREFUSED]: 
    at internalConnectMultiple (node:net:1139:18)
    at afterConnectMultiple (node:net:1712:7)
[2m9:55:27 am[22m [31m[1m[vite][22m[39m [31mhttp proxy error: /api/fraud-memory[39m
AggregateError [ECONNREFUSED]: 
    at internalConnectMultiple (node:net:1139:18)
    at afterConnectMultiple (node:net:1712:7)
[2m9:55:27 am[22m [31m[1m[vite][22m[39m [31mhttp proxy error: /api/claims[39m
AggregateError [ECONNREFUSED]: 
    at internalConnectMultiple (node:net:1139:18)
    at afterConnectMultiple (node:net:1712:7)
[2m9:55:30 am[22m [31m[1m[vite][22m[39m [31mhttp proxy error: /api/health[39m
AggregateError [ECONNREFUSED]: 
    at internalConnectMultiple (node:net:1139:18)
    at afterConnectMultiple (node:net:1712:7)
[2m9:55:30 am[22m [31m[1m[vite][22m[39m [31mhttp proxy error: /api/stats[39m
AggregateError [ECONNREFUSED]: 
    at internalConnectMultiple (node:net:1139:18)
    at afterConnectMultiple (node:net:1712:7)
[2m9:55:31 am[22m [31m[1m[vite][22m[39m [31mhttp proxy error: /api/health[39m
AggregateError [ECONNREFUSED]: 
    at internalConnectMultiple (node:net:1139:18)
    at afterConnectMultiple (node:net:1712:7)
[2m9:55:31 am[22m [31m[1m[vite][22m[39m [31mhttp proxy error: /api/stats[39m
AggregateError [ECONNREFUSED]: 
    at internalConnectMultiple (node:net:1139:18)
    at afterConnectMultiple (node:net:1712:7)
[2m9:55:31 am[22m [31m[1m[vite][22m[39m [31mhttp proxy error: /api/claims[39m
AggregateError [ECONNREFUSED]: 
    at internalConnectMultiple (node:net:1139:18)
    at afterConnectMultiple (node:net:1712:7)
[2m9:55:32 am[22m [31m[1m[vite][22m[39m [31mhttp proxy error: /api/claims[39m
AggregateError [ECONNREFUSED]: 
    at internalConnectMultiple (node:net:1139:18)
    at afterConnectMultiple (node:net:1712:7)
[2m9:55:36 am[22m [31m[1m[vite][22m[39m [31mhttp proxy error: /api/health[39m
AggregateError [ECONNREFUSED]: 
    at internalConnectMultiple (node:net:1139:18)
    at afterConnectMultiple (node:net:1712:7)
[2m9:55:36 am[22m [31m[1m[vite][22m[39m [31mhttp proxy error: /api/stats[39m
AggregateError [ECONNREFUSED]: 
    at internalConnectMultiple (node:net:1139:18)
    at afterConnectMultiple (node:net:1712:7)
[2m9:55:36 am[22m [31m[1m[vite][22m[39m [31mhttp proxy error: /api/claims[39m
AggregateError [ECONNREFUSED]: 
    at internalConnectMultiple (node:net:1139:18)
    at afterConnectMultiple (node:net:1712:7)
[2m9:55:37 am[22m [31m[1m[vite][22m[39m [31mhttp proxy error: /api/fraud-memory[39m
AggregateError [ECONNREFUSED]: 
    at internalConnectMultiple (node:net:1139:18)
    at afterConnectMultiple (node:net:1712:7)
[2m9:55:37 am[22m [31m[1m[vite][22m[39m [31mhttp proxy error: /api/health[39m
AggregateError [ECONNREFUSED]: 
    at internalConnectMultiple (node:net:1139:18)
    at afterConnectMultiple (node:net:1712:7)
[2m9:55:37 am[22m [31m[1m[vite][22m[39m [31mhttp proxy error: /api/stats[39m
AggregateError [ECONNREFUSED]: 
    at internalConnectMultiple (node:net:1139:18)
    at afterConnectMultiple (node:net:1712:7)
[2m9:55:37 am[22m [31m[1m[vite][22m[39m [31mhttp proxy error: /api/claims[39m
AggregateError [ECONNREFUSED]: 
    at internalConnectMultiple (node:net:1139:18)
    at afterConnectMultiple (node:net:1712:7)
[2m9:55:38 am[22m [31m[1m[vite][22m[39m [31mhttp proxy error: /api/fraud-memory[39m
AggregateError [ECONNREFUSED]: 
    at internalConnectMultiple (node:net:1139:18)
    at afterConnectMultiple (node:net:1712:7)
[2m9:55:41 am[22m [31m[1m[vite][22m[39m [31mhttp proxy error: /api/claims[39m
AggregateError [ECONNREFUSED]: 
    at internalConnectMultiple (node:net:1139:18)
    at afterConnectMultiple (node:net:1712:7)
[2m9:55:42 am[22m [31m[1m[vite][22m[39m [31mhttp proxy error: /api/health[39m
AggregateError [ECONNREFUSED]: 
    at internalConnectMultiple (node:net:1139:18)
    at afterConnectMultiple (node:net:1712:7)
[2m9:55:42 am[22m [31m[1m[vite][22m[39m [31mhttp proxy error: /api/stats[39m
AggregateError [ECONNREFUSED]: 
    at internalConnectMultiple (node:net:1139:18)
    at afterConnectMultiple (node:net:1712:7)
[2m9:55:42 am[22m [31m[1m[vite][22m[39m [31mhttp proxy error: /api/claims[39m
AggregateError [ECONNREFUSED]: 
    at internalConnectMultiple (node:net:1139:18)
    at afterConnectMultiple (node:net:1712:7)
[2m9:55:43 am[22m [31m[1m[vite][22m[39m [31mhttp proxy error: /api/health[39m
AggregateError [ECONNREFUSED]: 
    at internalConnectMultiple (node:net:1139:18)
    at afterConnectMultiple (node:net:1712:7)
[2m9:55:43 am[22m [31m[1m[vite][22m[39m [31mhttp proxy error: /api/stats[39m
AggregateError [ECONNREFUSED]: 
    at internalConnectMultiple (node:net:1139:18)
    at afterConnectMultiple (node:net:1712:7)
[2m9:55:46 am[22m [31m[1m[vite][22m[39m [31mhttp proxy error: /api/claims[39m
AggregateError [ECONNREFUSED]: 
    at internalConnectMultiple (node:net:1139:18)
    at afterConnectMultiple (node:net:1712:7)
[2m9:55:47 am[22m [31m[1m[vite][22m[39m [31mhttp proxy error: /api/claims[39m
AggregateError [ECONNREFUSED]: 
    at internalConnectMultiple (node:net:1139:18)
    at afterConnectMultiple (node:net:1712:7)
[2m9:55:48 am[22m [31m[1m[vite][22m[39m [31mhttp proxy error: /api/fraud-memory[39m
AggregateError [ECONNREFUSED]: 
    at internalConnectMultiple (node:net:1139:18)
    at afterConnectMultiple (node:net:1712:7)
[2m9:55:48 am[22m [31m[1m[vite][22m[39m [31mhttp proxy error: /api/health[39m
AggregateError [ECONNREFUSED]: 
    at internalConnectMultiple (node:net:1139:18)
    at afterConnectMultiple (node:net:1712:7)
[2m9:55:48 am[22m [31m[1m[vite][22m[39m [31mhttp proxy error: /api/stats[39m
AggregateError [ECONNREFUSED]: 
    at internalConnectMultiple (node:net:1139:18)
    at afterConnectMultiple (node:net:1712:7)
[2m9:55:49 am[22m [31m[1m[vite][22m[39m [31mhttp proxy error: /api/fraud-memory[39m
AggregateError [ECONNREFUSED]: 
    at internalConnectMultiple (node:net:1139:18)
    at afterConnectMultiple (node:net:1712:7)
[2m9:55:49 am[22m [31m[1m[vite][22m[39m [31mhttp proxy error: /api/health[39m
AggregateError [ECONNREFUSED]: 
    at internalConnectMultiple (node:net:1139:18)
    at afterConnectMultiple (node:net:1712:7)
[2m9:55:49 am[22m [31m[1m[vite][22m[39m [31mhttp proxy error: /api/stats[39m
AggregateError [ECONNREFUSED]: 
    at internalConnectMultiple (node:net:1139:18)
    at afterConnectMultiple (node:net:1712:7)
[2m9:55:51 am[22m [31m[1m[vite][22m[39m [31mhttp proxy error: /api/claims[39m
AggregateError [ECONNREFUSED]: 
    at internalConnectMultiple (node:net:1139:18)
    at afterConnectMultiple (node:net:1712:7)
[2m9:55:52 am[22m [31m[1m[vite][22m[39m [31mhttp proxy error: /api/claims[39m
AggregateError [ECONNREFUSED]: 
    at internalConnectMultiple (node:net:1139:18)
    at afterConnectMultiple (node:net:1712:7)
[2m9:55:54 am[22m [31m[1m[vite][22m[39m [31mhttp proxy error: /api/health[39m
AggregateError [ECONNREFUSED]: 
    at internalConnectMultiple (node:net:1139:18)
    at afterConnectMultiple (node:net:1712:7)
[2m9:55:54 am[22m [31m[1m[vite][22m[39m [31mhttp proxy error: /api/stats[39m
AggregateError [ECONNREFUSED]: 
    at internalConnectMultiple (node:net:1139:18)
    at afterConnectMultiple (node:net:1712:7)
[2m9:55:55 am[22m [31m[1m[vite][22m[39m [31mhttp proxy error: /api/health[39m
AggregateError [ECONNREFUSED]: 
    at internalConnectMultiple (node:net:1139:18)
    at afterConnectMultiple (node:net:1712:7)
[2m9:55:55 am[22m [31m[1m[vite][22m[39m [31mhttp proxy error: /api/stats[39m
AggregateError [ECONNREFUSED]: 
    at internalConnectMultiple (node:net:1139:18)
    at afterConnectMultiple (node:net:1712:7)
[2m9:55:56 am[22m [31m[1m[vite][22m[39m [31mhttp proxy error: /api/claims[39m
AggregateError [ECONNREFUSED]: 
    at internalConnectMultiple (node:net:1139:18)
    at afterConnectMultiple (node:net:1712:7)
[2m9:55:57 am[22m [31m[1m[vite][22m[39m [31mhttp proxy error: /api/claims[39m
AggregateError [ECONNREFUSED]: 
    at internalConnectMultiple (node:net:1139:18)
    at afterConnectMultiple (node:net:1712:7)
[2m9:55:59 am[22m [31m[1m[vite][22m[39m [31mhttp proxy error: /api/fraud-memory[39m
AggregateError [ECONNREFUSED]: 
    at internalConnectMultiple (node:net:1139:18)
    at afterConnectMultiple (node:net:1712:7)
[2m9:56:00 am[22m [31m[1m[vite][22m[39m [31mhttp proxy error: /api/fraud-memory[39m
AggregateError [ECONNREFUSED]: 
    at internalConnectMultiple (node:net:1139:18)
    at afterConnectMultiple (node:net:1712:7)
[2m9:56:00 am[22m [31m[1m[vite][22m[39m [31mhttp proxy error: /api/health[39m
AggregateError [ECONNREFUSED]: 
    at internalConnectMultiple (node:net:1139:18)
    at afterConnectMultiple (node:net:1712:7)
[2m9:56:00 am[22m [31m[1m[vite][22m[39m [31mhttp proxy error: /api/stats[39m
AggregateError [ECONNREFUSED]: 
    at internalConnectMultiple (node:net:1139:18)
    at afterConnectMultiple (node:net:1712:7)
[2m9:56:01 am[22m [31m[1m[vite][22m[39m [31mhttp proxy error: /api/health[39m
AggregateError [ECONNREFUSED]: 
    at internalConnectMultiple (node:net:1139:18)
    at afterConnectMultiple (node:net:1712:7)
[2m9:56:01 am[22m [31m[1m[vite][22m[39m [31mhttp proxy error: /api/stats[39m
AggregateError [ECONNREFUSED]: 
    at internalConnectMultiple (node:net:1139:18)
    at afterConnectMultiple (node:net:1712:7)
[2m9:56:01 am[22m [31m[1m[vite][22m[39m [31mhttp proxy error: /api/claims[39m
AggregateError [ECONNREFUSED]: 
    at internalConnectMultiple (node:net:1139:18)
    at afterConnectMultiple (node:net:1712:7)
[2m9:56:02 am[22m [31m[1m[vite][22m[39m [31mhttp proxy error: /api/claims[39m
AggregateError [ECONNREFUSED]: 
    at internalConnectMultiple (node:net:1139:18)
    at afterConnectMultiple (node:net:1712:7)
[2m9:56:06 am[22m [31m[1m[vite][22m[39m [31mhttp proxy error: /api/health[39m
AggregateError [ECONNREFUSED]: 
    at internalConnectMultiple (node:net:1139:18)
    at afterConnectMultiple (node:net:1712:7)
[2m9:56:06 am[22m [31m[1m[vite][22m[39m [31mhttp proxy error: /api/stats[39m
AggregateError [ECONNREFUSED]: 
    at internalConnectMultiple (node:net:1139:18)
    at afterConnectMultiple (node:net:1712:7)
[2m9:56:06 am[22m [31m[1m[vite][22m[39m [31mhttp proxy error: /api/claims[39m
AggregateError [ECONNREFUSED]: 
    at internalConnectMultiple (node:net:1139:18)
    at afterConnectMultiple (node:net:1712:7)
[2m9:56:07 am[22m [31m[1m[vite][22m[39m [31mhttp proxy error: /api/health[39m
AggregateError [ECONNREFUSED]: 
    at internalConnectMultiple (node:net:1139:18)
    at afterConnectMultiple (node:net:1712:7)
[2m9:56:07 am[22m [31m[1m[vite][22m[39m [31mhttp proxy error: /api/stats[39m
AggregateError [ECONNREFUSED]: 
    at internalConnectMultiple (node:net:1139:18)
    at afterConnectMultiple (node:net:1712:7)
[2m9:56:07 am[22m [31m[1m[vite][22m[39m [31mhttp proxy error: /api/claims[39m
AggregateError [ECONNREFUSED]: 
    at internalConnectMultiple (node:net:1139:18)
    at afterConnectMultiple (node:net:1712:7)
[2m9:56:10 am[22m [31m[1m[vite][22m[39m [31mhttp proxy error: /api/fraud-memory[39m
AggregateError [ECONNREFUSED]: 
    at internalConnectMultiple (node:net:1139:18)
    at afterConnectMultiple (node:net:1712:7)
[2m9:56:11 am[22m [31m[1m[vite][22m[39m [31mhttp proxy error: /api/fraud-memory[39m
AggregateError [ECONNREFUSED]: 
    at internalConnectMultiple (node:net:1139:18)
    at afterConnectMultiple (node:net:1712:7)
[2m9:56:11 am[22m [31m[1m[vite][22m[39m [31mhttp proxy error: /api/claims[39m
AggregateError [ECONNREFUSED]: 
    at internalConnectMultiple (node:net:1139:18)
    at afterConnectMultiple (node:net:1712:7)
[2m9:56:12 am[22m [31m[1m[vite][22m[39m [31mhttp proxy error: /api/health[39m
AggregateError [ECONNREFUSED]: 
    at internalConnectMultiple (node:net:1139:18)
    at afterConnectMultiple (node:net:1712:7)
[2m9:56:12 am[22m [31m[1m[vite][22m[39m [31mhttp proxy error: /api/stats[39m
AggregateError [ECONNREFUSED]: 
    at internalConnectMultiple (node:net:1139:18)
    at afterConnectMultiple (node:net:1712:7)
[2m9:56:12 am[22m [31m[1m[vite][22m[39m [31mhttp proxy error: /api/claims[39m
AggregateError [ECONNREFUSED]: 
    at internalConnectMultiple (node:net:1139:18)
    at afterConnectMultiple (node:net:1712:7)
[2m9:56:13 am[22m [31m[1m[vite][22m[39m [31mhttp proxy error: /api/health[39m
AggregateError [ECONNREFUSED]: 
    at internalConnectMultiple (node:net:1139:18)
    at afterConnectMultiple (node:net:1712:7)
[2m9:56:13 am[22m [31m[1m[vite][22m[39m [31mhttp proxy error: /api/stats[39m
AggregateError [ECONNREFUSED]: 
    at internalConnectMultiple (node:net:1139:18)
    at afterConnectMultiple (node:net:1712:7)
[2m9:56:16 am[22m [31m[1m[vite][22m[39m [31mhttp proxy error: /api/claims[39m
AggregateError [ECONNREFUSED]: 
    at internalConnectMultiple (node:net:1139:18)
    at afterConnectMultiple (node:net:1712:7)
[2m9:56:17 am[22m [31m[1m[vite][22m[39m [31mhttp proxy error: /api/claims[39m
AggregateError [ECONNREFUSED]: 
    at internalConnectMultiple (node:net:1139:18)
    at afterConnectMultiple (node:net:1712:7)
[2m9:56:18 am[22m [31m[1m[vite][22m[39m [31mhttp proxy error: /api/health[39m
AggregateError [ECONNREFUSED]: 
    at internalConnectMultiple (node:net:1139:18)
    at afterConnectMultiple (node:net:1712:7)
[2m9:56:18 am[22m [31m[1m[vite][22m[39m [31mhttp proxy error: /api/stats[39m
AggregateError [ECONNREFUSED]: 
    at internalConnectMultiple (node:net:1139:18)
    at afterConnectMultiple (node:net:1712:7)
[2m9:56:19 am[22m [31m[1m[vite][22m[39m [31mhttp proxy error: /api/health[39m
AggregateError [ECONNREFUSED]: 
    at internalConnectMultiple (node:net:1139:18)
    at afterConnectMultiple (node:net:1712:7)
[2m9:56:19 am[22m [31m[1m[vite][22m[39m [31mhttp proxy error: /api/stats[39m
AggregateError [ECONNREFUSED]: 
    at internalConnectMultiple (node:net:1139:18)
    at afterConnectMultiple (node:net:1712:7)
[2m9:56:21 am[22m [31m[1m[vite][22m[39m [31mhttp proxy error: /api/fraud-memory[39m
AggregateError [ECONNREFUSED]: 
    at internalConnectMultiple (node:net:1139:18)
    at afterConnectMultiple (node:net:1712:7)
[2m9:56:21 am[22m [31m[1m[vite][22m[39m [31mhttp proxy error: /api/claims[39m
AggregateError [ECONNREFUSED]: 
    at internalConnectMultiple (node:net:1139:18)
    at afterConnectMultiple (node:net:1712:7)
[2m9:56:22 am[22m [31m[1m[vite][22m[39m [31mhttp proxy error: /api/fraud-memory[39m
AggregateError [ECONNREFUSED]: 
    at internalConnectMultiple (node:net:1139:18)
    at afterConnectMultiple (node:net:1712:7)
[2m9:56:22 am[22m [31m[1m[vite][22m[39m [31mhttp proxy error: /api/claims[39m
AggregateError [ECONNREFUSED]: 
    at internalConnectMultiple (node:net:1139:18)
    at afterConnectMultiple (node:net:1712:7)
[2m9:56:24 am[22m [31m[1m[vite][22m[39m [31mhttp proxy error: /api/health[39m
AggregateError [ECONNREFUSED]: 
    at internalConnectMultiple (node:net:1139:18)
    at afterConnectMultiple (node:net:1712:7)
[2m9:56:24 am[22m [31m[1m[vite][22m[39m [31mhttp proxy error: /api/stats[39m
AggregateError [ECONNREFUSED]: 
    at internalConnectMultiple (node:net:1139:18)
    at afterConnectMultiple (node:net:1712:7)
[2m9:56:25 am[22m [31m[1m[vite][22m[39m [31mhttp proxy error: /api/health[39m
AggregateError [ECONNREFUSED]: 
    at internalConnectMultiple (node:net:1139:18)
    at afterConnectMultiple (node:net:1712:7)
[2m9:56:25 am[22m [31m[1m[vite][22m[39m [31mhttp proxy error: /api/stats[39m
AggregateError [ECONNREFUSED]: 
    at internalConnectMultiple (node:net:1139:18)
    at afterConnectMultiple (node:net:1712:7)
[2m9:56:26 am[22m [31m[1m[vite][22m[39m [31mhttp proxy error: /api/claims[39m
AggregateError [ECONNREFUSED]: 
    at internalConnectMultiple (node:net:1139:18)
    at afterConnectMultiple (node:net:1712:7)
[2m9:56:27 am[22m [31m[1m[vite][22m[39m [31mhttp proxy error: /api/claims[39m
AggregateError [ECONNREFUSED]: 
    at internalConnectMultiple (node:net:1139:18)
    at afterConnectMultiple (node:net:1712:7)
[2m9:56:30 am[22m [31m[1m[vite][22m[39m [31mhttp proxy error: /api/health[39m
AggregateError [ECONNREFUSED]: 
    at internalConnectMultiple (node:net:1139:18)
    at afterConnectMultiple (node:net:1712:7)
[2m9:56:30 am[22m [31m[1m[vite][22m[39m [31mhttp proxy error: /api/stats[39m
AggregateError [ECONNREFUSED]: 
    at internalConnectMultiple (node:net:1139:18)
    at afterConnectMultiple (node:net:1712:7)
[2m9:56:31 am[22m [31m[1m[vite][22m[39m [31mhttp proxy error: /api/health[39m
AggregateError [ECONNREFUSED]: 
    at internalConnectMultiple (node:net:1139:18)
    at afterConnectMultiple (node:net:1712:7)
[2m9:56:31 am[22m [31m[1m[vite][22m[39m [31mhttp proxy error: /api/stats[39m
AggregateError [ECONNREFUSED]: 
    at internalConnectMultiple (node:net:1139:18)
    at afterConnectMultiple (node:net:1712:7)
[2m9:56:32 am[22m [31m[1m[vite][22m[39m [31mhttp proxy error: /api/claims[39m
AggregateError [ECONNREFUSED]: 
    at internalConnectMultiple (node:net:1139:18)
    at afterConnectMultiple (node:net:1712:7)
[2m9:56:32 am[22m [31m[1m[vite][22m[39m [31mhttp proxy error: /api/fraud-memory[39m
AggregateError [ECONNREFUSED]: 
    at internalConnectMultiple (node:net:1139:18)
    at afterConnectMultiple (node:net:1712:7)
[2m9:56:33 am[22m [31m[1m[vite][22m[39m [31mhttp proxy error: /api/claims[39m
AggregateError [ECONNREFUSED]: 
    at internalConnectMultiple (node:net:1139:18)
    at afterConnectMultiple (node:net:1712:7)
[2m9:56:33 am[22m [31m[1m[vite][22m[39m [31mhttp proxy error: /api/fraud-memory[39m
AggregateError [ECONNREFUSED]: 
    at internalConnectMultiple (node:net:1139:18)
    at afterConnectMultiple (node:net:1712:7)
[2m9:56:36 am[22m [31m[1m[vite][22m[39m [31mhttp proxy error: /api/health[39m
AggregateError [ECONNREFUSED]: 
    at internalConnectMultiple (node:net:1139:18)
    at afterConnectMultiple (node:net:1712:7)
[2m9:56:36 am[22m [31m[1m[vite][22m[39m [31mhttp proxy error: /api/stats[39m
AggregateError [ECONNREFUSED]: 
    at internalConnectMultiple (node:net:1139:18)
    at afterConnectMultiple (node:net:1712:7)
[2m9:56:37 am[22m [31m[1m[vite][22m[39m [31mhttp proxy error: /api/claims[39m
AggregateError [ECONNREFUSED]: 
    at internalConnectMultiple (node:net:1139:18)
    at afterConnectMultiple (node:net:1712:7)
[2m9:56:37 am[22m [31m[1m[vite][22m[39m [31mhttp proxy error: /api/health[39m
AggregateError [ECONNREFUSED]: 
    at internalConnectMultiple (node:net:1139:18)
    at afterConnectMultiple (node:net:1712:7)
[2m9:56:37 am[22m [31m[1m[vite][22m[39m [31mhttp proxy error: /api/stats[39m
AggregateError [ECONNREFUSED]: 
    at internalConnectMultiple (node:net:1139:18)
    at afterConnectMultiple (node:net:1712:7)
[2m9:56:38 am[22m [31m[1m[vite][22m[39m [31mhttp proxy error: /api/claims[39m
AggregateError [ECONNREFUSED]: 
    at internalConnectMultiple (node:net:1139:18)
    at afterConnectMultiple (node:net:1712:7)
[2m9:56:42 am[22m [31m[1m[vite][22m[39m [31mhttp proxy error: /api/claims[39m
AggregateError [ECONNREFUSED]: 
    at internalConnectMultiple (node:net:1139:18)
    at afterConnectMultiple (node:net:1712:7)
[2m9:56:42 am[22m [31m[1m[vite][22m[39m [31mhttp proxy error: /api/health[39m
AggregateError [ECONNREFUSED]: 
    at internalConnectMultiple (node:net:1139:18)
    at afterConnectMultiple (node:net:1712:7)
[2m9:56:42 am[22m [31m[1m[vite][22m[39m [31mhttp proxy error: /api/stats[39m
AggregateError [ECONNREFUSED]: 
    at internalConnectMultiple (node:net:1139:18)
    at afterConnectMultiple (node:net:1712:7)
[2m9:56:43 am[22m [31m[1m[vite][22m[39m [31mhttp proxy error: /api/claims[39m
AggregateError [ECONNREFUSED]: 
    at internalConnectMultiple (node:net:1139:18)
    at afterConnectMultiple (node:net:1712:7)
[2m9:56:43 am[22m [31m[1m[vite][22m[39m [31mhttp proxy error: /api/fraud-memory[39m
AggregateError [ECONNREFUSED]: 
    at internalConnectMultiple (node:net:1139:18)
    at afterConnectMultiple (node:net:1712:7)
[2m9:56:43 am[22m [31m[1m[vite][22m[39m [31mhttp proxy error: /api/health[39m
AggregateError [ECONNREFUSED]: 
    at internalConnectMultiple (node:net:1139:18)
    at afterConnectMultiple (node:net:1712:7)
[2m9:56:43 am[22m [31m[1m[vite][22m[39m [31mhttp proxy error: /api/stats[39m
AggregateError [ECONNREFUSED]: 
    at internalConnectMultiple (node:net:1139:18)
    at afterConnectMultiple (node:net:1712:7)
[2m9:56:44 am[22m [31m[1m[vite][22m[39m [31mhttp proxy error: /api/fraud-memory[39m
AggregateError [ECONNREFUSED]: 
    at internalConnectMultiple (node:net:1139:18)
    at afterConnectMultiple (node:net:1712:7)
[2m9:56:47 am[22m [31m[1m[vite][22m[39m [31mhttp proxy error: /api/claims[39m
AggregateError [ECONNREFUSED]: 
    at internalConnectMultiple (node:net:1139:18)
    at afterConnectMultiple (node:net:1712:7)
[2m9:56:48 am[22m [31m[1m[vite][22m[39m [31mhttp proxy error: /api/claims[39m
AggregateError [ECONNREFUSED]: 
    at internalConnectMultiple (node:net:1139:18)
    at afterConnectMultiple (node:net:1712:7)
[2m9:56:49 am[22m [31m[1m[vite][22m[39m [31mhttp proxy error: /api/health[39m
AggregateError [ECONNREFUSED]: 
    at internalConnectMultiple (node:net:1139:18)
    at afterConnectMultiple (node:net:1712:7)
[2m9:56:49 am[22m [31m[1m[vite][22m[39m [31mhttp proxy error: /api/stats[39m
AggregateError [ECONNREFUSED]: 
    at internalConnectMultiple (node:net:1139:18)
    at afterConnectMultiple (node:net:1712:7)
[2m9:56:50 am[22m [31m[1m[vite][22m[39m [31mhttp proxy error: /api/health[39m
AggregateError [ECONNREFUSED]: 
    at internalConnectMultiple (node:net:1139:18)
    at afterConnectMultiple (node:net:1712:7)
[2m9:56:50 am[22m [31m[1m[vite][22m[39m [31mhttp proxy error: /api/stats[39m
AggregateError [ECONNREFUSED]: 
    at internalConnectMultiple (node:net:1139:18)
    at afterConnectMultiple (node:net:1712:7)
[2m9:56:52 am[22m [31m[1m[vite][22m[39m [31mhttp proxy error: /api/claims[39m
AggregateError [ECONNREFUSED]: 
    at internalConnectMultiple (node:net:1139:18)
    at afterConnectMultiple (node:net:1712:7)
[2m9:56:53 am[22m [31m[1m[vite][22m[39m [31mhttp proxy error: /api/claims[39m
AggregateError [ECONNREFUSED]: 
    at internalConnectMultiple (node:net:1139:18)
    at afterConnectMultiple (node:net:1712:7)
[2m9:56:54 am[22m [31m[1m[vite][22m[39m [31mhttp proxy error: /api/fraud-memory[39m
AggregateError [ECONNREFUSED]: 
    at internalConnectMultiple (node:net:1139:18)
    at afterConnectMultiple (node:net:1712:7)
[2m9:56:55 am[22m [31m[1m[vite][22m[39m [31mhttp proxy error: /api/health[39m
AggregateError [ECONNREFUSED]: 
    at internalConnectMultiple (node:net:1139:18)
    at afterConnectMultiple (node:net:1712:7)
[2m9:56:55 am[22m [31m[1m[vite][22m[39m [31mhttp proxy error: /api/stats[39m
AggregateError [ECONNREFUSED]: 
    at internalConnectMultiple (node:net:1139:18)
    at afterConnectMultiple (node:net:1712:7)
[2m9:56:55 am[22m [31m[1m[vite][22m[39m [31mhttp proxy error: /api/fraud-memory[39m
AggregateError [ECONNREFUSED]: 
    at internalConnectMultiple (node:net:1139:18)
    at afterConnectMultiple (node:net:1712:7)
[2m9:56:56 am[22m [31m[1m[vite][22m[39m [31mhttp proxy error: /api/health[39m
AggregateError [ECONNREFUSED]: 
    at internalConnectMultiple (node:net:1139:18)
    at afterConnectMultiple (node:net:1712:7)
[2m9:56:56 am[22m [31m[1m[vite][22m[39m [31mhttp proxy error: /api/stats[39m
AggregateError [ECONNREFUSED]: 
    at internalConnectMultiple (node:net:1139:18)
    at afterConnectMultiple (node:net:1712:7)
[2m9:56:57 am[22m [31m[1m[vite][22m[39m [31mhttp proxy error: /api/claims[39m
AggregateError [ECONNREFUSED]: 
    at internalConnectMultiple (node:net:1139:18)
    at afterConnectMultiple (node:net:1712:7)
[2m9:56:58 am[22m [31m[1m[vite][22m[39m [31mhttp proxy error: /api/claims[39m
AggregateError [ECONNREFUSED]: 
    at internalConnectMultiple (node:net:1139:18)
    at afterConnectMultiple (node:net:1712:7)
[2m9:57:01 am[22m [31m[1m[vite][22m[39m [31mhttp proxy error: /api/health[39m
AggregateError [ECONNREFUSED]: 
    at internalConnectMultiple (node:net:1139:18)
    at afterConnectMultiple (node:net:1712:7)
[2m9:57:01 am[22m [31m[1m[vite][22m[39m [31mhttp proxy error: /api/stats[39m
AggregateError [ECONNREFUSED]: 
    at internalConnectMultiple (node:net:1139:18)
    at afterConnectMultiple (node:net:1712:7)
[2m9:57:02 am[22m [31m[1m[vite][22m[39m [31mhttp proxy error: /api/health[39m
AggregateError [ECONNREFUSED]: 
    at internalConnectMultiple (node:net:1139:18)
    at afterConnectMultiple (node:net:1712:7)
[2m9:57:02 am[22m [31m[1m[vite][22m[39m [31mhttp proxy error: /api/stats[39m
AggregateError [ECONNREFUSED]: 
    at internalConnectMultiple (node:net:1139:18)
    at afterConnectMultiple (node:net:1712:7)
[2m9:57:02 am[22m [31m[1m[vite][22m[39m [31mhttp proxy error: /api/claims[39m
AggregateError [ECONNREFUSED]: 
    at internalConnectMultiple (node:net:1139:18)
    at afterConnectMultiple (node:net:1712:7)
[2m9:57:03 am[22m [31m[1m[vite][22m[39m [31mhttp proxy error: /api/claims[39m
AggregateError [ECONNREFUSED]: 
    at internalConnectMultiple (node:net:1139:18)
    at afterConnectMultiple (node:net:1712:7)
[2m9:57:05 am[22m [31m[1m[vite][22m[39m [31mhttp proxy error: /api/fraud-memory[39m
AggregateError [ECONNREFUSED]: 
    at internalConnectMultiple (node:net:1139:18)
    at afterConnectMultiple (node:net:1712:7)
[2m9:57:06 am[22m [31m[1m[vite][22m[39m [31mhttp proxy error: /api/fraud-memory[39m
AggregateError [ECONNREFUSED]: 
    at internalConnectMultiple (node:net:1139:18)
    at afterConnectMultiple (node:net:1712:7)
[2m9:57:07 am[22m [31m[1m[vite][22m[39m [31mhttp proxy error: /api/health[39m
AggregateError [ECONNREFUSED]: 
    at internalConnectMultiple (node:net:1139:18)
    at afterConnectMultiple (node:net:1712:7)
[2m9:57:07 am[22m [31m[1m[vite][22m[39m [31mhttp proxy error: /api/stats[39m
AggregateError [ECONNREFUSED]: 
    at internalConnectMultiple (node:net:1139:18)
    at afterConnectMultiple (node:net:1712:7)
[2m9:57:07 am[22m [31m[1m[vite][22m[39m [31mhttp proxy error: /api/claims[39m
AggregateError [ECONNREFUSED]: 
    at internalConnectMultiple (node:net:1139:18)
    at afterConnectMultiple (node:net:1712:7)
[2m9:57:08 am[22m [31m[1m[vite][22m[39m [31mhttp proxy error: /api/health[39m
AggregateError [ECONNREFUSED]: 
    at internalConnectMultiple (node:net:1139:18)
    at afterConnectMultiple (node:net:1712:7)
[2m9:57:08 am[22m [31m[1m[vite][22m[39m [31mhttp proxy error: /api/stats[39m
AggregateError [ECONNREFUSED]: 
    at internalConnectMultiple (node:net:1139:18)
    at afterConnectMultiple (node:net:1712:7)
[2m9:57:08 am[22m [31m[1m[vite][22m[39m [31mhttp proxy error: /api/claims[39m
AggregateError [ECONNREFUSED]: 
    at internalConnectMultiple (node:net:1139:18)
    at afterConnectMultiple (node:net:1712:7)
[2m9:57:12 am[22m [31m[1m[vite][22m[39m [31mhttp proxy error: /api/claims[39m
AggregateError [ECONNREFUSED]: 
    at internalConnectMultiple (node:net:1139:18)
    at afterConnectMultiple (node:net:1712:7)
[2m9:57:13 am[22m [31m[1m[vite][22m[39m [31mhttp proxy error: /api/health[39m
AggregateError [ECONNREFUSED]: 
    at internalConnectMultiple (node:net:1139:18)
    at afterConnectMultiple (node:net:1712:7)
[2m9:57:13 am[22m [31m[1m[vite][22m[39m [31mhttp proxy error: /api/stats[39m
AggregateError [ECONNREFUSED]: 
    at internalConnectMultiple (node:net:1139:18)
    at afterConnectMultiple (node:net:1712:7)
[2m9:57:13 am[22m [31m[1m[vite][22m[39m [31mhttp proxy error: /api/claims[39m
AggregateError [ECONNREFUSED]: 
    at internalConnectMultiple (node:net:1139:18)
    at afterConnectMultiple (node:net:1712:7)
[2m9:57:14 am[22m [31m[1m[vite][22m[39m [31mhttp proxy error: /api/health[39m
AggregateError [ECONNREFUSED]: 
    at internalConnectMultiple (node:net:1139:18)
    at afterConnectMultiple (node:net:1712:7)
[2m9:57:14 am[22m [31m[1m[vite][22m[39m [31mhttp proxy error: /api/stats[39m
AggregateError [ECONNREFUSED]: 
    at internalConnectMultiple (node:net:1139:18)
    at afterConnectMultiple (node:net:1712:7)
[2m9:57:16 am[22m [31m[1m[vite][22m[39m [31mhttp proxy error: /api/fraud-memory[39m
AggregateError [ECONNREFUSED]: 
    at internalConnectMultiple (node:net:1139:18)
    at afterConnectMultiple (node:net:1712:7)
[2m9:57:17 am[22m [31m[1m[vite][22m[39m [31mhttp proxy error: /api/claims[39m
AggregateError [ECONNREFUSED]: 
    at internalConnectMultiple (node:net:1139:18)
    at afterConnectMultiple (node:net:1712:7)
[2m9:57:17 am[22m [31m[1m[vite][22m[39m [31mhttp proxy error: /api/fraud-memory[39m
AggregateError [ECONNREFUSED]: 
    at internalConnectMultiple (node:net:1139:18)
    at afterConnectMultiple (node:net:1712:7)
[2m9:57:18 am[22m [31m[1m[vite][22m[39m [31mhttp proxy error: /api/claims[39m
AggregateError [ECONNREFUSED]: 
    at internalConnectMultiple (node:net:1139:18)
    at afterConnectMultiple (node:net:1712:7)
[2m9:57:19 am[22m [31m[1m[vite][22m[39m [31mhttp proxy error: /api/health[39m
AggregateError [ECONNREFUSED]: 
    at internalConnectMultiple (node:net:1139:18)
    at afterConnectMultiple (node:net:1712:7)
[2m9:57:19 am[22m [31m[1m[vite][22m[39m [31mhttp proxy error: /api/stats[39m
AggregateError [ECONNREFUSED]: 
    at internalConnectMultiple (node:net:1139:18)
    at afterConnectMultiple (node:net:1712:7)
[2m9:57:20 am[22m [31m[1m[vite][22m[39m [31mhttp proxy error: /api/health[39m
AggregateError [ECONNREFUSED]: 
    at internalConnectMultiple (node:net:1139:18)
    at afterConnectMultiple (node:net:1712:7)
[2m9:57:20 am[22m [31m[1m[vite][22m[39m [31mhttp proxy error: /api/stats[39m
AggregateError [ECONNREFUSED]: 
    at internalConnectMultiple (node:net:1139:18)
    at afterConnectMultiple (node:net:1712:7)
[2m9:57:22 am[22m [31m[1m[vite][22m[39m [31mhttp proxy error: /api/claims[39m
AggregateError [ECONNREFUSED]: 
    at internalConnectMultiple (node:net:1139:18)
    at afterConnectMultiple (node:net:1712:7)
[2m9:57:23 am[22m [31m[1m[vite][22m[39m [31mhttp proxy error: /api/claims[39m
AggregateError [ECONNREFUSED]: 
    at internalConnectMultiple (node:net:1139:18)
    at afterConnectMultiple (node:net:1712:7)
[2m9:57:25 am[22m [31m[1m[vite][22m[39m [31mhttp proxy error: /api/health[39m
AggregateError [ECONNREFUSED]: 
    at internalConnectMultiple (node:net:1139:18)
    at afterConnectMultiple (node:net:1712:7)
[2m9:57:25 am[22m [31m[1m[vite][22m[39m [31mhttp proxy error: /api/stats[39m
AggregateError [ECONNREFUSED]: 
    at internalConnectMultiple (node:net:1139:18)
    at afterConnectMultiple (node:net:1712:7)
[2m9:57:26 am[22m [31m[1m[vite][22m[39m [31mhttp proxy error: /api/health[39m
AggregateError [ECONNREFUSED]: 
    at internalConnectMultiple (node:net:1139:18)
    at afterConnectMultiple (node:net:1712:7)
[2m9:57:26 am[22m [31m[1m[vite][22m[39m [31mhttp proxy error: /api/stats[39m
AggregateError [ECONNREFUSED]: 
    at internalConnectMultiple (node:net:1139:18)
    at afterConnectMultiple (node:net:1712:7)
[2m9:57:27 am[22m [31m[1m[vite][22m[39m [31mhttp proxy error: /api/claims[39m
AggregateError [ECONNREFUSED]: 
    at internalConnectMultiple (node:net:1139:18)
    at afterConnectMultiple (node:net:1712:7)
[2m9:57:27 am[22m [31m[1m[vite][22m[39m [31mhttp proxy error: /api/fraud-memory[39m
AggregateError [ECONNREFUSED]: 
    at internalConnectMultiple (node:net:1139:18)
    at afterConnectMultiple (node:net:1712:7)
[2m9:57:28 am[22m [31m[1m[vite][22m[39m [31mhttp proxy error: /api/claims[39m
AggregateError [ECONNREFUSED]: 
    at internalConnectMultiple (node:net:1139:18)
    at afterConnectMultiple (node:net:1712:7)
[2m9:57:28 am[22m [31m[1m[vite][22m[39m [31mhttp proxy error: /api/fraud-memory[39m
AggregateError [ECONNREFUSED]: 
    at internalConnectMultiple (node:net:1139:18)
    at afterConnectMultiple (node:net:1712:7)
[2m9:57:31 am[22m [31m[1m[vite][22m[39m [31mhttp proxy error: /api/health[39m
AggregateError [ECONNREFUSED]: 
    at internalConnectMultiple (node:net:1139:18)
    at afterConnectMultiple (node:net:1712:7)
[2m9:57:31 am[22m [31m[1m[vite][22m[39m [31mhttp proxy error: /api/stats[39m
AggregateError [ECONNREFUSED]: 
    at internalConnectMultiple (node:net:1139:18)
    at afterConnectMultiple (node:net:1712:7)
[2m9:57:32 am[22m [31m[1m[vite][22m[39m [31mhttp proxy error: /api/health[39m
AggregateError [ECONNREFUSED]: 
    at internalConnectMultiple (node:net:1139:18)
    at afterConnectMultiple (node:net:1712:7)
[2m9:57:32 am[22m [31m[1m[vite][22m[39m [31mhttp proxy error: /api/stats[39m
AggregateError [ECONNREFUSED]: 
    at internalConnectMultiple (node:net:1139:18)
    at afterConnectMultiple (node:net:1712:7)
[2m9:57:32 am[22m [31m[1m[vite][22m[39m [31mhttp proxy error: /api/claims[39m
AggregateError [ECONNREFUSED]: 
    at internalConnectMultiple (node:net:1139:18)
    at afterConnectMultiple (node:net:1712:7)
[2m9:57:33 am[22m [31m[1m[vite][22m[39m [31mhttp proxy error: /api/claims[39m
AggregateError [ECONNREFUSED]: 
    at internalConnectMultiple (node:net:1139:18)
    at afterConnectMultiple (node:net:1712:7)
[2m9:57:37 am[22m [31m[1m[vite][22m[39m [31mhttp proxy error: /api/health[39m
AggregateError [ECONNREFUSED]: 
    at internalConnectMultiple (node:net:1139:18)
    at afterConnectMultiple (node:net:1712:7)
[2m9:57:37 am[22m [31m[1m[vite][22m[39m [31mhttp proxy error: /api/stats[39m
AggregateError [ECONNREFUSED]: 
    at internalConnectMultiple (node:net:1139:18)
    at afterConnectMultiple (node:net:1712:7)
[2m9:57:37 am[22m [31m[1m[vite][22m[39m [31mhttp proxy error: /api/claims[39m
AggregateError [ECONNREFUSED]: 
    at internalConnectMultiple (node:net:1139:18)
    at afterConnectMultiple (node:net:1712:7)
[2m9:57:38 am[22m [31m[1m[vite][22m[39m [31mhttp proxy error: /api/health[39m
AggregateError [ECONNREFUSED]: 
    at internalConnectMultiple (node:net:1139:18)
    at afterConnectMultiple (node:net:1712:7)
[2m9:57:38 am[22m [31m[1m[vite][22m[39m [31mhttp proxy error: /api/stats[39m
AggregateError [ECONNREFUSED]: 
    at internalConnectMultiple (node:net:1139:18)
    at afterConnectMultiple (node:net:1712:7)
[2m9:57:38 am[22m [31m[1m[vite][22m[39m [31mhttp proxy error: /api/claims[39m
AggregateError [ECONNREFUSED]: 
    at internalConnectMultiple (node:net:1139:18)
    at afterConnectMultiple (node:net:1712:7)
[2m9:57:38 am[22m [31m[1m[vite][22m[39m [31mhttp proxy error: /api/fraud-memory[39m
AggregateError [ECONNREFUSED]: 
    at internalConnectMultiple (node:net:1139:18)
    at afterConnectMultiple (node:net:1712:7)
[2m9:57:39 am[22m [31m[1m[vite][22m[39m [31mhttp proxy error: /api/fraud-memory[39m
AggregateError [ECONNREFUSED]: 
    at internalConnectMultiple (node:net:1139:18)
    at afterConnectMultiple (node:net:1712:7)
[2m9:57:42 am[22m [31m[1m[vite][22m[39m [31mhttp proxy error: /api/claims[39m
AggregateError [ECONNREFUSED]: 
    at internalConnectMultiple (node:net:1139:18)
    at afterConnectMultiple (node:net:1712:7)
[2m9:57:43 am[22m [31m[1m[vite][22m[39m [31mhttp proxy error: /api/health[39m
AggregateError [ECONNREFUSED]: 
    at internalConnectMultiple (node:net:1139:18)
    at afterConnectMultiple (node:net:1712:7)
[2m9:57:43 am[22m [31m[1m[vite][22m[39m [31mhttp proxy error: /api/stats[39m
AggregateError [ECONNREFUSED]: 
    at internalConnectMultiple (node:net:1139:18)
    at afterConnectMultiple (node:net:1712:7)
[2m9:57:43 am[22m [31m[1m[vite][22m[39m [31mhttp proxy error: /api/claims[39m
AggregateError [ECONNREFUSED]: 
    at internalConnectMultiple (node:net:1139:18)
    at afterConnectMultiple (node:net:1712:7)
[2m9:57:44 am[22m [31m[1m[vite][22m[39m [31mhttp proxy error: /api/health[39m
AggregateError [ECONNREFUSED]: 
    at internalConnectMultiple (node:net:1139:18)
    at afterConnectMultiple (node:net:1712:7)
[2m9:57:44 am[22m [31m[1m[vite][22m[39m [31mhttp proxy error: /api/stats[39m
AggregateError [ECONNREFUSED]: 
    at internalConnectMultiple (node:net:1139:18)
    at afterConnectMultiple (node:net:1712:7)
[2m9:57:47 am[22m [31m[1m[vite][22m[39m [31mhttp proxy error: /api/claims[39m
AggregateError [ECONNREFUSED]: 
    at internalConnectMultiple (node:net:1139:18)
    at afterConnectMultiple (node:net:1712:7)
[2m9:57:48 am[22m [31m[1m[vite][22m[39m [31mhttp proxy error: /api/claims[39m
AggregateError [ECONNREFUSED]: 
    at internalConnectMultiple (node:net:1139:18)
    at afterConnectMultiple (node:net:1712:7)
[2m9:57:49 am[22m [31m[1m[vite][22m[39m [31mhttp proxy error: /api/health[39m
AggregateError [ECONNREFUSED]: 
    at internalConnectMultiple (node:net:1139:18)
    at afterConnectMultiple (node:net:1712:7)
[2m9:57:49 am[22m [31m[1m[vite][22m[39m [31mhttp proxy error: /api/stats[39m
AggregateError [ECONNREFUSED]: 
    at internalConnectMultiple (node:net:1139:18)
    at afterConnectMultiple (node:net:1712:7)
[2m9:57:49 am[22m [31m[1m[vite][22m[39m [31mhttp proxy error: /api/fraud-memory[39m
AggregateError [ECONNREFUSED]: 
    at internalConnectMultiple (node:net:1139:18)
    at afterConnectMultiple (node:net:1712:7)
[2m9:57:50 am[22m [31m[1m[vite][22m[39m [31mhttp proxy error: /api/health[39m
AggregateError [ECONNREFUSED]: 
    at internalConnectMultiple (node:net:1139:18)
    at afterConnectMultiple (node:net:1712:7)
[2m9:57:50 am[22m [31m[1m[vite][22m[39m [31mhttp proxy error: /api/stats[39m
AggregateError [ECONNREFUSED]: 
    at internalConnectMultiple (node:net:1139:18)
    at afterConnectMultiple (node:net:1712:7)
[2m9:57:50 am[22m [31m[1m[vite][22m[39m [31mhttp proxy error: /api/fraud-memory[39m
AggregateError [ECONNREFUSED]: 
    at internalConnectMultiple (node:net:1139:18)
    at afterConnectMultiple (node:net:1712:7)
[2m9:57:52 am[22m [31m[1m[vite][22m[39m [31mhttp proxy error: /api/claims[39m
AggregateError [ECONNREFUSED]: 
    at internalConnectMultiple (node:net:1139:18)
    at afterConnectMultiple (node:net:1712:7)
[2m9:57:53 am[22m [31m[1m[vite][22m[39m [31mhttp proxy error: /api/claims[39m
AggregateError [ECONNREFUSED]: 
    at internalConnectMultiple (node:net:1139:18)
    at afterConnectMultiple (node:net:1712:7)
[2m9:57:55 am[22m [31m[1m[vite][22m[39m [31mhttp proxy error: /api/health[39m
AggregateError [ECONNREFUSED]: 
    at internalConnectMultiple (node:net:1139:18)
    at afterConnectMultiple (node:net:1712:7)
[2m9:57:55 am[22m [31m[1m[vite][22m[39m [31mhttp proxy error: /api/stats[39m
AggregateError [ECONNREFUSED]: 
    at internalConnectMultiple (node:net:1139:18)
    at afterConnectMultiple (node:net:1712:7)
[2m9:57:56 am[22m [31m[1m[vite][22m[39m [31mhttp proxy error: /api/health[39m
AggregateError [ECONNREFUSED]: 
    at internalConnectMultiple (node:net:1139:18)
    at afterConnectMultiple (node:net:1712:7)
[2m9:57:56 am[22m [31m[1m[vite][22m[39m [31mhttp proxy error: /api/stats[39m
AggregateError [ECONNREFUSED]: 
    at internalConnectMultiple (node:net:1139:18)
    at afterConnectMultiple (node:net:1712:7)
[2m9:57:57 am[22m [31m[1m[vite][22m[39m [31mhttp proxy error: /api/claims[39m
AggregateError [ECONNREFUSED]: 
    at internalConnectMultiple (node:net:1139:18)
    at afterConnectMultiple (node:net:1712:7)
[2m9:57:58 am[22m [31m[1m[vite][22m[39m [31mhttp proxy error: /api/claims[39m
AggregateError [ECONNREFUSED]: 
    at internalConnectMultiple (node:net:1139:18)
    at afterConnectMultiple (node:net:1712:7)
[2m9:58:00 am[22m [31m[1m[vite][22m[39m [31mhttp proxy error: /api/fraud-memory[39m
AggregateError [ECONNREFUSED]: 
    at internalConnectMultiple (node:net:1139:18)
    at afterConnectMultiple (node:net:1712:7)
[2m9:58:01 am[22m [31m[1m[vite][22m[39m [31mhttp proxy error: /api/health[39m
AggregateError [ECONNREFUSED]: 
    at internalConnectMultiple (node:net:1139:18)
    at afterConnectMultiple (node:net:1712:7)
[2m9:58:01 am[22m [31m[1m[vite][22m[39m [31mhttp proxy error: /api/stats[39m
AggregateError [ECONNREFUSED]: 
    at internalConnectMultiple (node:net:1139:18)
    at afterConnectMultiple (node:net:1712:7)
[2m9:58:02 am[22m [31m[1m[vite][22m[39m [31mhttp proxy error: /api/fraud-memory[39m
AggregateError [ECONNREFUSED]: 
    at internalConnectMultiple (node:net:1139:18)
    at afterConnectMultiple (node:net:1712:7)
[2m9:58:02 am[22m [31m[1m[vite][22m[39m [31mhttp proxy error: /api/health[39m
AggregateError [ECONNREFUSED]: 
    at internalConnectMultiple (node:net:1139:18)
    at afterConnectMultiple (node:net:1712:7)
[2m9:58:02 am[22m [31m[1m[vite][22m[39m [31mhttp proxy error: /api/stats[39m
AggregateError [ECONNREFUSED]: 
    at internalConnectMultiple (node:net:1139:18)
    at afterConnectMultiple (node:net:1712:7)
[2m9:58:02 am[22m [31m[1m[vite][22m[39m [31mhttp proxy error: /api/claims[39m
AggregateError [ECONNREFUSED]: 
    at internalConnectMultiple (node:net:1139:18)
    at afterConnectMultiple (node:net:1712:7)
[2m9:58:03 am[22m [31m[1m[vite][22m[39m [31mhttp proxy error: /api/claims[39m
AggregateError [ECONNREFUSED]: 
    at internalConnectMultiple (node:net:1139:18)
    at afterConnectMultiple (node:net:1712:7)
[2m9:58:07 am[22m [31m[1m[vite][22m[39m [31mhttp proxy error: /api/health[39m
AggregateError [ECONNREFUSED]: 
    at internalConnectMultiple (node:net:1139:18)
    at afterConnectMultiple (node:net:1712:7)
[2m9:58:07 am[22m [31m[1m[vite][22m[39m [31mhttp proxy error: /api/stats[39m
AggregateError [ECONNREFUSED]: 
    at internalConnectMultiple (node:net:1139:18)
    at afterConnectMultiple (node:net:1712:7)
[2m9:58:07 am[22m [31m[1m[vite][22m[39m [31mhttp proxy error: /api/claims[39m
AggregateError [ECONNREFUSED]: 
    at internalConnectMultiple (node:net:1139:18)
    at afterConnectMultiple (node:net:1712:7)
[2m9:58:08 am[22m [31m[1m[vite][22m[39m [31mhttp proxy error: /api/health[39m
AggregateError [ECONNREFUSED]: 
    at internalConnectMultiple (node:net:1139:18)
    at afterConnectMultiple (node:net:1712:7)
[2m9:58:08 am[22m [31m[1m[vite][22m[39m [31mhttp proxy error: /api/stats[39m
AggregateError [ECONNREFUSED]: 
    at internalConnectMultiple (node:net:1139:18)
    at afterConnectMultiple (node:net:1712:7)
[2m9:58:08 am[22m [31m[1m[vite][22m[39m [31mhttp proxy error: /api/claims[39m
AggregateError [ECONNREFUSED]: 
    at internalConnectMultiple (node:net:1139:18)
    at afterConnectMultiple (node:net:1712:7)
[2m9:58:12 am[22m [31m[1m[vite][22m[39m [31mhttp proxy error: /api/fraud-memory[39m
AggregateError [ECONNREFUSED]: 
    at internalConnectMultiple (node:net:1139:18)
    at afterConnectMultiple (node:net:1712:7)
[2m9:58:12 am[22m [31m[1m[vite][22m[39m [31mhttp proxy error: /api/claims[39m
AggregateError [ECONNREFUSED]: 
    at internalConnectMultiple (node:net:1139:18)
    at afterConnectMultiple (node:net:1712:7)
[2m9:58:13 am[22m [31m[1m[vite][22m[39m [31mhttp proxy error: /api/fraud-memory[39m
AggregateError [ECONNREFUSED]: 
    at internalConnectMultiple (node:net:1139:18)
    at afterConnectMultiple (node:net:1712:7)
[2m9:58:13 am[22m [31m[1m[vite][22m[39m [31mhttp proxy error: /api/health[39m
AggregateError [ECONNREFUSED]: 
    at internalConnectMultiple (node:net:1139:18)
    at afterConnectMultiple (node:net:1712:7)
[2m9:58:13 am[22m [31m[1m[vite][22m[39m [31mhttp proxy error: /api/stats[39m
AggregateError [ECONNREFUSED]: 
    at internalConnectMultiple (node:net:1139:18)
    at afterConnectMultiple (node:net:1712:7)
[2m9:58:13 am[22m [31m[1m[vite][22m[39m [31mhttp proxy error: /api/claims[39m
AggregateError [ECONNREFUSED]: 
    at internalConnectMultiple (node:net:1139:18)
    at afterConnectMultiple (node:net:1712:7)
[2m9:58:14 am[22m [31m[1m[vite][22m[39m [31mhttp proxy error: /api/health[39m
AggregateError [ECONNREFUSED]: 
    at internalConnectMultiple (node:net:1139:18)
    at afterConnectMultiple (node:net:1712:7)
[2m9:58:14 am[22m [31m[1m[vite][22m[39m [31mhttp proxy error: /api/stats[39m
AggregateError [ECONNREFUSED]: 
    at internalConnectMultiple (node:net:1139:18)
    at afterConnectMultiple (node:net:1712:7)
[2m9:58:17 am[22m [31m[1m[vite][22m[39m [31mhttp proxy error: /api/claims[39m
AggregateError [ECONNREFUSED]: 
    at internalConnectMultiple (node:net:1139:18)
    at afterConnectMultiple (node:net:1712:7)
[2m9:58:18 am[22m [31m[1m[vite][22m[39m [31mhttp proxy error: /api/claims[39m
AggregateError [ECONNREFUSED]: 
    at internalConnectMultiple (node:net:1139:18)
    at afterConnectMultiple (node:net:1712:7)
[2m9:58:19 am[22m [31m[1m[vite][22m[39m [31mhttp proxy error: /api/health[39m
AggregateError [ECONNREFUSED]: 
    at internalConnectMultiple (node:net:1139:18)
    at afterConnectMultiple (node:net:1712:7)
[2m9:58:19 am[22m [31m[1m[vite][22m[39m [31mhttp proxy error: /api/stats[39m
AggregateError [ECONNREFUSED]: 
    at internalConnectMultiple (node:net:1139:18)
    at afterConnectMultiple (node:net:1712:7)
[2m9:58:20 am[22m [31m[1m[vite][22m[39m [31mhttp proxy error: /api/health[39m
AggregateError [ECONNREFUSED]: 
    at internalConnectMultiple (node:net:1139:18)
    at afterConnectMultiple (node:net:1712:7)
[2m9:58:20 am[22m [31m[1m[vite][22m[39m [31mhttp proxy error: /api/stats[39m
AggregateError [ECONNREFUSED]: 
    at internalConnectMultiple (node:net:1139:18)
    at afterConnectMultiple (node:net:1712:7)
[2m9:58:22 am[22m [31m[1m[vite][22m[39m [31mhttp proxy error: /api/claims[39m
AggregateError [ECONNREFUSED]: 
    at internalConnectMultiple (node:net:1139:18)
    at afterConnectMultiple (node:net:1712:7)
[2m9:58:23 am[22m [31m[1m[vite][22m[39m [31mhttp proxy error: /api/fraud-memory[39m
AggregateError [ECONNREFUSED]: 
    at internalConnectMultiple (node:net:1139:18)
    at afterConnectMultiple (node:net:1712:7)
[2m9:58:23 am[22m [31m[1m[vite][22m[39m [31mhttp proxy error: /api/claims[39m
AggregateError [ECONNREFUSED]: 
    at internalConnectMultiple (node:net:1139:18)
    at afterConnectMultiple (node:net:1712:7)
[2m9:58:24 am[22m [31m[1m[vite][22m[39m [31mhttp proxy error: /api/fraud-memory[39m
AggregateError [ECONNREFUSED]: 
    at internalConnectMultiple (node:net:1139:18)
    at afterConnectMultiple (node:net:1712:7)
[2m9:58:25 am[22m [31m[1m[vite][22m[39m [31mhttp proxy error: /api/health[39m
AggregateError [ECONNREFUSED]: 
    at internalConnectMultiple (node:net:1139:18)
    at afterConnectMultiple (node:net:1712:7)
[2m9:58:25 am[22m [31m[1m[vite][22m[39m [31mhttp proxy error: /api/stats[39m
AggregateError [ECONNREFUSED]: 
    at internalConnectMultiple (node:net:1139:18)
    at afterConnectMultiple (node:net:1712:7)
[2m9:58:26 am[22m [31m[1m[vite][22m[39m [31mhttp proxy error: /api/health[39m
AggregateError [ECONNREFUSED]: 
    at internalConnectMultiple (node:net:1139:18)
    at afterConnectMultiple (node:net:1712:7)
[2m9:58:26 am[22m [31m[1m[vite][22m[39m [31mhttp proxy error: /api/stats[39m
AggregateError [ECONNREFUSED]: 
    at internalConnectMultiple (node:net:1139:18)
    at afterConnectMultiple (node:net:1712:7)
[2m9:58:27 am[22m [31m[1m[vite][22m[39m [31mhttp proxy error: /api/claims[39m
AggregateError [ECONNREFUSED]: 
    at internalConnectMultiple (node:net:1139:18)
    at afterConnectMultiple (node:net:1712:7)
[2m9:58:28 am[22m [31m[1m[vite][22m[39m [31mhttp proxy error: /api/claims[39m
AggregateError [ECONNREFUSED]: 
    at internalConnectMultiple (node:net:1139:18)
    at afterConnectMultiple (node:net:1712:7)
[2m9:58:31 am[22m [31m[1m[vite][22m[39m [31mhttp proxy error: /api/health[39m
AggregateError [ECONNREFUSED]: 
    at internalConnectMultiple (node:net:1139:18)
    at afterConnectMultiple (node:net:1712:7)
[2m9:58:31 am[22m [31m[1m[vite][22m[39m [31mhttp proxy error: /api/stats[39m
AggregateError [ECONNREFUSED]: 
    at internalConnectMultiple (node:net:1139:18)
    at afterConnectMultiple (node:net:1712:7)
[2m9:58:32 am[22m [31m[1m[vite][22m[39m [31mhttp proxy error: /api/health[39m
AggregateError [ECONNREFUSED]: 
    at internalConnectMultiple (node:net:1139:18)
    at afterConnectMultiple (node:net:1712:7)
[2m9:58:32 am[22m [31m[1m[vite][22m[39m [31mhttp proxy error: /api/stats[39m
AggregateError [ECONNREFUSED]: 
    at internalConnectMultiple (node:net:1139:18)
    at afterConnectMultiple (node:net:1712:7)
[2m9:58:32 am[22m [31m[1m[vite][22m[39m [31mhttp proxy error: /api/claims[39m
AggregateError [ECONNREFUSED]: 
    at internalConnectMultiple (node:net:1139:18)
    at afterConnectMultiple (node:net:1712:7)
[2m9:58:33 am[22m [31m[1m[vite][22m[39m [31mhttp proxy error: /api/claims[39m
AggregateError [ECONNREFUSED]: 
    at internalConnectMultiple (node:net:1139:18)
    at afterConnectMultiple (node:net:1712:7)
[2m9:58:34 am[22m [31m[1m[vite][22m[39m [31mhttp proxy error: /api/fraud-memory[39m
AggregateError [ECONNREFUSED]: 
    at internalConnectMultiple (node:net:1139:18)
    at afterConnectMultiple (node:net:1712:7)
[2m9:58:35 am[22m [31m[1m[vite][22m[39m [31mhttp proxy error: /api/fraud-memory[39m
AggregateError [ECONNREFUSED]: 
    at internalConnectMultiple (node:net:1139:18)
    at afterConnectMultiple (node:net:1712:7)
[2m9:58:37 am[22m [31m[1m[vite][22m[39m [31mhttp proxy error: /api/health[39m
AggregateError [ECONNREFUSED]: 
    at internalConnectMultiple (node:net:1139:18)
    at afterConnectMultiple (node:net:1712:7)
[2m9:58:37 am[22m [31m[1m[vite][22m[39m [31mhttp proxy error: /api/stats[39m
AggregateError [ECONNREFUSED]: 
    at internalConnectMultiple (node:net:1139:18)
    at afterConnectMultiple (node:net:1712:7)
[2m9:58:37 am[22m [31m[1m[vite][22m[39m [31mhttp proxy error: /api/claims[39m
AggregateError [ECONNREFUSED]: 
    at internalConnectMultiple (node:net:1139:18)
    at afterConnectMultiple (node:net:1712:7)
[2m9:58:38 am[22m [31m[1m[vite][22m[39m [31mhttp proxy error: /api/health[39m
AggregateError [ECONNREFUSED]: 
    at internalConnectMultiple (node:net:1139:18)
    at afterConnectMultiple (node:net:1712:7)
[2m9:58:38 am[22m [31m[1m[vite][22m[39m [31mhttp proxy error: /api/stats[39m
AggregateError [ECONNREFUSED]: 
    at internalConnectMultiple (node:net:1139:18)
    at afterConnectMultiple (node:net:1712:7)
[2m9:58:38 am[22m [31m[1m[vite][22m[39m [31mhttp proxy error: /api/claims[39m
AggregateError [ECONNREFUSED]: 
    at internalConnectMultiple (node:net:1139:18)
    at afterConnectMultiple (node:net:1712:7)
[2m9:58:42 am[22m [31m[1m[vite][22m[39m [31mhttp proxy error: /api/claims[39m
AggregateError [ECONNREFUSED]: 
    at internalConnectMultiple (node:net:1139:18)
    at afterConnectMultiple (node:net:1712:7)
[2m9:58:45 am[22m [31m[1m[vite][22m[39m [31mhttp proxy error: /api/fraud-memory[39m
AggregateError [ECONNREFUSED]: 
    at internalConnectMultiple (node:net:1139:18)
    at afterConnectMultiple (node:net:1712:7)
[2m9:58:45 am[22m [31m[1m[vite][22m[39m [31mhttp proxy error: /api/stats[39m
AggregateError [ECONNREFUSED]: 
    at internalConnectMultiple (node:net:1139:18)
    at afterConnectMultiple (node:net:1712:7)
[2m9:58:45 am[22m [31m[1m[vite][22m[39m [31mhttp proxy error: /api/claims[39m
AggregateError [ECONNREFUSED]: 
    at internalConnectMultiple (node:net:1139:18)
    at afterConnectMultiple (node:net:1712:7)
[2m9:58:45 am[22m [31m[1m[vite][22m[39m [31mhttp proxy error: /api/health[39m
AggregateError [ECONNREFUSED]: 
    at internalConnectMultiple (node:net:1139:18)
    at afterConnectMultiple (node:net:1712:7)
[2m9:58:46 am[22m [31m[1m[vite][22m[39m [31mhttp proxy error: /api/fraud-memory[39m
AggregateError [ECONNREFUSED]: 
    at internalConnectMultiple (node:net:1139:18)
    at afterConnectMultiple (node:net:1712:7)
[2m9:58:46 am[22m [31m[1m[vite][22m[39m [31mhttp proxy error: /api/stats[39m
AggregateError [ECONNREFUSED]: 
    at internalConnectMultiple (node:net:1139:18)
    at afterConnectMultiple (node:net:1712:7)
[2m9:58:46 am[22m [31m[1m[vite][22m[39m [31mhttp proxy error: /api/health[39m
AggregateError [ECONNREFUSED]: 
    at internalConnectMultiple (node:net:1139:18)
    at afterConnectMultiple (node:net:1712:7)
[2m9:58:50 am[22m [31m[1m[vite][22m[39m [31mhttp proxy error: /api/claims[39m
AggregateError [ECONNREFUSED]: 
    at internalConnectMultiple (node:net:1139:18)
    at afterConnectMultiple (node:net:1712:7)
[2m9:58:51 am[22m [31m[1m[vite][22m[39m [31mhttp proxy error: /api/claims[39m
AggregateError [ECONNREFUSED]: 
    at internalConnectMultiple (node:net:1139:18)
    at afterConnectMultiple (node:net:1712:7)
[2m9:58:51 am[22m [31m[1m[vite][22m[39m [31mhttp proxy error: /api/stats[39m
AggregateError [ECONNREFUSED]: 
    at internalConnectMultiple (node:net:1139:18)
    at afterConnectMultiple (node:net:1712:7)
[2m9:58:51 am[22m [31m[1m[vite][22m[39m [31mhttp proxy error: /api/health[39m
AggregateError [ECONNREFUSED]: 
    at internalConnectMultiple (node:net:1139:18)
    at afterConnectMultiple (node:net:1712:7)
[2m9:58:52 am[22m [31m[1m[vite][22m[39m [31mhttp proxy error: /api/stats[39m
AggregateError [ECONNREFUSED]: 
    at internalConnectMultiple (node:net:1139:18)
    at afterConnectMultiple (node:net:1712:7)
[2m9:58:52 am[22m [31m[1m[vite][22m[39m [31mhttp proxy error: /api/health[39m
AggregateError [ECONNREFUSED]: 
    at internalConnectMultiple (node:net:1139:18)
    at afterConnectMultiple (node:net:1712:7)
[2m9:58:55 am[22m [31m[1m[vite][22m[39m [31mhttp proxy error: /api/claims[39m
AggregateError [ECONNREFUSED]: 
    at internalConnectMultiple (node:net:1139:18)
    at afterConnectMultiple (node:net:1712:7)
[2m9:58:56 am[22m [31m[1m[vite][22m[39m [31mhttp proxy error: /api/claims[39m
AggregateError [ECONNREFUSED]: 
    at internalConnectMultiple (node:net:1139:18)
    at afterConnectMultiple (node:net:1712:7)
[2m9:58:56 am[22m [31m[1m[vite][22m[39m [31mhttp proxy error: /api/fraud-memory[39m
AggregateError [ECONNREFUSED]: 
    at internalConnectMultiple (node:net:1139:18)
    at afterConnectMultiple (node:net:1712:7)
[2m9:58:57 am[22m [31m[1m[vite][22m[39m [31mhttp proxy error: /api/fraud-memory[39m
AggregateError [ECONNREFUSED]: 
    at internalConnectMultiple (node:net:1139:18)
    at afterConnectMultiple (node:net:1712:7)
[2m9:58:57 am[22m [31m[1m[vite][22m[39m [31mhttp proxy error: /api/stats[39m
AggregateError [ECONNREFUSED]: 
    at internalConnectMultiple (node:net:1139:18)
    at afterConnectMultiple (node:net:1712:7)
[2m9:58:57 am[22m [31m[1m[vite][22m[39m [31mhttp proxy error: /api/health[39m
AggregateError [ECONNREFUSED]: 
    at internalConnectMultiple (node:net:1139:18)
    at afterConnectMultiple (node:net:1712:7)
[2m9:58:58 am[22m [31m[1m[vite][22m[39m [31mhttp proxy error: /api/health[39m
AggregateError [ECONNREFUSED]: 
    at internalConnectMultiple (node:net:1139:18)
    at afterConnectMultiple (node:net:1712:7)
[2m9:58:58 am[22m [31m[1m[vite][22m[39m [31mhttp proxy error: /api/stats[39m
AggregateError [ECONNREFUSED]: 
    at internalConnectMultiple (node:net:1139:18)
    at afterConnectMultiple (node:net:1712:7)
[2m9:59:00 am[22m [31m[1m[vite][22m[39m [31mhttp proxy error: /api/claims[39m
AggregateError [ECONNREFUSED]: 
    at internalConnectMultiple (node:net:1139:18)
    at afterConnectMultiple (node:net:1712:7)
[2m9:59:01 am[22m [31m[1m[vite][22m[39m [31mhttp proxy error: /api/claims[39m
AggregateError [ECONNREFUSED]: 
    at internalConnectMultiple (node:net:1139:18)
    at afterConnectMultiple (node:net:1712:7)
[2m9:59:03 am[22m [31m[1m[vite][22m[39m [31mhttp proxy error: /api/health[39m
AggregateError [ECONNREFUSED]: 
    at internalConnectMultiple (node:net:1139:18)
    at afterConnectMultiple (node:net:1712:7)
[2m9:59:03 am[22m [31m[1m[vite][22m[39m [31mhttp proxy error: /api/stats[39m
AggregateError [ECONNREFUSED]: 
    at internalConnectMultiple (node:net:1139:18)
    at afterConnectMultiple (node:net:1712:7)
[2m9:59:04 am[22m [31m[1m[vite][22m[39m [31mhttp proxy error: /api/health[39m
AggregateError [ECONNREFUSED]: 
    at internalConnectMultiple (node:net:1139:18)
    at afterConnectMultiple (node:net:1712:7)
[2m9:59:04 am[22m [31m[1m[vite][22m[39m [31mhttp proxy error: /api/stats[39m
AggregateError [ECONNREFUSED]: 
    at internalConnectMultiple (node:net:1139:18)
    at afterConnectMultiple (node:net:1712:7)
[2m9:59:05 am[22m [31m[1m[vite][22m[39m [31mhttp proxy error: /api/claims[39m
AggregateError [ECONNREFUSED]: 
    at internalConnectMultiple (node:net:1139:18)
    at afterConnectMultiple (node:net:1712:7)
[2m9:59:06 am[22m [31m[1m[vite][22m[39m [31mhttp proxy error: /api/claims[39m
AggregateError [ECONNREFUSED]: 
    at internalConnectMultiple (node:net:1139:18)
    at afterConnectMultiple (node:net:1712:7)
[2m9:59:07 am[22m [31m[1m[vite][22m[39m [31mhttp proxy error: /api/fraud-memory[39m
AggregateError [ECONNREFUSED]: 
    at internalConnectMultiple (node:net:1139:18)
    at afterConnectMultiple (node:net:1712:7)
[2m9:59:08 am[22m [31m[1m[vite][22m[39m [31mhttp proxy error: /api/fraud-memory[39m
AggregateError [ECONNREFUSED]: 
    at internalConnectMultiple (node:net:1139:18)
    at afterConnectMultiple (node:net:1712:7)
[2m9:59:09 am[22m [31m[1m[vite][22m[39m [31mhttp proxy error: /api/health[39m
AggregateError [ECONNREFUSED]: 
    at internalConnectMultiple (node:net:1139:18)
    at afterConnectMultiple (node:net:1712:7)
[2m9:59:09 am[22m [31m[1m[vite][22m[39m [31mhttp proxy error: /api/stats[39m
AggregateError [ECONNREFUSED]: 
    at internalConnectMultiple (node:net:1139:18)
    at afterConnectMultiple (node:net:1712:7)
[2m9:59:10 am[22m [31m[1m[vite][22m[39m [31mhttp proxy error: /api/claims[39m
AggregateError [ECONNREFUSED]: 
    at internalConnectMultiple (node:net:1139:18)
    at afterConnectMultiple (node:net:1712:7)
[2m9:59:10 am[22m [31m[1m[vite][22m[39m [31mhttp proxy error: /api/health[39m
AggregateError [ECONNREFUSED]: 
    at internalConnectMultiple (node:net:1139:18)
    at afterConnectMultiple (node:net:1712:7)
[2m9:59:10 am[22m [31m[1m[vite][22m[39m [31mhttp proxy error: /api/stats[39m
AggregateError [ECONNREFUSED]: 
    at internalConnectMultiple (node:net:1139:18)
    at afterConnectMultiple (node:net:1712:7)
[2m9:59:11 am[22m [31m[1m[vite][22m[39m [31mhttp proxy error: /api/claims[39m
AggregateError [ECONNREFUSED]: 
    at internalConnectMultiple (node:net:1139:18)
    at afterConnectMultiple (node:net:1712:7)
[2m9:59:15 am[22m [31m[1m[vite][22m[39m [31mhttp proxy error: /api/claims[39m
AggregateError [ECONNREFUSED]: 
    at internalConnectMultiple (node:net:1139:18)
    at afterConnectMultiple (node:net:1712:7)
[2m9:59:15 am[22m [31m[1m[vite][22m[39m [31mhttp proxy error: /api/health[39m
AggregateError [ECONNREFUSED]: 
    at internalConnectMultiple (node:net:1139:18)
    at afterConnectMultiple (node:net:1712:7)
[2m9:59:15 am[22m [31m[1m[vite][22m[39m [31mhttp proxy error: /api/stats[39m
AggregateError [ECONNREFUSED]: 
    at internalConnectMultiple (node:net:1139:18)
    at afterConnectMultiple (node:net:1712:7)
[2m9:59:16 am[22m [31m[1m[vite][22m[39m [31mhttp proxy error: /api/claims[39m
AggregateError [ECONNREFUSED]: 
    at internalConnectMultiple (node:net:1139:18)
    at afterConnectMultiple (node:net:1712:7)
[2m9:59:16 am[22m [31m[1m[vite][22m[39m [31mhttp proxy error: /api/health[39m
AggregateError [ECONNREFUSED]: 
    at internalConnectMultiple (node:net:1139:18)
    at afterConnectMultiple (node:net:1712:7)
[2m9:59:16 am[22m [31m[1m[vite][22m[39m [31mhttp proxy error: /api/stats[39m
AggregateError [ECONNREFUSED]: 
    at internalConnectMultiple (node:net:1139:18)
    at afterConnectMultiple (node:net:1712:7)
[2m9:59:18 am[22m [31m[1m[vite][22m[39m [31mhttp proxy error: /api/fraud-memory[39m
AggregateError [ECONNREFUSED]: 
    at internalConnectMultiple (node:net:1139:18)
    at afterConnectMultiple (node:net:1712:7)
[2m9:59:19 am[22m [31m[1m[vite][22m[39m [31mhttp proxy error: /api/fraud-memory[39m
AggregateError [ECONNREFUSED]: 
    at internalConnectMultiple (node:net:1139:18)
    at afterConnectMultiple (node:net:1712:7)
[2m9:59:20 am[22m [31m[1m[vite][22m[39m [31mhttp proxy error: /api/claims[39m
AggregateError [ECONNREFUSED]: 
    at internalConnectMultiple (node:net:1139:18)
    at afterConnectMultiple (node:net:1712:7)
[2m9:59:21 am[22m [31m[1m[vite][22m[39m [31mhttp proxy error: /api/claims[39m
AggregateError [ECONNREFUSED]: 
    at internalConnectMultiple (node:net:1139:18)
    at afterConnectMultiple (node:net:1712:7)
[2m9:59:21 am[22m [31m[1m[vite][22m[39m [31mhttp proxy error: /api/health[39m
AggregateError [ECONNREFUSED]: 
    at internalConnectMultiple (node:net:1139:18)
    at afterConnectMultiple (node:net:1712:7)
[2m9:59:21 am[22m [31m[1m[vite][22m[39m [31mhttp proxy error: /api/stats[39m
AggregateError [ECONNREFUSED]: 
    at internalConnectMultiple (node:net:1139:18)
    at afterConnectMultiple (node:net:1712:7)
[2m9:59:22 am[22m [31m[1m[vite][22m[39m [31mhttp proxy error: /api/health[39m
AggregateError [ECONNREFUSED]: 
    at internalConnectMultiple (node:net:1139:18)
    at afterConnectMultiple (node:net:1712:7)
[2m9:59:22 am[22m [31m[1m[vite][22m[39m [31mhttp proxy error: /api/stats[39m
AggregateError [ECONNREFUSED]: 
    at internalConnectMultiple (node:net:1139:18)
    at afterConnectMultiple (node:net:1712:7)
[2m9:59:25 am[22m [31m[1m[vite][22m[39m [31mhttp proxy error: /api/claims[39m
AggregateError [ECONNREFUSED]: 
    at internalConnectMultiple (node:net:1139:18)
    at afterConnectMultiple (node:net:1712:7)
[2m9:59:26 am[22m [31m[1m[vite][22m[39m [31mhttp proxy error: /api/claims[39m
AggregateError [ECONNREFUSED]: 
    at internalConnectMultiple (node:net:1139:18)
    at afterConnectMultiple (node:net:1712:7)
[2m9:59:27 am[22m [31m[1m[vite][22m[39m [31mhttp proxy error: /api/health[39m
AggregateError [ECONNREFUSED]: 
    at internalConnectMultiple (node:net:1139:18)
    at afterConnectMultiple (node:net:1712:7)
[2m9:59:27 am[22m [31m[1m[vite][22m[39m [31mhttp proxy error: /api/stats[39m
AggregateError [ECONNREFUSED]: 
    at internalConnectMultiple (node:net:1139:18)
    at afterConnectMultiple (node:net:1712:7)
[2m9:59:28 am[22m [31m[1m[vite][22m[39m [31mhttp proxy error: /api/health[39m
AggregateError [ECONNREFUSED]: 
    at internalConnectMultiple (node:net:1139:18)
    at afterConnectMultiple (node:net:1712:7)
[2m9:59:28 am[22m [31m[1m[vite][22m[39m [31mhttp proxy error: /api/stats[39m
AggregateError [ECONNREFUSED]: 
    at internalConnectMultiple (node:net:1139:18)
    at afterConnectMultiple (node:net:1712:7)
[2m9:59:29 am[22m [31m[1m[vite][22m[39m [31mhttp proxy error: /api/fraud-memory[39m
AggregateError [ECONNREFUSED]: 
    at internalConnectMultiple (node:net:1139:18)
    at afterConnectMultiple (node:net:1712:7)
[2m9:59:30 am[22m [31m[1m[vite][22m[39m [31mhttp proxy error: /api/fraud-memory[39m
AggregateError [ECONNREFUSED]: 
    at internalConnectMultiple (node:net:1139:18)
    at afterConnectMultiple (node:net:1712:7)
[2m9:59:30 am[22m [31m[1m[vite][22m[39m [31mhttp proxy error: /api/claims[39m
AggregateError [ECONNREFUSED]: 
    at internalConnectMultiple (node:net:1139:18)
    at afterConnectMultiple (node:net:1712:7)
[2m9:59:31 am[22m [31m[1m[vite][22m[39m [31mhttp proxy error: /api/claims[39m
AggregateError [ECONNREFUSED]: 
    at internalConnectMultiple (node:net:1139:18)
    at afterConnectMultiple (node:net:1712:7)
[2m9:59:33 am[22m [31m[1m[vite][22m[39m [31mhttp proxy error: /api/health[39m
AggregateError [ECONNREFUSED]: 
    at internalConnectMultiple (node:net:1139:18)
    at afterConnectMultiple (node:net:1712:7)
[2m9:59:33 am[22m [31m[1m[vite][22m[39m [31mhttp proxy error: /api/stats[39m
AggregateError [ECONNREFUSED]: 
    at internalConnectMultiple (node:net:1139:18)
    at afterConnectMultiple (node:net:1712:7)
[2m9:59:34 am[22m [31m[1m[vite][22m[39m [31mhttp proxy error: /api/health[39m
AggregateError [ECONNREFUSED]: 
    at internalConnectMultiple (node:net:1139:18)
    at afterConnectMultiple (node:net:1712:7)
[2m9:59:34 am[22m [31m[1m[vite][22m[39m [31mhttp proxy error: /api/stats[39m
AggregateError [ECONNREFUSED]: 
    at internalConnectMultiple (node:net:1139:18)
    at afterConnectMultiple (node:net:1712:7)
[2m9:59:35 am[22m [31m[1m[vite][22m[39m [31mhttp proxy error: /api/claims[39m
AggregateError [ECONNREFUSED]: 
    at internalConnectMultiple (node:net:1139:18)
    at afterConnectMultiple (node:net:1712:7)
[2m9:59:36 am[22m [31m[1m[vite][22m[39m [31mhttp proxy error: /api/claims[39m
AggregateError [ECONNREFUSED]: 
    at internalConnectMultiple (node:net:1139:18)
    at afterConnectMultiple (node:net:1712:7)
[2m9:59:39 am[22m [31m[1m[vite][22m[39m [31mhttp proxy error: /api/health[39m
AggregateError [ECONNREFUSED]: 
    at internalConnectMultiple (node:net:1139:18)
    at afterConnectMultiple (node:net:1712:7)
[2m9:59:39 am[22m [31m[1m[vite][22m[39m [31mhttp proxy error: /api/stats[39m
AggregateError [ECONNREFUSED]: 
    at internalConnectMultiple (node:net:1139:18)
    at afterConnectMultiple (node:net:1712:7)
[2m9:59:40 am[22m [31m[1m[vite][22m[39m [31mhttp proxy error: /api/fraud-memory[39m
AggregateError [ECONNREFUSED]: 
    at internalConnectMultiple (node:net:1139:18)
    at afterConnectMultiple (node:net:1712:7)
[2m9:59:40 am[22m [31m[1m[vite][22m[39m [31mhttp proxy error: /api/claims[39m
AggregateError [ECONNREFUSED]: 
    at internalConnectMultiple (node:net:1139:18)
    at afterConnectMultiple (node:net:1712:7)
[2m9:59:40 am[22m [31m[1m[vite][22m[39m [31mhttp proxy error: /api/health[39m
AggregateError [ECONNREFUSED]: 
    at internalConnectMultiple (node:net:1139:18)
    at afterConnectMultiple (node:net:1712:7)
[2m9:59:40 am[22m [31m[1m[vite][22m[39m [31mhttp proxy error: /api/stats[39m
AggregateError [ECONNREFUSED]: 
    at internalConnectMultiple (node:net:1139:18)
    at afterConnectMultiple (node:net:1712:7)
[2m9:59:41 am[22m [31m[1m[vite][22m[39m [31mhttp proxy error: /api/fraud-memory[39m
AggregateError [ECONNREFUSED]: 
    at internalConnectMultiple (node:net:1139:18)
    at afterConnectMultiple (node:net:1712:7)
[2m9:59:41 am[22m [31m[1m[vite][22m[39m [31mhttp proxy error: /api/claims[39m
AggregateError [ECONNREFUSED]: 
    at internalConnectMultiple (node:net:1139:18)
    at afterConnectMultiple (node:net:1712:7)
[2m9:59:45 am[22m [31m[1m[vite][22m[39m [31mhttp proxy error: /api/claims[39m
AggregateError [ECONNREFUSED]: 
    at internalConnectMultiple (node:net:1139:18)
    at afterConnectMultiple (node:net:1712:7)
[2m9:59:45 am[22m [31m[1m[vite][22m[39m [31mhttp proxy error: /api/health[39m
AggregateError [ECONNREFUSED]: 
    at internalConnectMultiple (node:net:1139:18)
    at afterConnectMultiple (node:net:1712:7)
[2m9:59:45 am[22m [31m[1m[vite][22m[39m [31mhttp proxy error: /api/stats[39m
AggregateError [ECONNREFUSED]: 
    at internalConnectMultiple (node:net:1139:18)
    at afterConnectMultiple (node:net:1712:7)
[2m9:59:46 am[22m [31m[1m[vite][22m[39m [31mhttp proxy error: /api/claims[39m
AggregateError [ECONNREFUSED]: 
    at internalConnectMultiple (node:net:1139:18)
    at afterConnectMultiple (node:net:1712:7)
[2m9:59:46 am[22m [31m[1m[vite][22m[39m [31mhttp proxy error: /api/health[39m
AggregateError [ECONNREFUSED]: 
    at internalConnectMultiple (node:net:1139:18)
    at afterConnectMultiple (node:net:1712:7)
[2m9:59:46 am[22m [31m[1m[vite][22m[39m [31mhttp proxy error: /api/stats[39m
AggregateError [ECONNREFUSED]: 
    at internalConnectMultiple (node:net:1139:18)
    at afterConnectMultiple (node:net:1712:7)
[2m9:59:50 am[22m [31m[1m[vite][22m[39m [31mhttp proxy error: /api/claims[39m
AggregateError [ECONNREFUSED]: 
    at internalConnectMultiple (node:net:1139:18)
    at afterConnectMultiple (node:net:1712:7)
[2m9:59:51 am[22m [31m[1m[vite][22m[39m [31mhttp proxy error: /api/fraud-memory[39m
AggregateError [ECONNREFUSED]: 
    at internalConnectMultiple (node:net:1139:18)
    at afterConnectMultiple (node:net:1712:7)
[2m9:59:52 am[22m [31m[1m[vite][22m[39m [31mhttp proxy error: /api/health[39m
AggregateError [ECONNREFUSED]: 
    at internalConnectMultiple (node:net:1139:18)
    at afterConnectMultiple (node:net:1712:7)
[2m9:59:52 am[22m [31m[1m[vite][22m[39m [31mhttp proxy error: /api/stats[39m
AggregateError [ECONNREFUSED]: 
    at internalConnectMultiple (node:net:1139:18)
    at afterConnectMultiple (node:net:1712:7)
[2m9:59:52 am[22m [31m[1m[vite][22m[39m [31mhttp proxy error: /api/claims[39m
AggregateError [ECONNREFUSED]: 
    at internalConnectMultiple (node:net:1139:18)
    at afterConnectMultiple (node:net:1712:7)
[2m9:59:52 am[22m [31m[1m[vite][22m[39m [31mhttp proxy error: /api/fraud-memory[39m
AggregateError [ECONNREFUSED]: 
    at internalConnectMultiple (node:net:1139:18)
    at afterConnectMultiple (node:net:1712:7)
[2m9:59:53 am[22m [31m[1m[vite][22m[39m [31mhttp proxy error: /api/health[39m
AggregateError [ECONNREFUSED]: 
    at internalConnectMultiple (node:net:1139:18)
    at afterConnectMultiple (node:net:1712:7)
[2m9:59:53 am[22m [31m[1m[vite][22m[39m [31mhttp proxy error: /api/stats[39m
AggregateError [ECONNREFUSED]: 
    at internalConnectMultiple (node:net:1139:18)
    at afterConnectMultiple (node:net:1712:7)
[2m9:59:56 am[22m [31m[1m[vite][22m[39m [31mhttp proxy error: /api/claims[39m
AggregateError [ECONNREFUSED]: 
    at internalConnectMultiple (node:net:1139:18)
    at afterConnectMultiple (node:net:1712:7)
[2m9:59:57 am[22m [31m[1m[vite][22m[39m [31mhttp proxy error: /api/claims[39m
AggregateError [ECONNREFUSED]: 
    at internalConnectMultiple (node:net:1139:18)
    at afterConnectMultiple (node:net:1712:7)
[2m9:59:58 am[22m [31m[1m[vite][22m[39m [31mhttp proxy error: /api/health[39m
AggregateError [ECONNREFUSED]: 
    at internalConnectMultiple (node:net:1139:18)
    at afterConnectMultiple (node:net:1712:7)
[2m9:59:58 am[22m [31m[1m[vite][22m[39m [31mhttp proxy error: /api/stats[39m
AggregateError [ECONNREFUSED]: 
    at internalConnectMultiple (node:net:1139:18)
    at afterConnectMultiple (node:net:1712:7)
[2m9:59:59 am[22m [31m[1m[vite][22m[39m [31mhttp proxy error: /api/health[39m
AggregateError [ECONNREFUSED]: 
    at internalConnectMultiple (node:net:1139:18)
    at afterConnectMultiple (node:net:1712:7)
[2m9:59:59 am[22m [31m[1m[vite][22m[39m [31mhttp proxy error: /api/stats[39m
AggregateError [ECONNREFUSED]: 
    at internalConnectMultiple (node:net:1139:18)
    at afterConnectMultiple (node:net:1712:7)
[2m10:00:01 am[22m [31m[1m[vite][22m[39m [31mhttp proxy error: /api/claims[39m
AggregateError [ECONNREFUSED]: 
    at internalConnectMultiple (node:net:1139:18)
    at afterConnectMultiple (node:net:1712:7)
[2m10:00:02 am[22m [31m[1m[vite][22m[39m [31mhttp proxy error: /api/claims[39m
AggregateError [ECONNREFUSED]: 
    at internalConnectMultiple (node:net:1139:18)
    at afterConnectMultiple (node:net:1712:7)
[2m10:00:02 am[22m [31m[1m[vite][22m[39m [31mhttp proxy error: /api/fraud-memory[39m
AggregateError [ECONNREFUSED]: 
    at internalConnectMultiple (node:net:1139:18)
    at afterConnectMultiple (node:net:1712:7)
[2m10:00:03 am[22m [31m[1m[vite][22m[39m [31mhttp proxy error: /api/fraud-memory[39m
AggregateError [ECONNREFUSED]: 
    at internalConnectMultiple (node:net:1139:18)
    at afterConnectMultiple (node:net:1712:7)
[2m10:00:04 am[22m [31m[1m[vite][22m[39m [31mhttp proxy error: /api/health[39m
AggregateError [ECONNREFUSED]: 
    at internalConnectMultiple (node:net:1139:18)
    at afterConnectMultiple (node:net:1712:7)
[2m10:00:04 am[22m [31m[1m[vite][22m[39m [31mhttp proxy error: /api/stats[39m
AggregateError [ECONNREFUSED]: 
    at internalConnectMultiple (node:net:1139:18)
    at afterConnectMultiple (node:net:1712:7)
[2m10:00:05 am[22m [31m[1m[vite][22m[39m [31mhttp proxy error: /api/health[39m
AggregateError [ECONNREFUSED]: 
    at internalConnectMultiple (node:net:1139:18)
    at afterConnectMultiple (node:net:1712:7)
[2m10:00:05 am[22m [31m[1m[vite][22m[39m [31mhttp proxy error: /api/stats[39m
AggregateError [ECONNREFUSED]: 
    at internalConnectMultiple (node:net:1139:18)
    at afterConnectMultiple (node:net:1712:7)
[2m10:00:06 am[22m [31m[1m[vite][22m[39m [31mhttp proxy error: /api/claims[39m
AggregateError [ECONNREFUSED]: 
    at internalConnectMultiple (node:net:1139:18)
    at afterConnectMultiple (node:net:1712:7)
[2m10:00:07 am[22m [31m[1m[vite][22m[39m [31mhttp proxy error: /api/claims[39m
AggregateError [ECONNREFUSED]: 
    at internalConnectMultiple (node:net:1139:18)
    at afterConnectMultiple (node:net:1712:7)
[2m10:00:10 am[22m [31m[1m[vite][22m[39m [31mhttp proxy error: /api/health[39m
AggregateError [ECONNREFUSED]: 
    at internalConnectMultiple (node:net:1139:18)
    at afterConnectMultiple (node:net:1712:7)
[2m10:00:10 am[22m [31m[1m[vite][22m[39m [31mhttp proxy error: /api/stats[39m
AggregateError [ECONNREFUSED]: 
    at internalConnectMultiple (node:net:1139:18)
    at afterConnectMultiple (node:net:1712:7)
[2m10:00:11 am[22m [31m[1m[vite][22m[39m [31mhttp proxy error: /api/claims[39m
AggregateError [ECONNREFUSED]: 
    at internalConnectMultiple (node:net:1139:18)
    at afterConnectMultiple (node:net:1712:7)
[2m10:00:11 am[22m [31m[1m[vite][22m[39m [31mhttp proxy error: /api/health[39m
AggregateError [ECONNREFUSED]: 
    at internalConnectMultiple (node:net:1139:18)
    at afterConnectMultiple (node:net:1712:7)
[2m10:00:11 am[22m [31m[1m[vite][22m[39m [31mhttp proxy error: /api/stats[39m
AggregateError [ECONNREFUSED]: 
    at internalConnectMultiple (node:net:1139:18)
    at afterConnectMultiple (node:net:1712:7)
[2m10:00:12 am[22m [31m[1m[vite][22m[39m [31mhttp proxy error: /api/claims[39m
AggregateError [ECONNREFUSED]: 
    at internalConnectMultiple (node:net:1139:18)
    at afterConnectMultiple (node:net:1712:7)
[2m10:00:13 am[22m [31m[1m[vite][22m[39m [31mhttp proxy error: /api/fraud-memory[39m
AggregateError [ECONNREFUSED]: 
    at internalConnectMultiple (node:net:1139:18)
    at afterConnectMultiple (node:net:1712:7)
[2m10:00:14 am[22m [31m[1m[vite][22m[39m [31mhttp proxy error: /api/fraud-memory[39m
AggregateError [ECONNREFUSED]: 
    at internalConnectMultiple (node:net:1139:18)
    at afterConnectMultiple (node:net:1712:7)
[2m10:00:16 am[22m [31m[1m[vite][22m[39m [31mhttp proxy error: /api/claims[39m
AggregateError [ECONNREFUSED]: 
    at internalConnectMultiple (node:net:1139:18)
    at afterConnectMultiple (node:net:1712:7)
[2m10:00:16 am[22m [31m[1m[vite][22m[39m [31mhttp proxy error: /api/health[39m
AggregateError [ECONNREFUSED]: 
    at internalConnectMultiple (node:net:1139:18)
    at afterConnectMultiple (node:net:1712:7)
[2m10:00:16 am[22m [31m[1m[vite][22m[39m [31mhttp proxy error: /api/stats[39m
AggregateError [ECONNREFUSED]: 
    at internalConnectMultiple (node:net:1139:18)
    at afterConnectMultiple (node:net:1712:7)
[2m10:00:17 am[22m [31m[1m[vite][22m[39m [31mhttp proxy error: /api/claims[39m
AggregateError [ECONNREFUSED]: 
    at internalConnectMultiple (node:net:1139:18)
    at afterConnectMultiple (node:net:1712:7)
[2m10:00:17 am[22m [31m[1m[vite][22m[39m [31mhttp proxy error: /api/health[39m
AggregateError [ECONNREFUSED]: 
    at internalConnectMultiple (node:net:1139:18)
    at afterConnectMultiple (node:net:1712:7)
[2m10:00:17 am[22m [31m[1m[vite][22m[39m [31mhttp proxy error: /api/stats[39m
AggregateError [ECONNREFUSED]: 
    at internalConnectMultiple (node:net:1139:18)
    at afterConnectMultiple (node:net:1712:7)
[2m10:00:21 am[22m [31m[1m[vite][22m[39m [31mhttp proxy error: /api/claims[39m
AggregateError [ECONNREFUSED]: 
    at internalConnectMultiple (node:net:1139:18)
    at afterConnectMultiple (node:net:1712:7)
[2m10:00:22 am[22m [31m[1m[vite][22m[39m [31mhttp proxy error: /api/claims[39m
AggregateError [ECONNREFUSED]: 
    at internalConnectMultiple (node:net:1139:18)
    at afterConnectMultiple (node:net:1712:7)
[2m10:00:22 am[22m [31m[1m[vite][22m[39m [31mhttp proxy error: /api/health[39m
AggregateError [ECONNREFUSED]: 
    at internalConnectMultiple (node:net:1139:18)
    at afterConnectMultiple (node:net:1712:7)
[2m10:00:22 am[22m [31m[1m[vite][22m[39m [31mhttp proxy error: /api/stats[39m
AggregateError [ECONNREFUSED]: 
    at internalConnectMultiple (node:net:1139:18)
    at afterConnectMultiple (node:net:1712:7)
[2m10:00:23 am[22m [31m[1m[vite][22m[39m [31mhttp proxy error: /api/health[39m
AggregateError [ECONNREFUSED]: 
    at internalConnectMultiple (node:net:1139:18)
    at afterConnectMultiple (node:net:1712:7)
[2m10:00:23 am[22m [31m[1m[vite][22m[39m [31mhttp proxy error: /api/stats[39m
AggregateError [ECONNREFUSED]: 
    at internalConnectMultiple (node:net:1139:18)
    at afterConnectMultiple (node:net:1712:7)
[2m10:00:24 am[22m [31m[1m[vite][22m[39m [31mhttp proxy error: /api/fraud-memory[39m
AggregateError [ECONNREFUSED]: 
    at internalConnectMultiple (node:net:1139:18)
    at afterConnectMultiple (node:net:1712:7)
[2m10:00:25 am[22m [31m[1m[vite][22m[39m [31mhttp proxy error: /api/fraud-memory[39m
AggregateError [ECONNREFUSED]: 
    at internalConnectMultiple (node:net:1139:18)
    at afterConnectMultiple (node:net:1712:7)
[2m10:00:26 am[22m [31m[1m[vite][22m[39m [31mhttp proxy error: /api/claims[39m
AggregateError [ECONNREFUSED]: 
    at internalConnectMultiple (node:net:1139:18)
    at afterConnectMultiple (node:net:1712:7)
[2m10:00:27 am[22m [31m[1m[vite][22m[39m [31mhttp proxy error: /api/claims[39m
AggregateError [ECONNREFUSED]: 
    at internalConnectMultiple (node:net:1139:18)
    at afterConnectMultiple (node:net:1712:7)
[2m10:00:28 am[22m [31m[1m[vite][22m[39m [31mhttp proxy error: /api/health[39m
AggregateError [ECONNREFUSED]: 
    at internalConnectMultiple (node:net:1139:18)
    at afterConnectMultiple (node:net:1712:7)
[2m10:00:28 am[22m [31m[1m[vite][22m[39m [31mhttp proxy error: /api/stats[39m
AggregateError [ECONNREFUSED]: 
    at internalConnectMultiple (node:net:1139:18)
    at afterConnectMultiple (node:net:1712:7)
[2m10:00:29 am[22m [31m[1m[vite][22m[39m [31mhttp proxy error: /api/health[39m
AggregateError [ECONNREFUSED]: 
    at internalConnectMultiple (node:net:1139:18)
    at afterConnectMultiple (node:net:1712:7)
[2m10:00:29 am[22m [31m[1m[vite][22m[39m [31mhttp proxy error: /api/stats[39m
AggregateError [ECONNREFUSED]: 
    at internalConnectMultiple (node:net:1139:18)
    at afterConnectMultiple (node:net:1712:7)
[2m10:00:31 am[22m [31m[1m[vite][22m[39m [31mhttp proxy error: /api/claims[39m
AggregateError [ECONNREFUSED]: 
    at internalConnectMultiple (node:net:1139:18)
    at afterConnectMultiple (node:net:1712:7)
[2m10:00:32 am[22m [31m[1m[vite][22m[39m [31mhttp proxy error: /api/claims[39m
AggregateError [ECONNREFUSED]: 
    at internalConnectMultiple (node:net:1139:18)
    at afterConnectMultiple (node:net:1712:7)
[2m10:00:34 am[22m [31m[1m[vite][22m[39m [31mhttp proxy error: /api/health[39m
AggregateError [ECONNREFUSED]: 
    at internalConnectMultiple (node:net:1139:18)
    at afterConnectMultiple (node:net:1712:7)
[2m10:00:34 am[22m [31m[1m[vite][22m[39m [31mhttp proxy error: /api/stats[39m
AggregateError [ECONNREFUSED]: 
    at internalConnectMultiple (node:net:1139:18)
    at afterConnectMultiple (node:net:1712:7)
[2m10:00:35 am[22m [31m[1m[vite][22m[39m [31mhttp proxy error: /api/health[39m
AggregateError [ECONNREFUSED]: 
    at internalConnectMultiple (node:net:1139:18)
    at afterConnectMultiple (node:net:1712:7)
[2m10:00:35 am[22m [31m[1m[vite][22m[39m [31mhttp proxy error: /api/stats[39m
AggregateError [ECONNREFUSED]: 
    at internalConnectMultiple (node:net:1139:18)
    at afterConnectMultiple (node:net:1712:7)
[2m10:00:35 am[22m [31m[1m[vite][22m[39m [31mhttp proxy error: /api/fraud-memory[39m
AggregateError [ECONNREFUSED]: 
    at internalConnectMultiple (node:net:1139:18)
    at afterConnectMultiple (node:net:1712:7)
[2m10:00:36 am[22m [31m[1m[vite][22m[39m [31mhttp proxy error: /api/claims[39m
AggregateError [ECONNREFUSED]: 
    at internalConnectMultiple (node:net:1139:18)
    at afterConnectMultiple (node:net:1712:7)
[2m10:00:36 am[22m [31m[1m[vite][22m[39m [31mhttp proxy error: /api/fraud-memory[39m
AggregateError [ECONNREFUSED]: 
    at internalConnectMultiple (node:net:1139:18)
    at afterConnectMultiple (node:net:1712:7)
[2m10:00:37 am[22m [31m[1m[vite][22m[39m [31mhttp proxy error: /api/claims[39m
AggregateError [ECONNREFUSED]: 
    at internalConnectMultiple (node:net:1139:18)
    at afterConnectMultiple (node:net:1712:7)
[2m10:00:40 am[22m [31m[1m[vite][22m[39m [31mhttp proxy error: /api/health[39m
AggregateError [ECONNREFUSED]: 
    at internalConnectMultiple (node:net:1139:18)
    at afterConnectMultiple (node:net:1712:7)
[2m10:00:40 am[22m [31m[1m[vite][22m[39m [31mhttp proxy error: /api/stats[39m
AggregateError [ECONNREFUSED]: 
    at internalConnectMultiple (node:net:1139:18)
    at afterConnectMultiple (node:net:1712:7)
[2m10:00:41 am[22m [31m[1m[vite][22m[39m [31mhttp proxy error: /api/health[39m
AggregateError [ECONNREFUSED]: 
    at internalConnectMultiple (node:net:1139:18)
    at afterConnectMultiple (node:net:1712:7)
[2m10:00:41 am[22m [31m[1m[vite][22m[39m [31mhttp proxy error: /api/stats[39m
AggregateError [ECONNREFUSED]: 
    at internalConnectMultiple (node:net:1139:18)
    at afterConnectMultiple (node:net:1712:7)
[2m10:00:41 am[22m [31m[1m[vite][22m[39m [31mhttp proxy error: /api/claims[39m
AggregateError [ECONNREFUSED]: 
    at internalConnectMultiple (node:net:1139:18)
    at afterConnectMultiple (node:net:1712:7)
[2m10:00:42 am[22m [31m[1m[vite][22m[39m [31mhttp proxy error: /api/claims[39m
AggregateError [ECONNREFUSED]: 
    at internalConnectMultiple (node:net:1139:18)
    at afterConnectMultiple (node:net:1712:7)
[2m10:00:46 am[22m [31m[1m[vite][22m[39m [31mhttp proxy error: /api/health[39m
AggregateError [ECONNREFUSED]: 
    at internalConnectMultiple (node:net:1139:18)
    at afterConnectMultiple (node:net:1712:7)
[2m10:00:46 am[22m [31m[1m[vite][22m[39m [31mhttp proxy error: /api/stats[39m
AggregateError [ECONNREFUSED]: 
    at internalConnectMultiple (node:net:1139:18)
    at afterConnectMultiple (node:net:1712:7)
[2m10:00:46 am[22m [31m[1m[vite][22m[39m [31mhttp proxy error: /api/claims[39m
AggregateError [ECONNREFUSED]: 
    at internalConnectMultiple (node:net:1139:18)
    at afterConnectMultiple (node:net:1712:7)
[2m10:00:46 am[22m [31m[1m[vite][22m[39m [31mhttp proxy error: /api/fraud-memory[39m
AggregateError [ECONNREFUSED]: 
    at internalConnectMultiple (node:net:1139:18)
    at afterConnectMultiple (node:net:1712:7)
[2m10:00:47 am[22m [31m[1m[vite][22m[39m [31mhttp proxy error: /api/health[39m
AggregateError [ECONNREFUSED]: 
    at internalConnectMultiple (node:net:1139:18)
    at afterConnectMultiple (node:net:1712:7)
[2m10:00:47 am[22m [31m[1m[vite][22m[39m [31mhttp proxy error: /api/stats[39m
AggregateError [ECONNREFUSED]: 
    at internalConnectMultiple (node:net:1139:18)
    at afterConnectMultiple (node:net:1712:7)
[2m10:00:47 am[22m [31m[1m[vite][22m[39m [31mhttp proxy error: /api/claims[39m
AggregateError [ECONNREFUSED]: 
    at internalConnectMultiple (node:net:1139:18)
    at afterConnectMultiple (node:net:1712:7)
[2m10:00:48 am[22m [31m[1m[vite][22m[39m [31mhttp proxy error: /api/fraud-memory[39m
AggregateError [ECONNREFUSED]: 
    at internalConnectMultiple (node:net:1139:18)
    at afterConnectMultiple (node:net:1712:7)
[2m10:00:51 am[22m [31m[1m[vite][22m[39m [31mhttp proxy error: /api/claims[39m
AggregateError [ECONNREFUSED]: 
    at internalConnectMultiple (node:net:1139:18)
    at afterConnectMultiple (node:net:1712:7)
[2m10:00:52 am[22m [31m[1m[vite][22m[39m [31mhttp proxy error: /api/health[39m
AggregateError [ECONNREFUSED]: 
    at internalConnectMultiple (node:net:1139:18)
    at afterConnectMultiple (node:net:1712:7)
[2m10:00:52 am[22m [31m[1m[vite][22m[39m [31mhttp proxy error: /api/stats[39m
AggregateError [ECONNREFUSED]: 
    at internalConnectMultiple (node:net:1139:18)
    at afterConnectMultiple (node:net:1712:7)
[2m10:00:52 am[22m [31m[1m[vite][22m[39m [31mhttp proxy error: /api/claims[39m
AggregateError [ECONNREFUSED]: 
    at internalConnectMultiple (node:net:1139:18)
    at afterConnectMultiple (node:net:1712:7)
[2m10:00:53 am[22m [31m[1m[vite][22m[39m [31mhttp proxy error: /api/health[39m
AggregateError [ECONNREFUSED]: 
    at internalConnectMultiple (node:net:1139:18)
    at afterConnectMultiple (node:net:1712:7)
[2m10:00:53 am[22m [31m[1m[vite][22m[39m [31mhttp proxy error: /api/stats[39m
AggregateError [ECONNREFUSED]: 
    at internalConnectMultiple (node:net:1139:18)
    at afterConnectMultiple (node:net:1712:7)
[2m10:00:56 am[22m [31m[1m[vite][22m[39m [31mhttp proxy error: /api/claims[39m
AggregateError [ECONNREFUSED]: 
    at internalConnectMultiple (node:net:1139:18)
    at afterConnectMultiple (node:net:1712:7)
[2m10:00:57 am[22m [31m[1m[vite][22m[39m [31mhttp proxy error: /api/claims[39m
AggregateError [ECONNREFUSED]: 
    at internalConnectMultiple (node:net:1139:18)
    at afterConnectMultiple (node:net:1712:7)
[2m10:00:58 am[22m [31m[1m[vite][22m[39m [31mhttp proxy error: /api/fraud-memory[39m
AggregateError [ECONNREFUSED]: 
    at internalConnectMultiple (node:net:1139:18)
    at afterConnectMultiple (node:net:1712:7)
[2m10:00:58 am[22m [31m[1m[vite][22m[39m [31mhttp proxy error: /api/health[39m
AggregateError [ECONNREFUSED]: 
    at internalConnectMultiple (node:net:1139:18)
    at afterConnectMultiple (node:net:1712:7)
[2m10:00:58 am[22m [31m[1m[vite][22m[39m [31mhttp proxy error: /api/stats[39m
AggregateError [ECONNREFUSED]: 
    at internalConnectMultiple (node:net:1139:18)
    at afterConnectMultiple (node:net:1712:7)
[2m10:00:59 am[22m [31m[1m[vite][22m[39m [31mhttp proxy error: /api/fraud-memory[39m
AggregateError [ECONNREFUSED]: 
    at internalConnectMultiple (node:net:1139:18)
    at afterConnectMultiple (node:net:1712:7)
[2m10:00:59 am[22m [31m[1m[vite][22m[39m [31mhttp proxy error: /api/health[39m
AggregateError [ECONNREFUSED]: 
    at internalConnectMultiple (node:net:1139:18)
    at afterConnectMultiple (node:net:1712:7)
[2m10:00:59 am[22m [31m[1m[vite][22m[39m [31mhttp proxy error: /api/stats[39m
AggregateError [ECONNREFUSED]: 
    at internalConnectMultiple (node:net:1139:18)
    at afterConnectMultiple (node:net:1712:7)
[2m10:01:01 am[22m [31m[1m[vite][22m[39m [31mhttp proxy error: /api/claims[39m
AggregateError [ECONNREFUSED]: 
    at internalConnectMultiple (node:net:1139:18)
    at afterConnectMultiple (node:net:1712:7)
[2m10:01:02 am[22m [31m[1m[vite][22m[39m [31mhttp proxy error: /api/claims[39m
AggregateError [ECONNREFUSED]: 
    at internalConnectMultiple (node:net:1139:18)
    at afterConnectMultiple (node:net:1712:7)
[2m10:01:04 am[22m [31m[1m[vite][22m[39m [31mhttp proxy error: /api/health[39m
AggregateError [ECONNREFUSED]: 
    at internalConnectMultiple (node:net:1139:18)
    at afterConnectMultiple (node:net:1712:7)
[2m10:01:04 am[22m [31m[1m[vite][22m[39m [31mhttp proxy error: /api/stats[39m
AggregateError [ECONNREFUSED]: 
    at internalConnectMultiple (node:net:1139:18)
    at afterConnectMultiple (node:net:1712:7)
[2m10:01:05 am[22m [31m[1m[vite][22m[39m [31mhttp proxy error: /api/health[39m
AggregateError [ECONNREFUSED]: 
    at internalConnectMultiple (node:net:1139:18)
    at afterConnectMultiple (node:net:1712:7)
[2m10:01:05 am[22m [31m[1m[vite][22m[39m [31mhttp proxy error: /api/stats[39m
AggregateError [ECONNREFUSED]: 
    at internalConnectMultiple (node:net:1139:18)
    at afterConnectMultiple (node:net:1712:7)
[2m10:01:06 am[22m [31m[1m[vite][22m[39m [31mhttp proxy error: /api/claims[39m
AggregateError [ECONNREFUSED]: 
    at internalConnectMultiple (node:net:1139:18)
    at afterConnectMultiple (node:net:1712:7)
[2m10:01:07 am[22m [31m[1m[vite][22m[39m [31mhttp proxy error: /api/claims[39m
AggregateError [ECONNREFUSED]: 
    at internalConnectMultiple (node:net:1139:18)
    at afterConnectMultiple (node:net:1712:7)
[2m10:01:09 am[22m [31m[1m[vite][22m[39m [31mhttp proxy error: /api/fraud-memory[39m
AggregateError [ECONNREFUSED]: 
    at internalConnectMultiple (node:net:1139:18)
    at afterConnectMultiple (node:net:1712:7)
[2m10:01:10 am[22m [31m[1m[vite][22m[39m [31mhttp proxy error: /api/fraud-memory[39m
AggregateError [ECONNREFUSED]: 
    at internalConnectMultiple (node:net:1139:18)
    at afterConnectMultiple (node:net:1712:7)
[2m10:01:10 am[22m [31m[1m[vite][22m[39m [31mhttp proxy error: /api/health[39m
AggregateError [ECONNREFUSED]: 
    at internalConnectMultiple (node:net:1139:18)
    at afterConnectMultiple (node:net:1712:7)
[2m10:01:10 am[22m [31m[1m[vite][22m[39m [31mhttp proxy error: /api/stats[39m
AggregateError [ECONNREFUSED]: 
    at internalConnectMultiple (node:net:1139:18)
    at afterConnectMultiple (node:net:1712:7)
[2m10:01:11 am[22m [31m[1m[vite][22m[39m [31mhttp proxy error: /api/health[39m
AggregateError [ECONNREFUSED]: 
    at internalConnectMultiple (node:net:1139:18)
    at afterConnectMultiple (node:net:1712:7)
[2m10:01:11 am[22m [31m[1m[vite][22m[39m [31mhttp proxy error: /api/stats[39m
AggregateError [ECONNREFUSED]: 
    at internalConnectMultiple (node:net:1139:18)
    at afterConnectMultiple (node:net:1712:7)
[2m10:01:11 am[22m [31m[1m[vite][22m[39m [31mhttp proxy error: /api/claims[39m
AggregateError [ECONNREFUSED]: 
    at internalConnectMultiple (node:net:1139:18)
    at afterConnectMultiple (node:net:1712:7)
[2m10:01:12 am[22m [31m[1m[vite][22m[39m [31mhttp proxy error: /api/claims[39m
AggregateError [ECONNREFUSED]: 
    at internalConnectMultiple (node:net:1139:18)
    at afterConnectMultiple (node:net:1712:7)
[2m10:01:16 am[22m [31m[1m[vite][22m[39m [31mhttp proxy error: /api/health[39m
AggregateError [ECONNREFUSED]: 
    at internalConnectMultiple (node:net:1139:18)
    at afterConnectMultiple (node:net:1712:7)
[2m10:01:16 am[22m [31m[1m[vite][22m[39m [31mhttp proxy error: /api/stats[39m
AggregateError [ECONNREFUSED]: 
    at internalConnectMultiple (node:net:1139:18)
    at afterConnectMultiple (node:net:1712:7)
[2m10:01:16 am[22m [31m[1m[vite][22m[39m [31mhttp proxy error: /api/claims[39m
AggregateError [ECONNREFUSED]: 
    at internalConnectMultiple (node:net:1139:18)
    at afterConnectMultiple (node:net:1712:7)
[2m10:01:17 am[22m [31m[1m[vite][22m[39m [31mhttp proxy error: /api/stats[39m
AggregateError [ECONNREFUSED]: 
    at internalConnectMultiple (node:net:1139:18)
    at afterConnectMultiple (node:net:1712:7)
[2m10:01:17 am[22m [31m[1m[vite][22m[39m [31mhttp proxy error: /api/health[39m
AggregateError [ECONNREFUSED]: 
    at internalConnectMultiple (node:net:1139:18)
    at afterConnectMultiple (node:net:1712:7)
[2m10:01:17 am[22m [31m[1m[vite][22m[39m [31mhttp proxy error: /api/claims[39m
AggregateError [ECONNREFUSED]: 
    at internalConnectMultiple (node:net:1139:18)
    at afterConnectMultiple (node:net:1712:7)
[2m10:01:20 am[22m [31m[1m[vite][22m[39m [31mhttp proxy error: /api/fraud-memory[39m
AggregateError [ECONNREFUSED]: 
    at internalConnectMultiple (node:net:1139:18)
    at afterConnectMultiple (node:net:1712:7)
[2m10:01:21 am[22m [31m[1m[vite][22m[39m [31mhttp proxy error: /api/fraud-memory[39m
AggregateError [ECONNREFUSED]: 
    at internalConnectMultiple (node:net:1139:18)
    at afterConnectMultiple (node:net:1712:7)
[2m10:01:21 am[22m [31m[1m[vite][22m[39m [31mhttp proxy error: /api/claims[39m
AggregateError [ECONNREFUSED]: 
    at internalConnectMultiple (node:net:1139:18)
    at afterConnectMultiple (node:net:1712:7)
[2m10:01:22 am[22m [31m[1m[vite][22m[39m [31mhttp proxy error: /api/stats[39m
AggregateError [ECONNREFUSED]: 
    at internalConnectMultiple (node:net:1139:18)
    at afterConnectMultiple (node:net:1712:7)
[2m10:01:22 am[22m [31m[1m[vite][22m[39m [31mhttp proxy error: /api/health[39m
AggregateError [ECONNREFUSED]: 
    at internalConnectMultiple (node:net:1139:18)
    at afterConnectMultiple (node:net:1712:7)
[2m10:01:22 am[22m [31m[1m[vite][22m[39m [31mhttp proxy error: /api/claims[39m
AggregateError [ECONNREFUSED]: 
    at internalConnectMultiple (node:net:1139:18)
    at afterConnectMultiple (node:net:1712:7)
[2m10:01:23 am[22m [31m[1m[vite][22m[39m [31mhttp proxy error: /api/stats[39m
AggregateError [ECONNREFUSED]: 
    at internalConnectMultiple (node:net:1139:18)
    at afterConnectMultiple (node:net:1712:7)
[2m10:01:23 am[22m [31m[1m[vite][22m[39m [31mhttp proxy error: /api/health[39m
AggregateError [ECONNREFUSED]: 
    at internalConnectMultiple (node:net:1139:18)
    at afterConnectMultiple (node:net:1712:7)
[2m10:01:26 am[22m [31m[1m[vite][22m[39m [31mhttp proxy error: /api/claims[39m
AggregateError [ECONNREFUSED]: 
    at internalConnectMultiple (node:net:1139:18)
    at afterConnectMultiple (node:net:1712:7)
[2m10:01:27 am[22m [31m[1m[vite][22m[39m [31mhttp proxy error: /api/claims[39m
AggregateError [ECONNREFUSED]: 
    at internalConnectMultiple (node:net:1139:18)
    at afterConnectMultiple (node:net:1712:7)
[2m10:01:28 am[22m [31m[1m[vite][22m[39m [31mhttp proxy error: /api/stats[39m
AggregateError [ECONNREFUSED]: 
    at internalConnectMultiple (node:net:1139:18)
    at afterConnectMultiple (node:net:1712:7)
[2m10:01:28 am[22m [31m[1m[vite][22m[39m [31mhttp proxy error: /api/health[39m
AggregateError [ECONNREFUSED]: 
    at internalConnectMultiple (node:net:1139:18)
    at afterConnectMultiple (node:net:1712:7)
[2m10:01:29 am[22m [31m[1m[vite][22m[39m [31mhttp proxy error: /api/health[39m
AggregateError [ECONNREFUSED]: 
    at internalConnectMultiple (node:net:1139:18)
    at afterConnectMultiple (node:net:1712:7)
[2m10:01:29 am[22m [31m[1m[vite][22m[39m [31mhttp proxy error: /api/stats[39m
AggregateError [ECONNREFUSED]: 
    at internalConnectMultiple (node:net:1139:18)
    at afterConnectMultiple (node:net:1712:7)
[2m10:01:31 am[22m [31m[1m[vite][22m[39m [31mhttp proxy error: /api/fraud-memory[39m
AggregateError [ECONNREFUSED]: 
    at internalConnectMultiple (node:net:1139:18)
    at afterConnectMultiple (node:net:1712:7)
[2m10:01:31 am[22m [31m[1m[vite][22m[39m [31mhttp proxy error: /api/claims[39m
AggregateError [ECONNREFUSED]: 
    at internalConnectMultiple (node:net:1139:18)
    at afterConnectMultiple (node:net:1712:7)
[2m10:01:32 am[22m [31m[1m[vite][22m[39m [31mhttp proxy error: /api/fraud-memory[39m
AggregateError [ECONNREFUSED]: 
    at internalConnectMultiple (node:net:1139:18)
    at afterConnectMultiple (node:net:1712:7)
[2m10:07:42 am[22m [31m[1m[vite][22m[39m [31mhttp proxy error: /api/fraud-memory[39m
AggregateError [ECONNREFUSED]: 
    at internalConnectMultiple (node:net:1139:18)
    at afterConnectMultiple (node:net:1712:7)
[2m10:07:43 am[22m [31m[1m[vite][22m[39m [31mhttp proxy error: /api/fraud-memory[39m
AggregateError [ECONNREFUSED]: 
    at internalConnectMultiple (node:net:1139:18)
    at afterConnectMultiple (node:net:1712:7)
[2m10:07:44 am[22m [31m[1m[vite][22m[39m [31mhttp proxy error: /api/claims[39m
AggregateError [ECONNREFUSED]: 
    at internalConnectMultiple (node:net:1139:18)
    at afterConnectMultiple (node:net:1712:7)
[2m10:07:45 am[22m [31m[1m[vite][22m[39m [31mhttp proxy error: /api/claims[39m
AggregateError [ECONNREFUSED]: 
    at internalConnectMultiple (node:net:1139:18)
    at afterConnectMultiple (node:net:1712:7)
[2m10:07:46 am[22m [31m[1m[vite][22m[39m [31mhttp proxy error: /api/health[39m
AggregateError [ECONNREFUSED]: 
    at internalConnectMultiple (node:net:1139:18)
    at afterConnectMultiple (node:net:1712:7)
[2m10:07:46 am[22m [31m[1m[vite][22m[39m [31mhttp proxy error: /api/stats[39m
AggregateError [ECONNREFUSED]: 
    at internalConnectMultiple (node:net:1139:18)
    at afterConnectMultiple (node:net:1712:7)
[2m10:07:47 am[22m [31m[1m[vite][22m[39m [31mhttp proxy error: /api/health[39m
AggregateError [ECONNREFUSED]: 
    at internalConnectMultiple (node:net:1139:18)
    at afterConnectMultiple (node:net:1712:7)
[2m10:07:47 am[22m [31m[1m[vite][22m[39m [31mhttp proxy error: /api/stats[39m
AggregateError [ECONNREFUSED]: 
    at internalConnectMultiple (node:net:1139:18)
    at afterConnectMultiple (node:net:1712:7)
[2m10:07:49 am[22m [31m[1m[vite][22m[39m [31mhttp proxy error: /api/claims[39m
AggregateError [ECONNREFUSED]: 
    at internalConnectMultiple (node:net:1139:18)
    at afterConnectMultiple (node:net:1712:7)
[2m10:07:50 am[22m [31m[1m[vite][22m[39m [31mhttp proxy error: /api/claims[39m
AggregateError [ECONNREFUSED]: 
    at internalConnectMultiple (node:net:1139:18)
    at afterConnectMultiple (node:net:1712:7)
[2m10:07:52 am[22m [31m[1m[vite][22m[39m [31mhttp proxy error: /api/health[39m
AggregateError [ECONNREFUSED]: 
    at internalConnectMultiple (node:net:1139:18)
    at afterConnectMultiple (node:net:1712:7)
[2m10:07:52 am[22m [31m[1m[vite][22m[39m [31mhttp proxy error: /api/stats[39m
AggregateError [ECONNREFUSED]: 
    at internalConnectMultiple (node:net:1139:18)
    at afterConnectMultiple (node:net:1712:7)
[2m10:07:53 am[22m [31m[1m[vite][22m[39m [31mhttp proxy error: /api/health[39m
AggregateError [ECONNREFUSED]: 
    at internalConnectMultiple (node:net:1139:18)
    at afterConnectMultiple (node:net:1712:7)
[2m10:07:53 am[22m [31m[1m[vite][22m[39m [31mhttp proxy error: /api/stats[39m
AggregateError [ECONNREFUSED]: 
    at internalConnectMultiple (node:net:1139:18)
    at afterConnectMultiple (node:net:1712:7)
[2m10:07:53 am[22m [31m[1m[vite][22m[39m [31mhttp proxy error: /api/fraud-memory[39m
AggregateError [ECONNREFUSED]: 
    at internalConnectMultiple (node:net:1139:18)
    at afterConnectMultiple (node:net:1712:7)
[2m10:07:54 am[22m [31m[1m[vite][22m[39m [31mhttp proxy error: /api/claims[39m
AggregateError [ECONNREFUSED]: 
    at internalConnectMultiple (node:net:1139:18)
    at afterConnectMultiple (node:net:1712:7)
[2m10:07:54 am[22m [31m[1m[vite][22m[39m [31mhttp proxy error: /api/fraud-memory[39m
AggregateError [ECONNREFUSED]: 
    at internalConnectMultiple (node:net:1139:18)
    at afterConnectMultiple (node:net:1712:7)
[2m10:07:55 am[22m [31m[1m[vite][22m[39m [31mhttp proxy error: /api/claims[39m
AggregateError [ECONNREFUSED]: 
    at internalConnectMultiple (node:net:1139:18)
    at afterConnectMultiple (node:net:1712:7)
[2m10:07:58 am[22m [31m[1m[vite][22m[39m [31mhttp proxy error: /api/health[39m
AggregateError [ECONNREFUSED]: 
    at internalConnectMultiple (node:net:1139:18)
    at afterConnectMultiple (node:net:1712:7)
[2m10:07:58 am[22m [31m[1m[vite][22m[39m [31mhttp proxy error: /api/stats[39m
AggregateError [ECONNREFUSED]: 
    at internalConnectMultiple (node:net:1139:18)
    at afterConnectMultiple (node:net:1712:7)
[2m10:07:59 am[22m [31m[1m[vite][22m[39m [31mhttp proxy error: /api/health[39m
AggregateError [ECONNREFUSED]: 
    at internalConnectMultiple (node:net:1139:18)
    at afterConnectMultiple (node:net:1712:7)
[2m10:07:59 am[22m [31m[1m[vite][22m[39m [31mhttp proxy error: /api/stats[39m
AggregateError [ECONNREFUSED]: 
    at internalConnectMultiple (node:net:1139:18)
    at afterConnectMultiple (node:net:1712:7)
[2m10:07:59 am[22m [31m[1m[vite][22m[39m [31mhttp proxy error: /api/claims[39m
AggregateError [ECONNREFUSED]: 
    at internalConnectMultiple (node:net:1139:18)
    at afterConnectMultiple (node:net:1712:7)
[2m10:08:00 am[22m [31m[1m[vite][22m[39m [31mhttp proxy error: /api/claims[39m
AggregateError [ECONNREFUSED]: 
    at internalConnectMultiple (node:net:1139:18)
    at afterConnectMultiple (node:net:1712:7)
[2m10:08:04 am[22m [31m[1m[vite][22m[39m [31mhttp proxy error: /api/health[39m
AggregateError [ECONNREFUSED]: 
    at internalConnectMultiple (node:net:1139:18)
    at afterConnectMultiple (node:net:1712:7)
[2m10:08:04 am[22m [31m[1m[vite][22m[39m [31mhttp proxy error: /api/stats[39m
AggregateError [ECONNREFUSED]: 
    at internalConnectMultiple (node:net:1139:18)
    at afterConnectMultiple (node:net:1712:7)
[2m10:08:04 am[22m [31m[1m[vite][22m[39m [31mhttp proxy error: /api/claims[39m
AggregateError [ECONNREFUSED]: 
    at internalConnectMultiple (node:net:1139:18)
    at afterConnectMultiple (node:net:1712:7)
[2m10:08:04 am[22m [31m[1m[vite][22m[39m [31mhttp proxy error: /api/fraud-memory[39m
AggregateError [ECONNREFUSED]: 
    at internalConnectMultiple (node:net:1139:18)
    at afterConnectMultiple (node:net:1712:7)
[2m10:08:05 am[22m [31m[1m[vite][22m[39m [31mhttp proxy error: /api/health[39m
AggregateError [ECONNREFUSED]: 
    at internalConnectMultiple (node:net:1139:18)
    at afterConnectMultiple (node:net:1712:7)
[2m10:08:05 am[22m [31m[1m[vite][22m[39m [31mhttp proxy error: /api/stats[39m
AggregateError [ECONNREFUSED]: 
    at internalConnectMultiple (node:net:1139:18)
    at afterConnectMultiple (node:net:1712:7)
[2m10:08:05 am[22m [31m[1m[vite][22m[39m [31mhttp proxy error: /api/claims[39m
AggregateError [ECONNREFUSED]: 
    at internalConnectMultiple (node:net:1139:18)
    at afterConnectMultiple (node:net:1712:7)
